aggregation,formula,dimension,layers,training_mask,testing_mask,total_nodes,total_positive,total_negative,tries,train_total_correct,train_ratio_correct,train_total_positive_correct,train_ratio_positive_correct,train_total_negative_correct,train_ratio_negative_correct,test_total_correct,test_ratio_correct,test_total_positive_correct,test_ratio_positive_correct,test_total_negative_correct,test_ratio_negative_correct,accuracies_by_neighbor_ranges_train,accuracies_by_neighbor_ranges_test,num_epochs,progress
max,psi_0,1,1,"[443, 221, 110, 73, 55, 44, 36, 31, 27, 24, 22, 20, 18, 17, 15, 14, 13, 13, 12, 11, 11]","[443, 222, 111, 74, 55, 44, 37, 32, 28, 25, 22, 20, 18, 17, 16, 15, 14, 13, 12, 12, 11]",9315,4644,4671,1,9115,1.0,4576,1.0,4539,1.0,9315,1.0,4644,1.0,4671,1.0,"  [  0-  4] root neighbors | nodes=2203 | accuracy=1.0000 / 1.0000 / 1.0000
  [  5-  9] root neighbors | nodes=2170 | accuracy=1.0000 / 1.0000 / 1.0000
  [ 10- 14] root neighbors | nodes=2174 | accuracy=1.0000 / 1.0000 / 1.0000
  [ 15- 19] root neighbors | nodes=2128 | accuracy=1.0000 / 1.0000 / 1.0000
  [ 20- 24] root neighbors | nodes= 440 | accuracy=1.0000 / 1.0000 / 1.0000
","  [  0-  4] root neighbors | nodes=2215 | accuracy=1.0000 / 1.0000 / 1.0000
  [  5-  9] root neighbors | nodes=2230 | accuracy=1.0000 / 1.0000 / 1.0000
  [ 10- 14] root neighbors | nodes=2202 | accuracy=1.0000 / 1.0000 / 1.0000
  [ 15- 19] root neighbors | nodes=2228 | accuracy=1.0000 / 1.0000 / 1.0000
  [ 20- 24] root neighbors | nodes= 440 | accuracy=1.0000 / 1.0000 / 1.0000
",40,"Epoch 040
Loss: 0.0268 
Train Acc: 9115/9115 (100.00%) 
Test Acc:  9315/9315 (100.00%) 
Train Positive Acc: 4576/4576 (100.00%) 
Test Positive Acc:  4644/4644 (100.00%) 
Train Negative Acc: 4539/4539 (100.00%) 
Test Negative Acc:  4671/4671 (100.00%) 

"
sum,psi_0,1,1,"[443, 221, 110, 73, 55, 44, 36, 31, 27, 24, 22, 20, 18, 17, 15, 14, 13, 13, 12, 11, 11]","[443, 222, 111, 74, 55, 44, 37, 32, 28, 25, 22, 20, 18, 17, 16, 15, 14, 13, 12, 12, 11]",9315,4644,4671,1,9115,1.0,4576,1.0,4539,1.0,9315,1.0,4644,1.0,4671,1.0,"  [  0-  4] root neighbors | nodes=2203 | accuracy=1.0000 / 1.0000 / 1.0000
  [  5-  9] root neighbors | nodes=2170 | accuracy=1.0000 / 1.0000 / 1.0000
  [ 10- 14] root neighbors | nodes=2174 | accuracy=1.0000 / 1.0000 / 1.0000
  [ 15- 19] root neighbors | nodes=2128 | accuracy=1.0000 / 1.0000 / 1.0000
  [ 20- 24] root neighbors | nodes= 440 | accuracy=1.0000 / 1.0000 / 1.0000
","  [  0-  4] root neighbors | nodes=2215 | accuracy=1.0000 / 1.0000 / 1.0000
  [  5-  9] root neighbors | nodes=2230 | accuracy=1.0000 / 1.0000 / 1.0000
  [ 10- 14] root neighbors | nodes=2202 | accuracy=1.0000 / 1.0000 / 1.0000
  [ 15- 19] root neighbors | nodes=2228 | accuracy=1.0000 / 1.0000 / 1.0000
  [ 20- 24] root neighbors | nodes= 440 | accuracy=1.0000 / 1.0000 / 1.0000
",40,"Epoch 040
Loss: 0.0285 
Train Acc: 9115/9115 (100.00%) 
Test Acc:  9315/9315 (100.00%) 
Train Positive Acc: 4576/4576 (100.00%) 
Test Positive Acc:  4644/4644 (100.00%) 
Train Negative Acc: 4539/4539 (100.00%) 
Test Negative Acc:  4671/4671 (100.00%) 

"
mean,psi_0,1,1,"[443, 221, 110, 73, 55, 44, 36, 31, 27, 24, 22, 20, 18, 17, 15, 14, 13, 13, 12, 11, 11]","[443, 222, 111, 74, 55, 44, 37, 32, 28, 25, 22, 20, 18, 17, 16, 15, 14, 13, 12, 12, 11]",9315,4644,4671,1,9115,1.0,4576,1.0,4539,1.0,9315,1.0,4644,1.0,4671,1.0,"  [  0-  4] root neighbors | nodes=2203 | accuracy=1.0000 / 1.0000 / 1.0000
  [  5-  9] root neighbors | nodes=2170 | accuracy=1.0000 / 1.0000 / 1.0000
  [ 10- 14] root neighbors | nodes=2174 | accuracy=1.0000 / 1.0000 / 1.0000
  [ 15- 19] root neighbors | nodes=2128 | accuracy=1.0000 / 1.0000 / 1.0000
  [ 20- 24] root neighbors | nodes= 440 | accuracy=1.0000 / 1.0000 / 1.0000
","  [  0-  4] root neighbors | nodes=2215 | accuracy=1.0000 / 1.0000 / 1.0000
  [  5-  9] root neighbors | nodes=2230 | accuracy=1.0000 / 1.0000 / 1.0000
  [ 10- 14] root neighbors | nodes=2202 | accuracy=1.0000 / 1.0000 / 1.0000
  [ 15- 19] root neighbors | nodes=2228 | accuracy=1.0000 / 1.0000 / 1.0000
  [ 20- 24] root neighbors | nodes= 440 | accuracy=1.0000 / 1.0000 / 1.0000
",40,"Epoch 040
Loss: 0.0249 
Train Acc: 9115/9115 (100.00%) 
Test Acc:  9315/9315 (100.00%) 
Train Positive Acc: 4576/4576 (100.00%) 
Test Positive Acc:  4644/4644 (100.00%) 
Train Negative Acc: 4539/4539 (100.00%) 
Test Negative Acc:  4671/4671 (100.00%) 

"
max,psi_1,4,4,"[443, 221, 110, 73, 55, 44, 36, 31, 27, 24, 22, 20, 18, 17, 15, 14, 13, 13, 12, 11, 11]","[443, 222, 111, 74, 55, 44, 37, 32, 28, 25, 22, 20, 18, 17, 16, 15, 14, 13, 12, 12, 11]",9315,6213,3102,1,9108,0.9992,6300,1.0,2808,0.9975,9308,0.9992,6213,1.0,3095,0.9977,"  [  0-  4] root neighbors | nodes=2203 | accuracy=1.0000 / 1.0000 / 1.0000
  [  5-  9] root neighbors | nodes=2170 | accuracy=0.9968 / 1.0000 / 0.9890
  [ 10- 14] root neighbors | nodes=2174 | accuracy=1.0000 / 1.0000 / 1.0000
  [ 15- 19] root neighbors | nodes=2128 | accuracy=1.0000 / 1.0000 / 1.0000
  [ 20- 24] root neighbors | nodes= 440 | accuracy=1.0000 / 1.0000 / 1.0000
","  [  0-  4] root neighbors | nodes=2215 | accuracy=1.0000 / 1.0000 / 1.0000
  [  5-  9] root neighbors | nodes=2230 | accuracy=0.9969 / 1.0000 / 0.9901
  [ 10- 14] root neighbors | nodes=2202 | accuracy=1.0000 / 1.0000 / 1.0000
  [ 15- 19] root neighbors | nodes=2228 | accuracy=1.0000 / 1.0000 / 1.0000
  [ 20- 24] root neighbors | nodes= 440 | accuracy=1.0000 / 1.0000 / 1.0000
",200,"Epoch 040
Loss: 0.0686 
Train Acc: 9092/9115 (99.75%) 
Test Acc:  9302/9315 (99.86%) 
Train Positive Acc: 6300/6300 (100.00%) 
Test Positive Acc:  6213/6213 (100.00%) 
Train Negative Acc: 2792/2815 (99.18%) 
Test Negative Acc:  3089/3102 (99.58%) 

Epoch 080
Loss: 0.0241 
Train Acc: 9108/9115 (99.92%) 
Test Acc:  9308/9315 (99.92%) 
Train Positive Acc: 6300/6300 (100.00%) 
Test Positive Acc:  6213/6213 (100.00%) 
Train Negative Acc: 2808/2815 (99.75%) 
Test Negative Acc:  3095/3102 (99.77%) 

Epoch 120
Loss: 0.0138 
Train Acc: 9108/9115 (99.92%) 
Test Acc:  9308/9315 (99.92%) 
Train Positive Acc: 6300/6300 (100.00%) 
Test Positive Acc:  6213/6213 (100.00%) 
Train Negative Acc: 2808/2815 (99.75%) 
Test Negative Acc:  3095/3102 (99.77%) 

Epoch 160
Loss: 0.0100 
Train Acc: 9108/9115 (99.92%) 
Test Acc:  9308/9315 (99.92%) 
Train Positive Acc: 6300/6300 (100.00%) 
Test Positive Acc:  6213/6213 (100.00%) 
Train Negative Acc: 2808/2815 (99.75%) 
Test Negative Acc:  3095/3102 (99.77%) 

Epoch 200
Loss: 0.0079 
Train Acc: 9108/9115 (99.92%) 
Test Acc:  9308/9315 (99.92%) 
Train Positive Acc: 6300/6300 (100.00%) 
Test Positive Acc:  6213/6213 (100.00%) 
Train Negative Acc: 2808/2815 (99.75%) 
Test Negative Acc:  3095/3102 (99.77%) 

"
sum,psi_1,4,4,"[443, 221, 110, 73, 55, 44, 36, 31, 27, 24, 22, 20, 18, 17, 15, 14, 13, 13, 12, 11, 11]","[443, 222, 111, 74, 55, 44, 37, 32, 28, 25, 22, 20, 18, 17, 16, 15, 14, 13, 12, 12, 11]",9315,6213,3102,3,7690,0.8437,6172,0.9797,1518,0.5393,7592,0.815,6083,0.9791,1509,0.4865,"  [  0-  4] root neighbors | nodes=2203 | accuracy=0.8752 / 0.9124 / 0.8559
  [  5-  9] root neighbors | nodes=2170 | accuracy=0.7931 / 0.9778 / 0.3495
  [ 10- 14] root neighbors | nodes=2174 | accuracy=0.8436 / 0.9927 / 0.1417
  [ 15- 19] root neighbors | nodes=2128 | accuracy=0.8586 / 0.9919 / 0.0
  [ 20- 24] root neighbors | nodes= 440 | accuracy=0.8636 / 1.0000 / 0.0
","  [  0-  4] root neighbors | nodes=2215 | accuracy=0.8740 / 0.9152 / 0.8527
  [  5-  9] root neighbors | nodes=2230 | accuracy=0.7583 / 0.9659 / 0.3112
  [ 10- 14] root neighbors | nodes=2202 | accuracy=0.8084 / 0.9920 / 0.0973
  [ 15- 19] root neighbors | nodes=2228 | accuracy=0.8371 / 1.0000 / 0.0
  [ 20- 24] root neighbors | nodes= 440 | accuracy=0.7273 / 1.0000 / 0.0
",200,"Epoch 040
Loss: 0.3144 
Train Acc: 7575/9115 (83.10%) 
Test Acc:  7580/9315 (81.37%) 
Train Positive Acc: 6134/6300 (97.37%) 
Test Positive Acc:  6104/6213 (98.25%) 
Train Negative Acc: 1441/2815 (51.19%) 
Test Negative Acc:  1476/3102 (47.58%) 

Epoch 080
Loss: 0.2162 
Train Acc: 7755/9115 (85.08%) 
Test Acc:  7691/9315 (82.57%) 
Train Positive Acc: 6096/6300 (96.76%) 
Test Positive Acc:  6013/6213 (96.78%) 
Train Negative Acc: 1659/2815 (58.93%) 
Test Negative Acc:  1678/3102 (54.09%) 

Epoch 120
Loss: 0.2099 
Train Acc: 7717/9115 (84.66%) 
Test Acc:  7638/9315 (82.00%) 
Train Positive Acc: 6171/6300 (97.95%) 
Test Positive Acc:  6070/6213 (97.70%) 
Train Negative Acc: 1546/2815 (54.92%) 
Test Negative Acc:  1568/3102 (50.55%) 

Epoch 160
Loss: 0.2191 
Train Acc: 7696/9115 (84.43%) 
Test Acc:  7616/9315 (81.76%) 
Train Positive Acc: 6152/6300 (97.65%) 
Test Positive Acc:  6079/6213 (97.84%) 
Train Negative Acc: 1544/2815 (54.85%) 
Test Negative Acc:  1537/3102 (49.55%) 

Epoch 200
Loss: 0.2156 
Train Acc: 7690/9115 (84.37%) 
Test Acc:  7592/9315 (81.50%) 
Train Positive Acc: 6172/6300 (97.97%) 
Test Positive Acc:  6083/6213 (97.91%) 
Train Negative Acc: 1518/2815 (53.93%) 
Test Negative Acc:  1509/3102 (48.65%) 

"
mean,psi_1,4,4,"[443, 221, 110, 73, 55, 44, 36, 31, 27, 24, 22, 20, 18, 17, 15, 14, 13, 13, 12, 11, 11]","[443, 222, 111, 74, 55, 44, 37, 32, 28, 25, 22, 20, 18, 17, 16, 15, 14, 13, 12, 12, 11]",9315,6213,3102,2,8436,0.9255,5842,0.9273,2594,0.9215,8457,0.9079,5751,0.9256,2706,0.8723,"  [  0-  4] root neighbors | nodes=2203 | accuracy=0.9673 / 0.9960 / 0.9524
  [  5-  9] root neighbors | nodes=2170 | accuracy=0.9447 / 0.9739 / 0.8746
  [ 10- 14] root neighbors | nodes=2174 | accuracy=0.8947 / 0.8823 / 0.9528
  [ 15- 19] root neighbors | nodes=2128 | accuracy=0.8882 / 0.8893 / 0.8811
  [ 20- 24] root neighbors | nodes= 440 | accuracy=0.9545 / 1.0000 / 0.6667
","  [  0-  4] root neighbors | nodes=2215 | accuracy=0.9661 / 0.9960 / 0.9507
  [  5-  9] root neighbors | nodes=2230 | accuracy=0.9372 / 0.9790 / 0.8472
  [ 10- 14] root neighbors | nodes=2202 | accuracy=0.8801 / 0.9074 / 0.7743
  [ 15- 19] root neighbors | nodes=2228 | accuracy=0.8748 / 0.8794 / 0.8512
  [ 20- 24] root neighbors | nodes= 440 | accuracy=0.7727 / 0.8750 / 0.5000
",200,"Epoch 040
Loss: 0.2751 
Train Acc: 6942/9115 (76.16%) 
Test Acc:  7128/9315 (76.52%) 
Train Positive Acc: 4767/6300 (75.67%) 
Test Positive Acc:  4835/6213 (77.82%) 
Train Negative Acc: 2175/2815 (77.26%) 
Test Negative Acc:  2293/3102 (73.92%) 

Epoch 080
Loss: 0.2185 
Train Acc: 7246/9115 (79.50%) 
Test Acc:  7435/9315 (79.82%) 
Train Positive Acc: 5122/6300 (81.30%) 
Test Positive Acc:  5220/6213 (84.02%) 
Train Negative Acc: 2124/2815 (75.45%) 
Test Negative Acc:  2215/3102 (71.41%) 

Epoch 120
Loss: 0.1763 
Train Acc: 7600/9115 (83.38%) 
Test Acc:  7593/9315 (81.51%) 
Train Positive Acc: 5489/6300 (87.13%) 
Test Positive Acc:  5471/6213 (88.06%) 
Train Negative Acc: 2111/2815 (74.99%) 
Test Negative Acc:  2122/3102 (68.41%) 

Epoch 160
Loss: 0.1404 
Train Acc: 7925/9115 (86.94%) 
Test Acc:  7834/9315 (84.10%) 
Train Positive Acc: 5555/6300 (88.17%) 
Test Positive Acc:  5490/6213 (88.36%) 
Train Negative Acc: 2370/2815 (84.19%) 
Test Negative Acc:  2344/3102 (75.56%) 

Epoch 200
Loss: 0.0923 
Train Acc: 8436/9115 (92.55%) 
Test Acc:  8457/9315 (90.79%) 
Train Positive Acc: 5842/6300 (92.73%) 
Test Positive Acc:  5751/6213 (92.56%) 
Train Negative Acc: 2594/2815 (92.15%) 
Test Negative Acc:  2706/3102 (87.23%) 

"
max,psi_2,7,7,"[443, 221, 110, 73, 55, 44, 36, 31, 27, 24, 22, 20, 18, 17, 15, 14, 13, 13, 12, 11, 11]","[443, 222, 111, 74, 55, 44, 37, 32, 28, 25, 22, 20, 18, 17, 16, 15, 14, 13, 12, 12, 11]",9315,1986,7329,1,8743,0.9592,1345,0.7833,7398,1.0,8893,0.9547,1564,0.7875,7329,1.0,"  [  0-  4] root neighbors | nodes=2203 | accuracy=0.9700 / 0.8664 / 1.0000
  [  5-  9] root neighbors | nodes=2170 | accuracy=0.9290 / 0.7072 / 1.0000
  [ 10- 14] root neighbors | nodes=2174 | accuracy=0.9779 / 0.8782 / 1.0000
  [ 15- 19] root neighbors | nodes=2128 | accuracy=0.9699 / 0.7130 / 1.0000
  [ 20- 24] root neighbors | nodes= 440 | accuracy=0.9091 / 0.5000 / 1.0000
","  [  0-  4] root neighbors | nodes=2215 | accuracy=0.9702 / 0.8675 / 1.0000
  [  5-  9] root neighbors | nodes=2230 | accuracy=0.9166 / 0.6593 / 1.0000
  [ 10- 14] root neighbors | nodes=2202 | accuracy=0.9537 / 0.8075 / 1.0000
  [ 15- 19] root neighbors | nodes=2228 | accuracy=0.9695 / 0.8172 / 1.0000
  [ 20- 24] root neighbors | nodes= 440 | accuracy=1.0000 / 1.0000 / 1.0000
",200,"Epoch 040
Loss: 0.3831 
Train Acc: 7398/9115 (81.16%) 
Test Acc:  7329/9315 (78.68%) 
Train Positive Acc: 0/1717 (0.00%) 
Test Positive Acc:  0/1986 (0.00%) 
Train Negative Acc: 7398/7398 (100.00%) 
Test Negative Acc:  7329/7329 (100.00%) 

Epoch 080
Loss: 0.2510 
Train Acc: 7398/9115 (81.16%) 
Test Acc:  7329/9315 (78.68%) 
Train Positive Acc: 0/1717 (0.00%) 
Test Positive Acc:  0/1986 (0.00%) 
Train Negative Acc: 7398/7398 (100.00%) 
Test Negative Acc:  7329/7329 (100.00%) 

Epoch 120
Loss: 0.1434 
Train Acc: 8725/9115 (95.72%) 
Test Acc:  8849/9315 (95.00%) 
Train Positive Acc: 1355/1717 (78.92%) 
Test Positive Acc:  1562/1986 (78.65%) 
Train Negative Acc: 7370/7398 (99.62%) 
Test Negative Acc:  7287/7329 (99.43%) 

Epoch 160
Loss: 0.1067 
Train Acc: 8742/9115 (95.91%) 
Test Acc:  8892/9315 (95.46%) 
Train Positive Acc: 1345/1717 (78.33%) 
Test Positive Acc:  1564/1986 (78.75%) 
Train Negative Acc: 7397/7398 (99.99%) 
Test Negative Acc:  7328/7329 (99.99%) 

Epoch 200
Loss: 0.0963 
Train Acc: 8743/9115 (95.92%) 
Test Acc:  8893/9315 (95.47%) 
Train Positive Acc: 1345/1717 (78.33%) 
Test Positive Acc:  1564/1986 (78.75%) 
Train Negative Acc: 7398/7398 (100.00%) 
Test Negative Acc:  7329/7329 (100.00%) 

"
sum,psi_2,7,7,"[443, 221, 110, 73, 55, 44, 36, 31, 27, 24, 22, 20, 18, 17, 15, 14, 13, 13, 12, 11, 11]","[443, 222, 111, 74, 55, 44, 37, 32, 28, 25, 22, 20, 18, 17, 16, 15, 14, 13, 12, 12, 11]",9315,1986,7329,3,7410,0.8129,12,0.007,7398,1.0,7341,0.7881,12,0.006,7329,1.0,"  [  0-  4] root neighbors | nodes=2203 | accuracy=0.7812 / 0.0243 / 1.0000
  [  5-  9] root neighbors | nodes=2170 | accuracy=0.7576 / 0.0 / 1.0000
  [ 10- 14] root neighbors | nodes=2174 | accuracy=0.8188 / 0.0 / 1.0000
  [ 15- 19] root neighbors | nodes=2128 | accuracy=0.8952 / 0.0 / 1.0000
  [ 20- 24] root neighbors | nodes= 440 | accuracy=0.8182 / 0.0 / 1.0000
","  [  0-  4] root neighbors | nodes=2215 | accuracy=0.7806 / 0.0241 / 1.0000
  [  5-  9] root neighbors | nodes=2230 | accuracy=0.7552 / 0.0 / 1.0000
  [ 10- 14] root neighbors | nodes=2202 | accuracy=0.7593 / 0.0 / 1.0000
  [ 15- 19] root neighbors | nodes=2228 | accuracy=0.8330 / 0.0 / 1.0000
  [ 20- 24] root neighbors | nodes= 440 | accuracy=0.9091 / 0.0 / 1.0000
",200,"Epoch 040
Loss: 0.2467 
Train Acc: 7596/9115 (83.34%) 
Test Acc:  7530/9315 (80.84%) 
Train Positive Acc: 242/1717 (14.09%) 
Test Positive Acc:  245/1986 (12.34%) 
Train Negative Acc: 7354/7398 (99.41%) 
Test Negative Acc:  7285/7329 (99.40%) 

Epoch 080
Loss: 0.2259 
Train Acc: 7624/9115 (83.64%) 
Test Acc:  7555/9315 (81.11%) 
Train Positive Acc: 232/1717 (13.51%) 
Test Positive Acc:  232/1986 (11.68%) 
Train Negative Acc: 7392/7398 (99.92%) 
Test Negative Acc:  7323/7329 (99.92%) 

Epoch 120
Loss: 0.4958 
Train Acc: 7397/9115 (81.15%) 
Test Acc:  7329/9315 (78.68%) 
Train Positive Acc: 110/1717 (6.41%) 
Test Positive Acc:  111/1986 (5.59%) 
Train Negative Acc: 7287/7398 (98.50%) 
Test Negative Acc:  7218/7329 (98.49%) 

Epoch 160
Loss: 0.3647 
Train Acc: 7410/9115 (81.29%) 
Test Acc:  7341/9315 (78.81%) 
Train Positive Acc: 12/1717 (0.70%) 
Test Positive Acc:  12/1986 (0.60%) 
Train Negative Acc: 7398/7398 (100.00%) 
Test Negative Acc:  7329/7329 (100.00%) 

Epoch 200
Loss: 0.3388 
Train Acc: 7410/9115 (81.29%) 
Test Acc:  7341/9315 (78.81%) 
Train Positive Acc: 12/1717 (0.70%) 
Test Positive Acc:  12/1986 (0.60%) 
Train Negative Acc: 7398/7398 (100.00%) 
Test Negative Acc:  7329/7329 (100.00%) 

"
mean,psi_2,7,7,"[443, 221, 110, 73, 55, 44, 36, 31, 27, 24, 22, 20, 18, 17, 15, 14, 13, 13, 12, 11, 11]","[443, 222, 111, 74, 55, 44, 37, 32, 28, 25, 22, 20, 18, 17, 16, 15, 14, 13, 12, 12, 11]",9315,1986,7329,1,8290,0.9095,1224,0.7129,7066,0.9551,8308,0.8919,1413,0.7115,6895,0.9408,"  [  0-  4] root neighbors | nodes=2203 | accuracy=0.8847 / 0.6680 / 0.9473
  [  5-  9] root neighbors | nodes=2170 | accuracy=0.8627 / 0.6825 / 0.9203
  [ 10- 14] root neighbors | nodes=2174 | accuracy=0.9618 / 0.8528 / 0.9860
  [ 15- 19] root neighbors | nodes=2128 | accuracy=0.9342 / 0.7130 / 0.9601
  [ 20- 24] root neighbors | nodes= 440 | accuracy=0.8864 / 0.5000 / 0.9722
","  [  0-  4] root neighbors | nodes=2215 | accuracy=0.8840 / 0.6707 / 0.9458
  [  5-  9] root neighbors | nodes=2230 | accuracy=0.8453 / 0.6026 / 0.9240
  [ 10- 14] root neighbors | nodes=2202 | accuracy=0.9028 / 0.7660 / 0.9462
  [ 15- 19] root neighbors | nodes=2228 | accuracy=0.9259 / 0.8172 / 0.9477
  [ 20- 24] root neighbors | nodes= 440 | accuracy=0.9409 / 1.0000 / 0.9350
",200,"Epoch 040
Loss: 0.2026 
Train Acc: 7633/9115 (83.74%) 
Test Acc:  7678/9315 (82.43%) 
Train Positive Acc: 649/1717 (37.80%) 
Test Positive Acc:  723/1986 (36.40%) 
Train Negative Acc: 6984/7398 (94.40%) 
Test Negative Acc:  6955/7329 (94.90%) 

Epoch 080
Loss: 0.1313 
Train Acc: 8233/9115 (90.32%) 
Test Acc:  8396/9315 (90.13%) 
Train Positive Acc: 1084/1717 (63.13%) 
Test Positive Acc:  1289/1986 (64.90%) 
Train Negative Acc: 7149/7398 (96.63%) 
Test Negative Acc:  7107/7329 (96.97%) 

Epoch 120
Loss: 0.0519 
Train Acc: 8870/9115 (97.31%) 
Test Acc:  9120/9315 (97.91%) 
Train Positive Acc: 1503/1717 (87.54%) 
Test Positive Acc:  1857/1986 (93.50%) 
Train Negative Acc: 7367/7398 (99.58%) 
Test Negative Acc:  7263/7329 (99.10%) 

Epoch 160
Loss: 0.0227 
Train Acc: 8961/9115 (98.31%) 
Test Acc:  9118/9315 (97.89%) 
Train Positive Acc: 1598/1717 (93.07%) 
Test Positive Acc:  1892/1986 (95.27%) 
Train Negative Acc: 7363/7398 (99.53%) 
Test Negative Acc:  7226/7329 (98.59%) 

Epoch 200
Loss: 0.0744 
Train Acc: 8290/9115 (90.95%) 
Test Acc:  8308/9315 (89.19%) 
Train Positive Acc: 1224/1717 (71.29%) 
Test Positive Acc:  1413/1986 (71.15%) 
Train Negative Acc: 7066/7398 (95.51%) 
Test Negative Acc:  6895/7329 (94.08%) 

"
max,psi_3,2,2,"[443, 221, 110, 73, 55, 44, 36, 31, 27, 24, 22, 20, 18, 17, 15, 14, 13, 13, 12, 11, 11]","[443, 222, 111, 74, 55, 44, 37, 32, 28, 25, 22, 20, 18, 17, 16, 15, 14, 13, 12, 12, 11]",9315,5152,4163,3,6940,0.7614,3862,0.7866,3078,0.732,6960,0.7472,4052,0.7865,2908,0.6985,"  [  0-  4] root neighbors | nodes=2203 | accuracy=0.8616 / 0.4000 / 0.8745
  [  5-  9] root neighbors | nodes=2170 | accuracy=0.6157 / 0.7015 / 0.5303
  [ 10- 14] root neighbors | nodes=2174 | accuracy=0.7162 / 0.7377 / 0.6629
  [ 15- 19] root neighbors | nodes=2128 | accuracy=0.8219 / 0.8635 / 0.6092
  [ 20- 24] root neighbors | nodes= 440 | accuracy=0.9091 / 0.9091 / 0.0
","  [  0-  4] root neighbors | nodes=2215 | accuracy=0.8591 / 0.3750 / 0.8735
  [  5-  9] root neighbors | nodes=2230 | accuracy=0.6117 / 0.7042 / 0.5255
  [ 10- 14] root neighbors | nodes=2202 | accuracy=0.7325 / 0.8171 / 0.5067
  [ 15- 19] root neighbors | nodes=2228 | accuracy=0.7989 / 0.8298 / 0.4407
  [ 20- 24] root neighbors | nodes= 440 | accuracy=0.6818 / 0.7222 / 0.5000
",200,"Epoch 040
Loss: 0.3459 
Train Acc: 4205/9115 (46.13%) 
Test Acc:  4163/9315 (44.69%) 
Train Positive Acc: 0/4910 (0.00%) 
Test Positive Acc:  0/5152 (0.00%) 
Train Negative Acc: 4205/4205 (100.00%) 
Test Negative Acc:  4163/4163 (100.00%) 

Epoch 080
Loss: 0.2756 
Train Acc: 6278/9115 (68.88%) 
Test Acc:  6262/9315 (67.22%) 
Train Positive Acc: 2935/4910 (59.78%) 
Test Positive Acc:  3044/5152 (59.08%) 
Train Negative Acc: 3343/4205 (79.50%) 
Test Negative Acc:  3218/4163 (77.30%) 

Epoch 120
Loss: 0.2666 
Train Acc: 6278/9115 (68.88%) 
Test Acc:  6262/9315 (67.22%) 
Train Positive Acc: 2935/4910 (59.78%) 
Test Positive Acc:  3044/5152 (59.08%) 
Train Negative Acc: 3343/4205 (79.50%) 
Test Negative Acc:  3218/4163 (77.30%) 

Epoch 160
Loss: 0.2628 
Train Acc: 6940/9115 (76.14%) 
Test Acc:  6960/9315 (74.72%) 
Train Positive Acc: 3862/4910 (78.66%) 
Test Positive Acc:  4052/5152 (78.65%) 
Train Negative Acc: 3078/4205 (73.20%) 
Test Negative Acc:  2908/4163 (69.85%) 

Epoch 200
Loss: 0.2608 
Train Acc: 6940/9115 (76.14%) 
Test Acc:  6960/9315 (74.72%) 
Train Positive Acc: 3862/4910 (78.66%) 
Test Positive Acc:  4052/5152 (78.65%) 
Train Negative Acc: 3078/4205 (73.20%) 
Test Negative Acc:  2908/4163 (69.85%) 

"
sum,psi_3,2,2,"[443, 221, 110, 73, 55, 44, 36, 31, 27, 24, 22, 20, 18, 17, 15, 14, 13, 13, 12, 11, 11]","[443, 222, 111, 74, 55, 44, 37, 32, 28, 25, 22, 20, 18, 17, 16, 15, 14, 13, 12, 12, 11]",9315,5152,4163,1,9077,0.9958,4910,1.0,4167,0.991,9307,0.9991,5152,1.0,4155,0.9981,"  [  0-  4] root neighbors | nodes=2203 | accuracy=1.0000 / 1.0000 / 1.0000
  [  5-  9] root neighbors | nodes=2170 | accuracy=1.0000 / 1.0000 / 1.0000
  [ 10- 14] root neighbors | nodes=2174 | accuracy=1.0000 / 1.0000 / 1.0000
  [ 15- 19] root neighbors | nodes=2128 | accuracy=0.9821 / 1.0000 / 0.8908
  [ 20- 24] root neighbors | nodes= 440 | accuracy=1.0000 / 1.0000 / 0.0
","  [  0-  4] root neighbors | nodes=2215 | accuracy=1.0000 / 1.0000 / 1.0000
  [  5-  9] root neighbors | nodes=2230 | accuracy=1.0000 / 1.0000 / 1.0000
  [ 10- 14] root neighbors | nodes=2202 | accuracy=1.0000 / 1.0000 / 1.0000
  [ 15- 19] root neighbors | nodes=2228 | accuracy=0.9964 / 1.0000 / 0.9548
  [ 20- 24] root neighbors | nodes= 440 | accuracy=1.0000 / 1.0000 / 1.0000
",200,"Epoch 040
Loss: 0.2017 
Train Acc: 7517/9115 (82.47%) 
Test Acc:  7669/9315 (82.33%) 
Train Positive Acc: 3786/4910 (77.11%) 
Test Positive Acc:  3974/5152 (77.14%) 
Train Negative Acc: 3731/4205 (88.73%) 
Test Negative Acc:  3695/4163 (88.76%) 

Epoch 080
Loss: 0.1375 
Train Acc: 7921/9115 (86.90%) 
Test Acc:  8051/9315 (86.43%) 
Train Positive Acc: 4011/4910 (81.69%) 
Test Positive Acc:  4222/5152 (81.95%) 
Train Negative Acc: 3910/4205 (92.98%) 
Test Negative Acc:  3829/4163 (91.98%) 

Epoch 120
Loss: 0.1036 
Train Acc: 8397/9115 (92.12%) 
Test Acc:  8601/9315 (92.33%) 
Train Positive Acc: 4492/4910 (91.49%) 
Test Positive Acc:  4706/5152 (91.34%) 
Train Negative Acc: 3905/4205 (92.87%) 
Test Negative Acc:  3895/4163 (93.56%) 

Epoch 160
Loss: 0.0694 
Train Acc: 8897/9115 (97.61%) 
Test Acc:  9166/9315 (98.40%) 
Train Positive Acc: 4814/4910 (98.04%) 
Test Positive Acc:  5096/5152 (98.91%) 
Train Negative Acc: 4083/4205 (97.10%) 
Test Negative Acc:  4070/4163 (97.77%) 

Epoch 200
Loss: 0.0460 
Train Acc: 9077/9115 (99.58%) 
Test Acc:  9307/9315 (99.91%) 
Train Positive Acc: 4910/4910 (100.00%) 
Test Positive Acc:  5152/5152 (100.00%) 
Train Negative Acc: 4167/4205 (99.10%) 
Test Negative Acc:  4155/4163 (99.81%) 

"
mean,psi_3,2,2,"[443, 221, 110, 73, 55, 44, 36, 31, 27, 24, 22, 20, 18, 17, 15, 14, 13, 13, 12, 11, 11]","[443, 222, 111, 74, 55, 44, 37, 32, 28, 25, 22, 20, 18, 17, 16, 15, 14, 13, 12, 12, 11]",9315,5152,4163,3,4205,0.4613,0,0.0,4205,1.0,4163,0.4469,0,0.0,4163,1.0,"  [  0-  4] root neighbors | nodes=2203 | accuracy=0.9728 / 0.0 / 1.0000
  [  5-  9] root neighbors | nodes=2170 | accuracy=0.5014 / 0.0 / 1.0000
  [ 10- 14] root neighbors | nodes=2174 | accuracy=0.2879 / 0.0 / 1.0000
  [ 15- 19] root neighbors | nodes=2128 | accuracy=0.1635 / 0.0 / 1.0000
  [ 20- 24] root neighbors | nodes= 440 | accuracy=0.0 / 0.0 / 0.0
","  [  0-  4] root neighbors | nodes=2215 | accuracy=0.9711 / 0.0 / 1.0000
  [  5-  9] root neighbors | nodes=2230 | accuracy=0.5179 / 0.0 / 1.0000
  [ 10- 14] root neighbors | nodes=2202 | accuracy=0.2725 / 0.0 / 1.0000
  [ 15- 19] root neighbors | nodes=2228 | accuracy=0.0794 / 0.0 / 1.0000
  [ 20- 24] root neighbors | nodes= 440 | accuracy=0.1818 / 0.0 / 1.0000
",200,"Epoch 040
Loss: 0.4465 
Train Acc: 4205/9115 (46.13%) 
Test Acc:  4163/9315 (44.69%) 
Train Positive Acc: 0/4910 (0.00%) 
Test Positive Acc:  0/5152 (0.00%) 
Train Negative Acc: 4205/4205 (100.00%) 
Test Negative Acc:  4163/4163 (100.00%) 

Epoch 080
Loss: 0.4367 
Train Acc: 4205/9115 (46.13%) 
Test Acc:  4163/9315 (44.69%) 
Train Positive Acc: 0/4910 (0.00%) 
Test Positive Acc:  0/5152 (0.00%) 
Train Negative Acc: 4205/4205 (100.00%) 
Test Negative Acc:  4163/4163 (100.00%) 

Epoch 120
Loss: 0.4262 
Train Acc: 4205/9115 (46.13%) 
Test Acc:  4163/9315 (44.69%) 
Train Positive Acc: 0/4910 (0.00%) 
Test Positive Acc:  0/5152 (0.00%) 
Train Negative Acc: 4205/4205 (100.00%) 
Test Negative Acc:  4163/4163 (100.00%) 

Epoch 160
Loss: 0.4163 
Train Acc: 4205/9115 (46.13%) 
Test Acc:  4163/9315 (44.69%) 
Train Positive Acc: 0/4910 (0.00%) 
Test Positive Acc:  0/5152 (0.00%) 
Train Negative Acc: 4205/4205 (100.00%) 
Test Negative Acc:  4163/4163 (100.00%) 

Epoch 200
Loss: 0.4100 
Train Acc: 4205/9115 (46.13%) 
Test Acc:  4163/9315 (44.69%) 
Train Positive Acc: 0/4910 (0.00%) 
Test Positive Acc:  0/5152 (0.00%) 
Train Negative Acc: 4205/4205 (100.00%) 
Test Negative Acc:  4163/4163 (100.00%) 

"
max,psi_4,6,6,"[443, 221, 110, 73, 55, 44, 36, 31, 27, 24, 22, 20, 18, 17, 15, 14, 13, 13, 12, 11, 11]","[443, 222, 111, 74, 55, 44, 37, 32, 28, 25, 22, 20, 18, 17, 16, 15, 14, 13, 12, 12, 11]",9315,4170,5145,3,5219,0.5726,2799,0.7166,2420,0.4646,5613,0.6026,3350,0.8034,2263,0.4398,"  [  0-  4] root neighbors | nodes=2203 | accuracy=0.8665 / 0.8255 / 0.8826
  [  5-  9] root neighbors | nodes=2170 | accuracy=0.5977 / 0.6960 / 0.3411
  [ 10- 14] root neighbors | nodes=2174 | accuracy=0.4701 / 0.6975 / 0.2896
  [ 15- 19] root neighbors | nodes=2128 | accuracy=0.4178 / 0.6774 / 0.2861
  [ 20- 24] root neighbors | nodes= 440 | accuracy=0.2318 / 1.0000 / 0.1550
","  [  0-  4] root neighbors | nodes=2215 | accuracy=0.8704 / 0.8368 / 0.8835
  [  5-  9] root neighbors | nodes=2230 | accuracy=0.6726 / 0.7754 / 0.4077
  [ 10- 14] root neighbors | nodes=2202 | accuracy=0.4796 / 0.7809 / 0.1836
  [ 15- 19] root neighbors | nodes=2228 | accuracy=0.4466 / 0.8499 / 0.2323
  [ 20- 24] root neighbors | nodes= 440 | accuracy=0.3045 / 0.9625 / 0.1583
",200,"Epoch 040
Loss: 0.3553 
Train Acc: 4930/9115 (54.09%) 
Test Acc:  5198/9315 (55.80%) 
Train Positive Acc: 3768/3906 (96.47%) 
Test Positive Acc:  4039/4170 (96.86%) 
Train Negative Acc: 1162/5209 (22.31%) 
Test Negative Acc:  1159/5145 (22.53%) 

Epoch 080
Loss: 0.3353 
Train Acc: 5072/9115 (55.64%) 
Test Acc:  5445/9315 (58.45%) 
Train Positive Acc: 3318/3906 (84.95%) 
Test Positive Acc:  3756/4170 (90.07%) 
Train Negative Acc: 1754/5209 (33.67%) 
Test Negative Acc:  1689/5145 (32.83%) 

Epoch 120
Loss: 0.3240 
Train Acc: 5152/9115 (56.52%) 
Test Acc:  5485/9315 (58.88%) 
Train Positive Acc: 3366/3906 (86.18%) 
Test Positive Acc:  3702/4170 (88.78%) 
Train Negative Acc: 1786/5209 (34.29%) 
Test Negative Acc:  1783/5145 (34.66%) 

Epoch 160
Loss: 0.3159 
Train Acc: 5112/9115 (56.08%) 
Test Acc:  5458/9315 (58.59%) 
Train Positive Acc: 2789/3906 (71.40%) 
Test Positive Acc:  3313/4170 (79.45%) 
Train Negative Acc: 2323/5209 (44.60%) 
Test Negative Acc:  2145/5145 (41.69%) 

Epoch 200
Loss: 0.3073 
Train Acc: 5219/9115 (57.26%) 
Test Acc:  5613/9315 (60.26%) 
Train Positive Acc: 2799/3906 (71.66%) 
Test Positive Acc:  3350/4170 (80.34%) 
Train Negative Acc: 2420/5209 (46.46%) 
Test Negative Acc:  2263/5145 (43.98%) 

"
sum,psi_4,6,6,"[443, 221, 110, 73, 55, 44, 36, 31, 27, 24, 22, 20, 18, 17, 15, 14, 13, 13, 12, 11, 11]","[443, 222, 111, 74, 55, 44, 37, 32, 28, 25, 22, 20, 18, 17, 16, 15, 14, 13, 12, 12, 11]",9315,4170,5145,3,6303,0.6915,1918,0.491,4385,0.8418,6269,0.673,1965,0.4712,4304,0.8365,"  [  0-  4] root neighbors | nodes=2203 | accuracy=0.8048 / 1.0000 / 0.7285
  [  5-  9] root neighbors | nodes=2170 | accuracy=0.6940 / 0.8279 / 0.3444
  [ 10- 14] root neighbors | nodes=2174 | accuracy=0.5575 / 0.0 / 1.0000
  [ 15- 19] root neighbors | nodes=2128 | accuracy=0.6635 / 0.0 / 1.0000
  [ 20- 24] root neighbors | nodes= 440 | accuracy=0.9091 / 0.0 / 1.0000
","  [  0-  4] root neighbors | nodes=2215 | accuracy=0.8009 / 1.0000 / 0.7237
  [  5-  9] root neighbors | nodes=2230 | accuracy=0.7036 / 0.8376 / 0.3579
  [ 10- 14] root neighbors | nodes=2202 | accuracy=0.5045 / 0.0 / 1.0000
  [ 15- 19] root neighbors | nodes=2228 | accuracy=0.6531 / 0.0 / 1.0000
  [ 20- 24] root neighbors | nodes= 440 | accuracy=0.8182 / 0.0 / 1.0000
",200,"Epoch 040
Loss: 0.2817 
Train Acc: 6404/9115 (70.26%) 
Test Acc:  6375/9315 (68.44%) 
Train Positive Acc: 1918/3906 (49.10%) 
Test Positive Acc:  1965/4170 (47.12%) 
Train Negative Acc: 4486/5209 (86.12%) 
Test Negative Acc:  4410/5145 (85.71%) 

Epoch 080
Loss: 0.3109 
Train Acc: 6303/9115 (69.15%) 
Test Acc:  6269/9315 (67.30%) 
Train Positive Acc: 1918/3906 (49.10%) 
Test Positive Acc:  1965/4170 (47.12%) 
Train Negative Acc: 4385/5209 (84.18%) 
Test Negative Acc:  4304/5145 (83.65%) 

Epoch 120
Loss: 0.2897 
Train Acc: 6127/9115 (67.22%) 
Test Acc:  6093/9315 (65.41%) 
Train Positive Acc: 1630/3906 (41.73%) 
Test Positive Acc:  1653/4170 (39.64%) 
Train Negative Acc: 4497/5209 (86.33%) 
Test Negative Acc:  4440/5145 (86.30%) 

Epoch 160
Loss: 0.2840 
Train Acc: 6303/9115 (69.15%) 
Test Acc:  6269/9315 (67.30%) 
Train Positive Acc: 1918/3906 (49.10%) 
Test Positive Acc:  1965/4170 (47.12%) 
Train Negative Acc: 4385/5209 (84.18%) 
Test Negative Acc:  4304/5145 (83.65%) 

Epoch 200
Loss: 0.2811 
Train Acc: 6303/9115 (69.15%) 
Test Acc:  6269/9315 (67.30%) 
Train Positive Acc: 1918/3906 (49.10%) 
Test Positive Acc:  1965/4170 (47.12%) 
Train Negative Acc: 4385/5209 (84.18%) 
Test Negative Acc:  4304/5145 (83.65%) 

"
mean,psi_4,6,6,"[443, 221, 110, 73, 55, 44, 36, 31, 27, 24, 22, 20, 18, 17, 15, 14, 13, 13, 12, 11, 11]","[443, 222, 111, 74, 55, 44, 37, 32, 28, 25, 22, 20, 18, 17, 16, 15, 14, 13, 12, 12, 11]",9315,4170,5145,3,5852,0.642,2971,0.7606,2881,0.5531,5806,0.6233,3042,0.7295,2764,0.5372,"  [  0-  4] root neighbors | nodes=2203 | accuracy=0.8012 / 0.7302 / 0.8289
  [  5-  9] root neighbors | nodes=2170 | accuracy=0.7456 / 0.7795 / 0.6572
  [ 10- 14] root neighbors | nodes=2174 | accuracy=0.6040 / 0.7703 / 0.4719
  [ 15- 19] root neighbors | nodes=2128 | accuracy=0.4756 / 0.7193 / 0.3520
  [ 20- 24] root neighbors | nodes= 440 | accuracy=0.3273 / 1.0000 / 0.2600
","  [  0-  4] root neighbors | nodes=2215 | accuracy=0.8023 / 0.7351 / 0.8283
  [  5-  9] root neighbors | nodes=2230 | accuracy=0.7251 / 0.7617 / 0.6308
  [ 10- 14] root neighbors | nodes=2202 | accuracy=0.6149 / 0.7929 / 0.4401
  [ 15- 19] root neighbors | nodes=2228 | accuracy=0.4237 / 0.6184 / 0.3203
  [ 20- 24] root neighbors | nodes= 440 | accuracy=0.2591 / 0.2500 / 0.2611
",200,"Epoch 040
Loss: 0.3767 
Train Acc: 5209/9115 (57.15%) 
Test Acc:  5145/9315 (55.23%) 
Train Positive Acc: 0/3906 (0.00%) 
Test Positive Acc:  0/4170 (0.00%) 
Train Negative Acc: 5209/5209 (100.00%) 
Test Negative Acc:  5145/5145 (100.00%) 

Epoch 080
Loss: 0.3293 
Train Acc: 4903/9115 (53.79%) 
Test Acc:  5139/9315 (55.17%) 
Train Positive Acc: 2701/3906 (69.15%) 
Test Positive Acc:  2939/4170 (70.48%) 
Train Negative Acc: 2202/5209 (42.27%) 
Test Negative Acc:  2200/5145 (42.76%) 

Epoch 120
Loss: 0.3071 
Train Acc: 5520/9115 (60.56%) 
Test Acc:  5742/9315 (61.64%) 
Train Positive Acc: 2894/3906 (74.09%) 
Test Positive Acc:  3127/4170 (74.99%) 
Train Negative Acc: 2626/5209 (50.41%) 
Test Negative Acc:  2615/5145 (50.83%) 

Epoch 160
Loss: 0.2895 
Train Acc: 5847/9115 (64.15%) 
Test Acc:  5946/9315 (63.83%) 
Train Positive Acc: 2971/3906 (76.06%) 
Test Positive Acc:  3048/4170 (73.09%) 
Train Negative Acc: 2876/5209 (55.21%) 
Test Negative Acc:  2898/5145 (56.33%) 

Epoch 200
Loss: 0.2806 
Train Acc: 5852/9115 (64.20%) 
Test Acc:  5806/9315 (62.33%) 
Train Positive Acc: 2971/3906 (76.06%) 
Test Positive Acc:  3042/4170 (72.95%) 
Train Negative Acc: 2881/5209 (55.31%) 
Test Negative Acc:  2764/5145 (53.72%) 

"
max,psi_5,2,2,"[443, 221, 110, 73, 55, 44, 36, 31, 27, 24, 22, 20, 18, 17, 15, 14, 13, 13, 12, 11, 11]","[443, 222, 111, 74, 55, 44, 37, 32, 28, 25, 22, 20, 18, 17, 16, 15, 14, 13, 12, 12, 11]",9315,4786,4529,3,6089,0.668,4311,0.8732,1778,0.4256,6047,0.6492,4270,0.8922,1777,0.3924,"  [  0-  4] root neighbors | nodes=2203 | accuracy=0.8443 / 0.8051 / 0.8778
  [  5-  9] root neighbors | nodes=2170 | accuracy=0.5903 / 0.8381 / 0.3212
  [ 10- 14] root neighbors | nodes=2174 | accuracy=0.6417 / 0.8959 / 0.2136
  [ 15- 19] root neighbors | nodes=2128 | accuracy=0.5865 / 0.9193 / 0.2118
  [ 20- 24] root neighbors | nodes= 440 | accuracy=0.6932 / 0.9600 / 0.1214
","  [  0-  4] root neighbors | nodes=2215 | accuracy=0.8406 / 0.8022 / 0.8735
  [  5-  9] root neighbors | nodes=2230 | accuracy=0.6265 / 0.8821 / 0.3443
  [ 10- 14] root neighbors | nodes=2202 | accuracy=0.6353 / 0.9219 / 0.2463
  [ 15- 19] root neighbors | nodes=2228 | accuracy=0.5386 / 0.9494 / 0.1181
  [ 20- 24] root neighbors | nodes= 440 | accuracy=0.4295 / 0.9000 / 0.0375
",200,"Epoch 040
Loss: 0.5317 
Train Acc: 5666/9115 (62.16%) 
Test Acc:  5791/9315 (62.17%) 
Train Positive Acc: 3064/4937 (62.06%) 
Test Positive Acc:  3087/4786 (64.50%) 
Train Negative Acc: 2602/4178 (62.28%) 
Test Negative Acc:  2704/4529 (59.70%) 

Epoch 080
Loss: 0.4237 
Train Acc: 5957/9115 (65.35%) 
Test Acc:  5822/9315 (62.50%) 
Train Positive Acc: 4657/4937 (94.33%) 
Test Positive Acc:  4524/4786 (94.53%) 
Train Negative Acc: 1300/4178 (31.12%) 
Test Negative Acc:  1298/4529 (28.66%) 

Epoch 120
Loss: 0.3777 
Train Acc: 6089/9115 (66.80%) 
Test Acc:  6047/9315 (64.92%) 
Train Positive Acc: 4311/4937 (87.32%) 
Test Positive Acc:  4270/4786 (89.22%) 
Train Negative Acc: 1778/4178 (42.56%) 
Test Negative Acc:  1777/4529 (39.24%) 

Epoch 160
Loss: 0.3635 
Train Acc: 6089/9115 (66.80%) 
Test Acc:  6047/9315 (64.92%) 
Train Positive Acc: 4311/4937 (87.32%) 
Test Positive Acc:  4270/4786 (89.22%) 
Train Negative Acc: 1778/4178 (42.56%) 
Test Negative Acc:  1777/4529 (39.24%) 

Epoch 200
Loss: 0.3580 
Train Acc: 6089/9115 (66.80%) 
Test Acc:  6047/9315 (64.92%) 
Train Positive Acc: 4311/4937 (87.32%) 
Test Positive Acc:  4270/4786 (89.22%) 
Train Negative Acc: 1778/4178 (42.56%) 
Test Negative Acc:  1777/4529 (39.24%) 

"
sum,psi_5,2,2,"[443, 221, 110, 73, 55, 44, 36, 31, 27, 24, 22, 20, 18, 17, 15, 14, 13, 13, 12, 11, 11]","[443, 222, 111, 74, 55, 44, 37, 32, 28, 25, 22, 20, 18, 17, 16, 15, 14, 13, 12, 12, 11]",9315,4786,4529,3,7364,0.8079,3986,0.8074,3378,0.8085,7728,0.8296,4023,0.8406,3705,0.8181,"  [  0-  4] root neighbors | nodes=2203 | accuracy=0.9069 / 1.0000 / 0.8273
  [  5-  9] root neighbors | nodes=2170 | accuracy=0.7608 / 0.9611 / 0.5433
  [ 10- 14] root neighbors | nodes=2174 | accuracy=0.8247 / 0.7544 / 0.9432
  [ 15- 19] root neighbors | nodes=2128 | accuracy=0.7777 / 0.6282 / 0.9461
  [ 20- 24] root neighbors | nodes= 440 | accuracy=0.6068 / 0.4900 / 0.8571
","  [  0-  4] root neighbors | nodes=2215 | accuracy=0.9052 / 1.0000 / 0.8241
  [  5-  9] root neighbors | nodes=2230 | accuracy=0.7686 / 0.9556 / 0.5623
  [ 10- 14] root neighbors | nodes=2202 | accuracy=0.8806 / 0.8312 / 0.9475
  [ 15- 19] root neighbors | nodes=2228 | accuracy=0.8214 / 0.7187 / 0.9264
  [ 20- 24] root neighbors | nodes= 440 | accuracy=0.5455 / 0.1000 / 0.9167
",200,"Epoch 040
Loss: 0.2791 
Train Acc: 6889/9115 (75.58%) 
Test Acc:  7396/9315 (79.40%) 
Train Positive Acc: 3384/4937 (68.54%) 
Test Positive Acc:  3553/4786 (74.24%) 
Train Negative Acc: 3505/4178 (83.89%) 
Test Negative Acc:  3843/4529 (84.85%) 

Epoch 080
Loss: 0.2366 
Train Acc: 7113/9115 (78.04%) 
Test Acc:  7546/9315 (81.01%) 
Train Positive Acc: 3742/4937 (75.80%) 
Test Positive Acc:  3834/4786 (80.11%) 
Train Negative Acc: 3371/4178 (80.68%) 
Test Negative Acc:  3712/4529 (81.96%) 

Epoch 120
Loss: 0.2211 
Train Acc: 7306/9115 (80.15%) 
Test Acc:  7700/9315 (82.66%) 
Train Positive Acc: 3949/4937 (79.99%) 
Test Positive Acc:  4007/4786 (83.72%) 
Train Negative Acc: 3357/4178 (80.35%) 
Test Negative Acc:  3693/4529 (81.54%) 

Epoch 160
Loss: 0.2135 
Train Acc: 7394/9115 (81.12%) 
Test Acc:  7748/9315 (83.18%) 
Train Positive Acc: 4051/4937 (82.05%) 
Test Positive Acc:  4080/4786 (85.25%) 
Train Negative Acc: 3343/4178 (80.01%) 
Test Negative Acc:  3668/4529 (80.99%) 

Epoch 200
Loss: 0.2089 
Train Acc: 7364/9115 (80.79%) 
Test Acc:  7728/9315 (82.96%) 
Train Positive Acc: 3986/4937 (80.74%) 
Test Positive Acc:  4023/4786 (84.06%) 
Train Negative Acc: 3378/4178 (80.85%) 
Test Negative Acc:  3705/4529 (81.81%) 

"
mean,psi_5,2,2,"[443, 221, 110, 73, 55, 44, 36, 31, 27, 24, 22, 20, 18, 17, 15, 14, 13, 13, 12, 11, 11]","[443, 222, 111, 74, 55, 44, 37, 32, 28, 25, 22, 20, 18, 17, 16, 15, 14, 13, 12, 12, 11]",9315,4786,4529,1,8940,0.9808,4937,1.0,4003,0.9581,9108,0.9778,4786,1.0,4322,0.9543,"  [  0-  4] root neighbors | nodes=2203 | accuracy=1.0000 / 1.0000 / 1.0000
  [  5-  9] root neighbors | nodes=2170 | accuracy=0.9737 / 1.0000 / 0.9452
  [ 10- 14] root neighbors | nodes=2174 | accuracy=1.0000 / 1.0000 / 1.0000
  [ 15- 19] root neighbors | nodes=2128 | accuracy=0.9539 / 1.0000 / 0.9021
  [ 20- 24] root neighbors | nodes= 440 | accuracy=0.9545 / 1.0000 / 0.8571
","  [  0-  4] root neighbors | nodes=2215 | accuracy=1.0000 / 1.0000 / 1.0000
  [  5-  9] root neighbors | nodes=2230 | accuracy=0.9789 / 1.0000 / 0.9557
  [ 10- 14] root neighbors | nodes=2202 | accuracy=1.0000 / 1.0000 / 1.0000
  [ 15- 19] root neighbors | nodes=2228 | accuracy=0.9641 / 1.0000 / 0.9273
  [ 20- 24] root neighbors | nodes= 440 | accuracy=0.8182 / 1.0000 / 0.6667
",200,"Epoch 040
Loss: 0.1411 
Train Acc: 8801/9115 (96.56%) 
Test Acc:  8931/9315 (95.88%) 
Train Positive Acc: 4937/4937 (100.00%) 
Test Positive Acc:  4786/4786 (100.00%) 
Train Negative Acc: 3864/4178 (92.48%) 
Test Negative Acc:  4145/4529 (91.52%) 

Epoch 080
Loss: 0.0834 
Train Acc: 8872/9115 (97.33%) 
Test Acc:  9004/9315 (96.66%) 
Train Positive Acc: 4937/4937 (100.00%) 
Test Positive Acc:  4786/4786 (100.00%) 
Train Negative Acc: 3935/4178 (94.18%) 
Test Negative Acc:  4218/4529 (93.13%) 

Epoch 120
Loss: 0.0611 
Train Acc: 8883/9115 (97.45%) 
Test Acc:  9014/9315 (96.77%) 
Train Positive Acc: 4937/4937 (100.00%) 
Test Positive Acc:  4786/4786 (100.00%) 
Train Negative Acc: 3946/4178 (94.45%) 
Test Negative Acc:  4228/4529 (93.35%) 

Epoch 160
Loss: 0.0488 
Train Acc: 8923/9115 (97.89%) 
Test Acc:  9086/9315 (97.54%) 
Train Positive Acc: 4937/4937 (100.00%) 
Test Positive Acc:  4786/4786 (100.00%) 
Train Negative Acc: 3986/4178 (95.40%) 
Test Negative Acc:  4300/4529 (94.94%) 

Epoch 200
Loss: 0.0409 
Train Acc: 8940/9115 (98.08%) 
Test Acc:  9108/9315 (97.78%) 
Train Positive Acc: 4937/4937 (100.00%) 
Test Positive Acc:  4786/4786 (100.00%) 
Train Negative Acc: 4003/4178 (95.81%) 
Test Negative Acc:  4322/4529 (95.43%) 

"
max,psi_6,6,6,"[443, 221, 110, 73, 55, 44, 36, 31, 27, 24, 22, 20, 18, 17, 15, 14, 13, 13, 12, 11, 11]","[443, 222, 111, 74, 55, 44, 37, 32, 28, 25, 22, 20, 18, 17, 16, 15, 14, 13, 12, 12, 11]",9315,4646,4669,3,6960,0.7636,3238,0.7076,3722,0.82,6584,0.7068,3026,0.6513,3558,0.762,"  [  0-  4] root neighbors | nodes=2203 | accuracy=0.9174 / 0.9037 / 0.9424
  [  5-  9] root neighbors | nodes=2170 | accuracy=0.7387 / 0.6689 / 0.8036
  [ 10- 14] root neighbors | nodes=2174 | accuracy=0.6817 / 0.5346 / 0.8000
  [ 15- 19] root neighbors | nodes=2128 | accuracy=0.7110 / 0.6300 / 0.7828
  [ 20- 24] root neighbors | nodes= 440 | accuracy=0.7750 / 0.7571 / 0.7833
","  [  0-  4] root neighbors | nodes=2215 | accuracy=0.9214 / 0.9093 / 0.9432
  [  5-  9] root neighbors | nodes=2230 | accuracy=0.6883 / 0.6164 / 0.7484
  [ 10- 14] root neighbors | nodes=2202 | accuracy=0.6444 / 0.5462 / 0.7223
  [ 15- 19] root neighbors | nodes=2228 | accuracy=0.6293 / 0.4995 / 0.7502
  [ 20- 24] root neighbors | nodes= 440 | accuracy=0.4250 / 0.2375 / 0.5321
",200,"Epoch 040
Loss: 0.2694 
Train Acc: 6332/9115 (69.47%) 
Test Acc:  6244/9315 (67.03%) 
Train Positive Acc: 3175/4576 (69.38%) 
Test Positive Acc:  3099/4646 (66.70%) 
Train Negative Acc: 3157/4539 (69.55%) 
Test Negative Acc:  3145/4669 (67.36%) 

Epoch 080
Loss: 0.2207 
Train Acc: 6838/9115 (75.02%) 
Test Acc:  6631/9315 (71.19%) 
Train Positive Acc: 2662/4576 (58.17%) 
Test Positive Acc:  2474/4646 (53.25%) 
Train Negative Acc: 4176/4539 (92.00%) 
Test Negative Acc:  4157/4669 (89.03%) 

Epoch 120
Loss: 0.2090 
Train Acc: 6861/9115 (75.27%) 
Test Acc:  6613/9315 (70.99%) 
Train Positive Acc: 2684/4576 (58.65%) 
Test Positive Acc:  2432/4646 (52.35%) 
Train Negative Acc: 4177/4539 (92.02%) 
Test Negative Acc:  4181/4669 (89.55%) 

Epoch 160
Loss: 0.1993 
Train Acc: 6870/9115 (75.37%) 
Test Acc:  6737/9315 (72.32%) 
Train Positive Acc: 2669/4576 (58.33%) 
Test Positive Acc:  2485/4646 (53.49%) 
Train Negative Acc: 4201/4539 (92.55%) 
Test Negative Acc:  4252/4669 (91.07%) 

Epoch 200
Loss: 0.1939 
Train Acc: 6960/9115 (76.36%) 
Test Acc:  6584/9315 (70.68%) 
Train Positive Acc: 3238/4576 (70.76%) 
Test Positive Acc:  3026/4646 (65.13%) 
Train Negative Acc: 3722/4539 (82.00%) 
Test Negative Acc:  3558/4669 (76.20%) 

"
sum,psi_6,6,6,"[443, 221, 110, 73, 55, 44, 36, 31, 27, 24, 22, 20, 18, 17, 15, 14, 13, 13, 12, 11, 11]","[443, 222, 111, 74, 55, 44, 37, 32, 28, 25, 22, 20, 18, 17, 16, 15, 14, 13, 12, 12, 11]",9315,4646,4669,3,5179,0.5682,795,0.1737,4384,0.9659,5313,0.5704,799,0.172,4514,0.9668,"  [  0-  4] root neighbors | nodes=2203 | accuracy=0.6450 / 0.5591 / 0.8015
  [  5-  9] root neighbors | nodes=2170 | accuracy=0.5184 / 0.0 / 1.0000
  [ 10- 14] root neighbors | nodes=2174 | accuracy=0.5543 / 0.0 / 1.0000
  [ 15- 19] root neighbors | nodes=2128 | accuracy=0.5301 / 0.0 / 1.0000
  [ 20- 24] root neighbors | nodes= 440 | accuracy=0.6818 / 0.0 / 1.0000
","  [  0-  4] root neighbors | nodes=2215 | accuracy=0.6483 / 0.5615 / 0.8043
  [  5-  9] root neighbors | nodes=2230 | accuracy=0.5453 / 0.0 / 1.0000
  [ 10- 14] root neighbors | nodes=2202 | accuracy=0.5577 / 0.0 / 1.0000
  [ 15- 19] root neighbors | nodes=2228 | accuracy=0.5175 / 0.0 / 1.0000
  [ 20- 24] root neighbors | nodes= 440 | accuracy=0.6364 / 0.0 / 1.0000
",200,"Epoch 040
Loss: 4.2734 
Train Acc: 4784/9115 (52.48%) 
Test Acc:  4987/9315 (53.54%) 
Train Positive Acc: 1722/4576 (37.63%) 
Test Positive Acc:  1809/4646 (38.94%) 
Train Negative Acc: 3062/4539 (67.46%) 
Test Negative Acc:  3178/4669 (68.07%) 

Epoch 080
Loss: 0.4192 
Train Acc: 4728/9115 (51.87%) 
Test Acc:  4826/9315 (51.81%) 
Train Positive Acc: 3885/4576 (84.90%) 
Test Positive Acc:  3965/4646 (85.34%) 
Train Negative Acc: 843/4539 (18.57%) 
Test Negative Acc:  861/4669 (18.44%) 

Epoch 120
Loss: 0.4068 
Train Acc: 5336/9115 (58.54%) 
Test Acc:  5464/9315 (58.66%) 
Train Positive Acc: 931/4576 (20.35%) 
Test Positive Acc:  932/4646 (20.06%) 
Train Negative Acc: 4405/4539 (97.05%) 
Test Negative Acc:  4532/4669 (97.07%) 

Epoch 160
Loss: 0.4074 
Train Acc: 5198/9115 (57.03%) 
Test Acc:  5306/9315 (56.96%) 
Train Positive Acc: 1643/4576 (35.90%) 
Test Positive Acc:  1643/4646 (35.36%) 
Train Negative Acc: 3555/4539 (78.32%) 
Test Negative Acc:  3663/4669 (78.45%) 

Epoch 200
Loss: 0.4717 
Train Acc: 5179/9115 (56.82%) 
Test Acc:  5313/9315 (57.04%) 
Train Positive Acc: 795/4576 (17.37%) 
Test Positive Acc:  799/4646 (17.20%) 
Train Negative Acc: 4384/4539 (96.59%) 
Test Negative Acc:  4514/4669 (96.68%) 

"
mean,psi_6,6,6,"[443, 221, 110, 73, 55, 44, 36, 31, 27, 24, 22, 20, 18, 17, 15, 14, 13, 13, 12, 11, 11]","[443, 222, 111, 74, 55, 44, 37, 32, 28, 25, 22, 20, 18, 17, 16, 15, 14, 13, 12, 12, 11]",9315,4646,4669,1,8552,0.9382,4032,0.8811,4520,0.9958,8707,0.9347,4080,0.8782,4627,0.991,"  [  0-  4] root neighbors | nodes=2203 | accuracy=0.9818 / 0.9719 / 1.0000
  [  5-  9] root neighbors | nodes=2170 | accuracy=0.9410 / 0.8775 / 1.0000
  [ 10- 14] root neighbors | nodes=2174 | accuracy=0.9213 / 0.8235 / 1.0000
  [ 15- 19] root neighbors | nodes=2128 | accuracy=0.9041 / 0.8150 / 0.9832
  [ 20- 24] root neighbors | nodes= 440 | accuracy=0.9545 / 0.8571 / 1.0000
","  [  0-  4] root neighbors | nodes=2215 | accuracy=0.9837 / 0.9747 / 1.0000
  [  5-  9] root neighbors | nodes=2230 | accuracy=0.9417 / 0.8718 / 1.0000
  [ 10- 14] root neighbors | nodes=2202 | accuracy=0.9233 / 0.8532 / 0.9788
  [ 15- 19] root neighbors | nodes=2228 | accuracy=0.8954 / 0.7981 / 0.9861
  [ 20- 24] root neighbors | nodes= 440 | accuracy=0.9091 / 0.7500 / 1.0000
",200,"Epoch 040
Loss: 0.2355 
Train Acc: 7203/9115 (79.02%) 
Test Acc:  7303/9315 (78.40%) 
Train Positive Acc: 4370/4576 (95.50%) 
Test Positive Acc:  4491/4646 (96.66%) 
Train Negative Acc: 2833/4539 (62.41%) 
Test Negative Acc:  2812/4669 (60.23%) 

Epoch 080
Loss: 0.1192 
Train Acc: 8180/9115 (89.74%) 
Test Acc:  8166/9315 (87.67%) 
Train Positive Acc: 4557/4576 (99.58%) 
Test Positive Acc:  4603/4646 (99.07%) 
Train Negative Acc: 3623/4539 (79.82%) 
Test Negative Acc:  3563/4669 (76.31%) 

Epoch 120
Loss: 0.0732 
Train Acc: 8869/9115 (97.30%) 
Test Acc:  8776/9315 (94.21%) 
Train Positive Acc: 4498/4576 (98.30%) 
Test Positive Acc:  4483/4646 (96.49%) 
Train Negative Acc: 4371/4539 (96.30%) 
Test Negative Acc:  4293/4669 (91.95%) 

Epoch 160
Loss: 0.0760 
Train Acc: 8661/9115 (95.02%) 
Test Acc:  8687/9315 (93.26%) 
Train Positive Acc: 4421/4576 (96.61%) 
Test Positive Acc:  4389/4646 (94.47%) 
Train Negative Acc: 4240/4539 (93.41%) 
Test Negative Acc:  4298/4669 (92.05%) 

Epoch 200
Loss: 0.0780 
Train Acc: 8552/9115 (93.82%) 
Test Acc:  8707/9315 (93.47%) 
Train Positive Acc: 4032/4576 (88.11%) 
Test Positive Acc:  4080/4646 (87.82%) 
Train Negative Acc: 4520/4539 (99.58%) 
Test Negative Acc:  4627/4669 (99.10%) 

"
max,psi_7,2,2,"[443, 221, 110, 73, 55, 44, 36, 31, 27, 24, 22, 20, 18, 17, 15, 14, 13, 13, 12, 11, 11]","[443, 222, 111, 74, 55, 44, 37, 32, 28, 25, 22, 20, 18, 17, 16, 15, 14, 13, 12, 12, 11]",9315,4405,4910,3,5480,0.6012,1259,0.2802,4221,0.9132,5639,0.6054,1156,0.2624,4483,0.913,"  [  0-  4] root neighbors | nodes=2203 | accuracy=0.8166 / 0.8043 / 0.8307
  [  5-  9] root neighbors | nodes=2170 | accuracy=0.5359 / 0.1167 / 0.8903
  [ 10- 14] root neighbors | nodes=2174 | accuracy=0.5455 / 0.1156 / 0.9508
  [ 15- 19] root neighbors | nodes=2128 | accuracy=0.5508 / 0.0768 / 0.9622
  [ 20- 24] root neighbors | nodes= 440 | accuracy=0.3636 / 0.0 / 1.0000
","  [  0-  4] root neighbors | nodes=2215 | accuracy=0.8167 / 0.8053 / 0.8296
  [  5-  9] root neighbors | nodes=2230 | accuracy=0.5395 / 0.1370 / 0.8800
  [ 10- 14] root neighbors | nodes=2202 | accuracy=0.5182 / 0.0387 / 0.9418
  [ 15- 19] root neighbors | nodes=2228 | accuracy=0.5444 / 0.0161 / 0.9700
  [ 20- 24] root neighbors | nodes= 440 | accuracy=0.6205 / 0.0722 / 1.0000
",200,"Epoch 040
Loss: 0.3663 
Train Acc: 6064/9115 (66.53%) 
Test Acc:  6253/9315 (67.13%) 
Train Positive Acc: 2297/4493 (51.12%) 
Test Positive Acc:  2290/4405 (51.99%) 
Train Negative Acc: 3767/4622 (81.50%) 
Test Negative Acc:  3963/4910 (80.71%) 

Epoch 080
Loss: 0.3332 
Train Acc: 5457/9115 (59.87%) 
Test Acc:  5643/9315 (60.58%) 
Train Positive Acc: 1195/4493 (26.60%) 
Test Positive Acc:  1124/4405 (25.52%) 
Train Negative Acc: 4262/4622 (92.21%) 
Test Negative Acc:  4519/4910 (92.04%) 

Epoch 120
Loss: 0.3239 
Train Acc: 5480/9115 (60.12%) 
Test Acc:  5639/9315 (60.54%) 
Train Positive Acc: 1259/4493 (28.02%) 
Test Positive Acc:  1156/4405 (26.24%) 
Train Negative Acc: 4221/4622 (91.32%) 
Test Negative Acc:  4483/4910 (91.30%) 

Epoch 160
Loss: 0.3201 
Train Acc: 5480/9115 (60.12%) 
Test Acc:  5639/9315 (60.54%) 
Train Positive Acc: 1259/4493 (28.02%) 
Test Positive Acc:  1156/4405 (26.24%) 
Train Negative Acc: 4221/4622 (91.32%) 
Test Negative Acc:  4483/4910 (91.30%) 

Epoch 200
Loss: 0.3182 
Train Acc: 5480/9115 (60.12%) 
Test Acc:  5639/9315 (60.54%) 
Train Positive Acc: 1259/4493 (28.02%) 
Test Positive Acc:  1156/4405 (26.24%) 
Train Negative Acc: 4221/4622 (91.32%) 
Test Negative Acc:  4483/4910 (91.30%) 

"
sum,psi_7,2,2,"[443, 221, 110, 73, 55, 44, 36, 31, 27, 24, 22, 20, 18, 17, 15, 14, 13, 13, 12, 11, 11]","[443, 222, 111, 74, 55, 44, 37, 32, 28, 25, 22, 20, 18, 17, 16, 15, 14, 13, 12, 12, 11]",9315,4405,4910,3,5690,0.6242,2496,0.5555,3194,0.691,5680,0.6098,2404,0.5457,3276,0.6672,"  [  0-  4] root neighbors | nodes=2203 | accuracy=0.8094 / 0.7438 / 0.8842
  [  5-  9] root neighbors | nodes=2170 | accuracy=0.5972 / 0.2515 / 0.8895
  [ 10- 14] root neighbors | nodes=2174 | accuracy=0.5400 / 0.0976 / 0.9571
  [ 15- 19] root neighbors | nodes=2128 | accuracy=0.5437 / 1.0000 / 0.1475
  [ 20- 24] root neighbors | nodes= 440 | accuracy=0.6364 / 1.0000 / 0.0
","  [  0-  4] root neighbors | nodes=2215 | accuracy=0.8077 / 0.7423 / 0.8816
  [  5-  9] root neighbors | nodes=2230 | accuracy=0.6018 / 0.2466 / 0.9023
  [ 10- 14] root neighbors | nodes=2202 | accuracy=0.5672 / 0.1016 / 0.9786
  [ 15- 19] root neighbors | nodes=2228 | accuracy=0.5027 / 1.0000 / 0.1021
  [ 20- 24] root neighbors | nodes= 440 | accuracy=0.4091 / 1.0000 / 0.0
",200,"Epoch 040
Loss: 0.5124 
Train Acc: 5600/9115 (61.44%) 
Test Acc:  5634/9315 (60.48%) 
Train Positive Acc: 2416/4493 (53.77%) 
Test Positive Acc:  2319/4405 (52.64%) 
Train Negative Acc: 3184/4622 (68.89%) 
Test Negative Acc:  3315/4910 (67.52%) 

Epoch 080
Loss: 0.4740 
Train Acc: 5741/9115 (62.98%) 
Test Acc:  5667/9315 (60.84%) 
Train Positive Acc: 2697/4493 (60.03%) 
Test Positive Acc:  2595/4405 (58.91%) 
Train Negative Acc: 3044/4622 (65.86%) 
Test Negative Acc:  3072/4910 (62.57%) 

Epoch 120
Loss: 0.4679 
Train Acc: 5706/9115 (62.60%) 
Test Acc:  5693/9315 (61.12%) 
Train Positive Acc: 2496/4493 (55.55%) 
Test Positive Acc:  2417/4405 (54.87%) 
Train Negative Acc: 3210/4622 (69.45%) 
Test Negative Acc:  3276/4910 (66.72%) 

Epoch 160
Loss: 0.4657 
Train Acc: 5689/9115 (62.41%) 
Test Acc:  5680/9315 (60.98%) 
Train Positive Acc: 2496/4493 (55.55%) 
Test Positive Acc:  2404/4405 (54.57%) 
Train Negative Acc: 3193/4622 (69.08%) 
Test Negative Acc:  3276/4910 (66.72%) 

Epoch 200
Loss: 0.4649 
Train Acc: 5690/9115 (62.42%) 
Test Acc:  5680/9315 (60.98%) 
Train Positive Acc: 2496/4493 (55.55%) 
Test Positive Acc:  2404/4405 (54.57%) 
Train Negative Acc: 3194/4622 (69.10%) 
Test Negative Acc:  3276/4910 (66.72%) 

"
mean,psi_7,2,2,"[443, 221, 110, 73, 55, 44, 36, 31, 27, 24, 22, 20, 18, 17, 15, 14, 13, 13, 12, 11, 11]","[443, 222, 111, 74, 55, 44, 37, 32, 28, 25, 22, 20, 18, 17, 16, 15, 14, 13, 12, 12, 11]",9315,4405,4910,1,9009,0.9884,4391,0.9773,4618,0.9991,9211,0.9888,4301,0.9764,4910,1.0,"  [  0-  4] root neighbors | nodes=2203 | accuracy=1.0000 / 1.0000 / 1.0000
  [  5-  9] root neighbors | nodes=2170 | accuracy=0.9894 / 0.9809 / 0.9966
  [ 10- 14] root neighbors | nodes=2174 | accuracy=0.9876 / 0.9744 / 1.0000
  [ 15- 19] root neighbors | nodes=2128 | accuracy=0.9737 / 0.9434 / 1.0000
  [ 20- 24] root neighbors | nodes= 440 | accuracy=1.0000 / 1.0000 / 1.0000
","  [  0-  4] root neighbors | nodes=2215 | accuracy=1.0000 / 1.0000 / 1.0000
  [  5-  9] root neighbors | nodes=2230 | accuracy=0.9901 / 0.9785 / 1.0000
  [ 10- 14] root neighbors | nodes=2202 | accuracy=0.9950 / 0.9894 / 1.0000
  [ 15- 19] root neighbors | nodes=2228 | accuracy=0.9735 / 0.9406 / 1.0000
  [ 20- 24] root neighbors | nodes= 440 | accuracy=0.9727 / 0.9333 / 1.0000
",200,"Epoch 040
Loss: 0.1838 
Train Acc: 7718/9115 (84.67%) 
Test Acc:  8163/9315 (87.63%) 
Train Positive Acc: 3645/4493 (81.13%) 
Test Positive Acc:  3709/4405 (84.20%) 
Train Negative Acc: 4073/4622 (88.12%) 
Test Negative Acc:  4454/4910 (90.71%) 

Epoch 080
Loss: 0.1121 
Train Acc: 8450/9115 (92.70%) 
Test Acc:  8867/9315 (95.19%) 
Train Positive Acc: 4012/4493 (89.29%) 
Test Positive Acc:  4089/4405 (92.83%) 
Train Negative Acc: 4438/4622 (96.02%) 
Test Negative Acc:  4778/4910 (97.31%) 

Epoch 120
Loss: 0.0771 
Train Acc: 8870/9115 (97.31%) 
Test Acc:  9142/9315 (98.14%) 
Train Positive Acc: 4264/4493 (94.90%) 
Test Positive Acc:  4240/4405 (96.25%) 
Train Negative Acc: 4606/4622 (99.65%) 
Test Negative Acc:  4902/4910 (99.84%) 

Epoch 160
Loss: 0.0587 
Train Acc: 8965/9115 (98.35%) 
Test Acc:  9183/9315 (98.58%) 
Train Positive Acc: 4347/4493 (96.75%) 
Test Positive Acc:  4274/4405 (97.03%) 
Train Negative Acc: 4618/4622 (99.91%) 
Test Negative Acc:  4909/4910 (99.98%) 

Epoch 200
Loss: 0.0478 
Train Acc: 9009/9115 (98.84%) 
Test Acc:  9211/9315 (98.88%) 
Train Positive Acc: 4391/4493 (97.73%) 
Test Positive Acc:  4301/4405 (97.64%) 
Train Negative Acc: 4618/4622 (99.91%) 
Test Negative Acc:  4910/4910 (100.00%) 

"
max,psi_8,4,4,"[443, 221, 110, 73, 55, 44, 36, 31, 27, 24, 22, 20, 18, 17, 15, 14, 13, 13, 12, 11, 11]","[443, 222, 111, 74, 55, 44, 37, 32, 28, 25, 22, 20, 18, 17, 16, 15, 14, 13, 12, 12, 11]",9315,4161,5154,3,6651,0.7297,2476,0.6393,4175,0.7965,6771,0.7269,2706,0.6503,4065,0.7887,"  [  0-  4] root neighbors | nodes=2203 | accuracy=0.9142 / 0.8238 / 0.9592
  [  5-  9] root neighbors | nodes=2170 | accuracy=0.6760 / 0.6339 / 0.7154
  [ 10- 14] root neighbors | nodes=2174 | accuracy=0.6684 / 0.5950 / 0.7353
  [ 15- 19] root neighbors | nodes=2128 | accuracy=0.6842 / 0.5731 / 0.7588
  [ 20- 24] root neighbors | nodes= 440 | accuracy=0.5932 / 0.5050 / 0.6667
","  [  0-  4] root neighbors | nodes=2215 | accuracy=0.9138 / 0.8235 / 0.9593
  [  5-  9] root neighbors | nodes=2230 | accuracy=0.6973 / 0.6603 / 0.7296
  [ 10- 14] root neighbors | nodes=2202 | accuracy=0.6862 / 0.6540 / 0.7142
  [ 15- 19] root neighbors | nodes=2228 | accuracy=0.6109 / 0.5514 / 0.6799
  [ 20- 24] root neighbors | nodes= 440 | accuracy=0.7273 / 0.5000 / 0.8571
",200,"Epoch 040
Loss: 0.3167 
Train Acc: 5981/9115 (65.62%) 
Test Acc:  6159/9315 (66.12%) 
Train Positive Acc: 2197/3873 (56.73%) 
Test Positive Acc:  2404/4161 (57.77%) 
Train Negative Acc: 3784/5242 (72.19%) 
Test Negative Acc:  3755/5154 (72.86%) 

Epoch 080
Loss: 0.2717 
Train Acc: 6388/9115 (70.08%) 
Test Acc:  6702/9315 (71.95%) 
Train Positive Acc: 2454/3873 (63.36%) 
Test Positive Acc:  2669/4161 (64.14%) 
Train Negative Acc: 3934/5242 (75.05%) 
Test Negative Acc:  4033/5154 (78.25%) 

Epoch 120
Loss: 0.2519 
Train Acc: 6472/9115 (71.00%) 
Test Acc:  6608/9315 (70.94%) 
Train Positive Acc: 2628/3873 (67.85%) 
Test Positive Acc:  2855/4161 (68.61%) 
Train Negative Acc: 3844/5242 (73.33%) 
Test Negative Acc:  3753/5154 (72.82%) 

Epoch 160
Loss: 0.2359 
Train Acc: 6596/9115 (72.36%) 
Test Acc:  6658/9315 (71.48%) 
Train Positive Acc: 2412/3873 (62.28%) 
Test Positive Acc:  2621/4161 (62.99%) 
Train Negative Acc: 4184/5242 (79.82%) 
Test Negative Acc:  4037/5154 (78.33%) 

Epoch 200
Loss: 0.2302 
Train Acc: 6651/9115 (72.97%) 
Test Acc:  6771/9315 (72.69%) 
Train Positive Acc: 2476/3873 (63.93%) 
Test Positive Acc:  2706/4161 (65.03%) 
Train Negative Acc: 4175/5242 (79.65%) 
Test Negative Acc:  4065/5154 (78.87%) 

"
sum,psi_8,4,4,"[443, 221, 110, 73, 55, 44, 36, 31, 27, 24, 22, 20, 18, 17, 15, 14, 13, 13, 12, 11, 11]","[443, 222, 111, 74, 55, 44, 37, 32, 28, 25, 22, 20, 18, 17, 16, 15, 14, 13, 12, 12, 11]",9315,4161,5154,3,5002,0.5488,2230,0.5758,2772,0.5288,5283,0.5671,2468,0.5931,2815,0.5462,"  [  0-  4] root neighbors | nodes=2203 | accuracy=0.7871 / 0.4208 / 0.9694
  [  5-  9] root neighbors | nodes=2170 | accuracy=0.4959 / 0.0 / 0.9599
  [ 10- 14] root neighbors | nodes=2174 | accuracy=0.5230 / 0.8361 / 0.2375
  [ 15- 19] root neighbors | nodes=2128 | accuracy=0.4018 / 1.0000 / 0.0
  [ 20- 24] root neighbors | nodes= 440 | accuracy=0.4545 / 1.0000 / 0.0
","  [  0-  4] root neighbors | nodes=2215 | accuracy=0.7847 / 0.4178 / 0.9695
  [  5-  9] root neighbors | nodes=2230 | accuracy=0.5188 / 0.0 / 0.9715
  [ 10- 14] root neighbors | nodes=2202 | accuracy=0.4682 / 0.7830 / 0.1951
  [ 15- 19] root neighbors | nodes=2228 | accuracy=0.5373 / 1.0000 / 0.0
  [ 20- 24] root neighbors | nodes= 440 | accuracy=0.3636 / 1.0000 / 0.0
",200,"Epoch 040
Loss: 0.4925 
Train Acc: 4720/9115 (51.78%) 
Test Acc:  5014/9315 (53.83%) 
Train Positive Acc: 2326/3873 (60.06%) 
Test Positive Acc:  2584/4161 (62.10%) 
Train Negative Acc: 2394/5242 (45.67%) 
Test Negative Acc:  2430/5154 (47.15%) 

Epoch 080
Loss: 0.4151 
Train Acc: 4925/9115 (54.03%) 
Test Acc:  5224/9315 (56.08%) 
Train Positive Acc: 2547/3873 (65.76%) 
Test Positive Acc:  2794/4161 (67.15%) 
Train Negative Acc: 2378/5242 (45.36%) 
Test Negative Acc:  2430/5154 (47.15%) 

Epoch 120
Loss: 0.3420 
Train Acc: 5036/9115 (55.25%) 
Test Acc:  5322/9315 (57.13%) 
Train Positive Acc: 2209/3873 (57.04%) 
Test Positive Acc:  2447/4161 (58.81%) 
Train Negative Acc: 2827/5242 (53.93%) 
Test Negative Acc:  2875/5154 (55.78%) 

Epoch 160
Loss: 0.3242 
Train Acc: 5026/9115 (55.14%) 
Test Acc:  5307/9315 (56.97%) 
Train Positive Acc: 2209/3873 (57.04%) 
Test Positive Acc:  2447/4161 (58.81%) 
Train Negative Acc: 2817/5242 (53.74%) 
Test Negative Acc:  2860/5154 (55.49%) 

Epoch 200
Loss: 0.3165 
Train Acc: 5002/9115 (54.88%) 
Test Acc:  5283/9315 (56.71%) 
Train Positive Acc: 2230/3873 (57.58%) 
Test Positive Acc:  2468/4161 (59.31%) 
Train Negative Acc: 2772/5242 (52.88%) 
Test Negative Acc:  2815/5154 (54.62%) 

"
mean,psi_8,4,4,"[443, 221, 110, 73, 55, 44, 36, 31, 27, 24, 22, 20, 18, 17, 15, 14, 13, 13, 12, 11, 11]","[443, 222, 111, 74, 55, 44, 37, 32, 28, 25, 22, 20, 18, 17, 16, 15, 14, 13, 12, 12, 11]",9315,4161,5154,1,9096,0.9979,3854,0.9951,5242,1.0,9260,0.9941,4106,0.9868,5154,1.0,"  [  0-  4] root neighbors | nodes=2203 | accuracy=1.0000 / 1.0000 / 1.0000
  [  5-  9] root neighbors | nodes=2170 | accuracy=1.0000 / 1.0000 / 1.0000
  [ 10- 14] root neighbors | nodes=2174 | accuracy=1.0000 / 1.0000 / 1.0000
  [ 15- 19] root neighbors | nodes=2128 | accuracy=0.9911 / 0.9778 / 1.0000
  [ 20- 24] root neighbors | nodes= 440 | accuracy=1.0000 / 1.0000 / 1.0000
","  [  0-  4] root neighbors | nodes=2215 | accuracy=1.0000 / 1.0000 / 1.0000
  [  5-  9] root neighbors | nodes=2230 | accuracy=1.0000 / 1.0000 / 1.0000
  [ 10- 14] root neighbors | nodes=2202 | accuracy=1.0000 / 1.0000 / 1.0000
  [ 15- 19] root neighbors | nodes=2228 | accuracy=0.9753 / 0.9541 / 1.0000
  [ 20- 24] root neighbors | nodes= 440 | accuracy=1.0000 / 1.0000 / 1.0000
",200,"Epoch 040
Loss: 0.1385 
Train Acc: 8946/9115 (98.15%) 
Test Acc:  9186/9315 (98.62%) 
Train Positive Acc: 3704/3873 (95.64%) 
Test Positive Acc:  4032/4161 (96.90%) 
Train Negative Acc: 5242/5242 (100.00%) 
Test Negative Acc:  5154/5154 (100.00%) 

Epoch 080
Loss: 0.0338 
Train Acc: 9055/9115 (99.34%) 
Test Acc:  9254/9315 (99.35%) 
Train Positive Acc: 3813/3873 (98.45%) 
Test Positive Acc:  4100/4161 (98.53%) 
Train Negative Acc: 5242/5242 (100.00%) 
Test Negative Acc:  5154/5154 (100.00%) 

Epoch 120
Loss: 0.0195 
Train Acc: 9087/9115 (99.69%) 
Test Acc:  9259/9315 (99.40%) 
Train Positive Acc: 3845/3873 (99.28%) 
Test Positive Acc:  4105/4161 (98.65%) 
Train Negative Acc: 5242/5242 (100.00%) 
Test Negative Acc:  5154/5154 (100.00%) 

Epoch 160
Loss: 0.0132 
Train Acc: 9096/9115 (99.79%) 
Test Acc:  9260/9315 (99.41%) 
Train Positive Acc: 3854/3873 (99.51%) 
Test Positive Acc:  4106/4161 (98.68%) 
Train Negative Acc: 5242/5242 (100.00%) 
Test Negative Acc:  5154/5154 (100.00%) 

Epoch 200
Loss: 0.0106 
Train Acc: 9096/9115 (99.79%) 
Test Acc:  9260/9315 (99.41%) 
Train Positive Acc: 3854/3873 (99.51%) 
Test Positive Acc:  4106/4161 (98.68%) 
Train Negative Acc: 5242/5242 (100.00%) 
Test Negative Acc:  5154/5154 (100.00%) 

"
max,psi_0,1,1,"[886, 443, 221, 147, 110, 88, 73, 63, 55, 49, 0, 0, 0, 0, 0, 0, 0, 0, 0, 0, 0]","[0, 0, 0, 0, 0, 0, 0, 0, 0, 0, 44, 40, 36, 34, 31, 29, 27, 26, 24, 23, 22]",9612,4734,4878,1,8818,1.0,4395,1.0,4423,1.0,9612,1.0,4734,1.0,4878,1.0,"  [  0-  4] root neighbors | nodes=4418 | accuracy=1.0000 / 1.0000 / 1.0000
  [  5-  9] root neighbors | nodes=4400 | accuracy=1.0000 / 1.0000 / 1.0000
  [ 10- 14] root neighbors | nodes=   0 | accuracy=n/a
  [ 15- 19] root neighbors | nodes=   0 | accuracy=n/a
  [ 20- 24] root neighbors | nodes=   0 | accuracy=n/a
","  [  0-  4] root neighbors | nodes=   0 | accuracy=n/a
  [  5-  9] root neighbors | nodes=   0 | accuracy=n/a
  [ 10- 14] root neighbors | nodes=4376 | accuracy=1.0000 / 1.0000 / 1.0000
  [ 15- 19] root neighbors | nodes=4356 | accuracy=1.0000 / 1.0000 / 1.0000
  [ 20- 24] root neighbors | nodes= 880 | accuracy=1.0000 / 1.0000 / 1.0000
",40,"Epoch 040
Loss: 0.0177 
Train Acc: 8818/8818 (100.00%) 
Test Acc:  9612/9612 (100.00%) 
Train Positive Acc: 4395/4395 (100.00%) 
Test Positive Acc:  4734/4734 (100.00%) 
Train Negative Acc: 4423/4423 (100.00%) 
Test Negative Acc:  4878/4878 (100.00%) 

"
sum,psi_0,1,1,"[886, 443, 221, 147, 110, 88, 73, 63, 55, 49, 0, 0, 0, 0, 0, 0, 0, 0, 0, 0, 0]","[0, 0, 0, 0, 0, 0, 0, 0, 0, 0, 44, 40, 36, 34, 31, 29, 27, 26, 24, 23, 22]",9612,4734,4878,1,8818,1.0,4395,1.0,4423,1.0,9233,0.9606,4355,0.9199,4878,1.0,"  [  0-  4] root neighbors | nodes=4418 | accuracy=1.0000 / 1.0000 / 1.0000
  [  5-  9] root neighbors | nodes=4400 | accuracy=1.0000 / 1.0000 / 1.0000
  [ 10- 14] root neighbors | nodes=   0 | accuracy=n/a
  [ 15- 19] root neighbors | nodes=   0 | accuracy=n/a
  [ 20- 24] root neighbors | nodes=   0 | accuracy=n/a
","  [  0-  4] root neighbors | nodes=   0 | accuracy=n/a
  [  5-  9] root neighbors | nodes=   0 | accuracy=n/a
  [ 10- 14] root neighbors | nodes=4376 | accuracy=0.9856 / 0.9721 / 1.0000
  [ 15- 19] root neighbors | nodes=4356 | accuracy=0.9415 / 0.8785 / 1.0000
  [ 20- 24] root neighbors | nodes= 880 | accuracy=0.9307 / 0.8395 / 1.0000
",40,"Epoch 040
Loss: 0.0185 
Train Acc: 8818/8818 (100.00%) 
Test Acc:  9233/9612 (96.06%) 
Train Positive Acc: 4395/4395 (100.00%) 
Test Positive Acc:  4355/4734 (91.99%) 
Train Negative Acc: 4423/4423 (100.00%) 
Test Negative Acc:  4878/4878 (100.00%) 

"
mean,psi_0,1,1,"[886, 443, 221, 147, 110, 88, 73, 63, 55, 49, 0, 0, 0, 0, 0, 0, 0, 0, 0, 0, 0]","[0, 0, 0, 0, 0, 0, 0, 0, 0, 0, 44, 40, 36, 34, 31, 29, 27, 26, 24, 23, 22]",9612,4734,4878,1,8818,1.0,4395,1.0,4423,1.0,9612,1.0,4734,1.0,4878,1.0,"  [  0-  4] root neighbors | nodes=4418 | accuracy=1.0000 / 1.0000 / 1.0000
  [  5-  9] root neighbors | nodes=4400 | accuracy=1.0000 / 1.0000 / 1.0000
  [ 10- 14] root neighbors | nodes=   0 | accuracy=n/a
  [ 15- 19] root neighbors | nodes=   0 | accuracy=n/a
  [ 20- 24] root neighbors | nodes=   0 | accuracy=n/a
","  [  0-  4] root neighbors | nodes=   0 | accuracy=n/a
  [  5-  9] root neighbors | nodes=   0 | accuracy=n/a
  [ 10- 14] root neighbors | nodes=4376 | accuracy=1.0000 / 1.0000 / 1.0000
  [ 15- 19] root neighbors | nodes=4356 | accuracy=1.0000 / 1.0000 / 1.0000
  [ 20- 24] root neighbors | nodes= 880 | accuracy=1.0000 / 1.0000 / 1.0000
",40,"Epoch 040
Loss: 0.0170 
Train Acc: 8818/8818 (100.00%) 
Test Acc:  9612/9612 (100.00%) 
Train Positive Acc: 4395/4395 (100.00%) 
Test Positive Acc:  4734/4734 (100.00%) 
Train Negative Acc: 4423/4423 (100.00%) 
Test Negative Acc:  4878/4878 (100.00%) 

"
max,psi_1,4,4,"[886, 443, 221, 147, 110, 88, 73, 63, 55, 49, 0, 0, 0, 0, 0, 0, 0, 0, 0, 0, 0]","[0, 0, 0, 0, 0, 0, 0, 0, 0, 0, 44, 40, 36, 34, 31, 29, 27, 26, 24, 23, 22]",9612,7830,1782,1,8818,1.0,4561,1.0,4257,1.0,9612,1.0,7830,1.0,1782,1.0,"  [  0-  4] root neighbors | nodes=4418 | accuracy=1.0000 / 1.0000 / 1.0000
  [  5-  9] root neighbors | nodes=4400 | accuracy=1.0000 / 1.0000 / 1.0000
  [ 10- 14] root neighbors | nodes=   0 | accuracy=n/a
  [ 15- 19] root neighbors | nodes=   0 | accuracy=n/a
  [ 20- 24] root neighbors | nodes=   0 | accuracy=n/a
","  [  0-  4] root neighbors | nodes=   0 | accuracy=n/a
  [  5-  9] root neighbors | nodes=   0 | accuracy=n/a
  [ 10- 14] root neighbors | nodes=4376 | accuracy=1.0000 / 1.0000 / 1.0000
  [ 15- 19] root neighbors | nodes=4356 | accuracy=1.0000 / 1.0000 / 1.0000
  [ 20- 24] root neighbors | nodes= 880 | accuracy=1.0000 / 1.0000 / 1.0000
",40,"Epoch 040
Loss: 0.0368 
Train Acc: 8818/8818 (100.00%) 
Test Acc:  9612/9612 (100.00%) 
Train Positive Acc: 4561/4561 (100.00%) 
Test Positive Acc:  7830/7830 (100.00%) 
Train Negative Acc: 4257/4257 (100.00%) 
Test Negative Acc:  1782/1782 (100.00%) 

"
sum,psi_1,4,4,"[886, 443, 221, 147, 110, 88, 73, 63, 55, 49, 0, 0, 0, 0, 0, 0, 0, 0, 0, 0, 0]","[0, 0, 0, 0, 0, 0, 0, 0, 0, 0, 44, 40, 36, 34, 31, 29, 27, 26, 24, 23, 22]",9612,7830,1782,3,7251,0.8223,4132,0.9059,3119,0.7327,7830,0.8146,7830,1.0,0,0.0,"  [  0-  4] root neighbors | nodes=4418 | accuracy=0.9282 / 0.9450 / 0.9196
  [  5-  9] root neighbors | nodes=4400 | accuracy=0.7159 / 0.8866 / 0.3294
  [ 10- 14] root neighbors | nodes=   0 | accuracy=n/a
  [ 15- 19] root neighbors | nodes=   0 | accuracy=n/a
  [ 20- 24] root neighbors | nodes=   0 | accuracy=n/a
","  [  0-  4] root neighbors | nodes=   0 | accuracy=n/a
  [  5-  9] root neighbors | nodes=   0 | accuracy=n/a
  [ 10- 14] root neighbors | nodes=4376 | accuracy=0.8016 / 1.0000 / 0.0
  [ 15- 19] root neighbors | nodes=4356 | accuracy=0.8315 / 1.0000 / 0.0
  [ 20- 24] root neighbors | nodes= 880 | accuracy=0.7955 / 1.0000 / 0.0
",200,"Epoch 040
Loss: 0.1604 
Train Acc: 7424/8818 (84.19%) 
Test Acc:  7830/9612 (81.46%) 
Train Positive Acc: 4036/4561 (88.49%) 
Test Positive Acc:  7830/7830 (100.00%) 
Train Negative Acc: 3388/4257 (79.59%) 
Test Negative Acc:  0/1782 (0.00%) 

Epoch 080
Loss: 0.1371 
Train Acc: 7506/8818 (85.12%) 
Test Acc:  7830/9612 (81.46%) 
Train Positive Acc: 4357/4561 (95.53%) 
Test Positive Acc:  7830/7830 (100.00%) 
Train Negative Acc: 3149/4257 (73.97%) 
Test Negative Acc:  0/1782 (0.00%) 

Epoch 120
Loss: 0.1387 
Train Acc: 7221/8818 (81.89%) 
Test Acc:  7830/9612 (81.46%) 
Train Positive Acc: 4109/4561 (90.09%) 
Test Positive Acc:  7830/7830 (100.00%) 
Train Negative Acc: 3112/4257 (73.10%) 
Test Negative Acc:  0/1782 (0.00%) 

Epoch 160
Loss: 0.1348 
Train Acc: 7283/8818 (82.59%) 
Test Acc:  7830/9612 (81.46%) 
Train Positive Acc: 4168/4561 (91.38%) 
Test Positive Acc:  7830/7830 (100.00%) 
Train Negative Acc: 3115/4257 (73.17%) 
Test Negative Acc:  0/1782 (0.00%) 

Epoch 200
Loss: 0.1326 
Train Acc: 7251/8818 (82.23%) 
Test Acc:  7830/9612 (81.46%) 
Train Positive Acc: 4132/4561 (90.59%) 
Test Positive Acc:  7830/7830 (100.00%) 
Train Negative Acc: 3119/4257 (73.27%) 
Test Negative Acc:  0/1782 (0.00%) 

"
mean,psi_1,4,4,"[886, 443, 221, 147, 110, 88, 73, 63, 55, 49, 0, 0, 0, 0, 0, 0, 0, 0, 0, 0, 0]","[0, 0, 0, 0, 0, 0, 0, 0, 0, 0, 44, 40, 36, 34, 31, 29, 27, 26, 24, 23, 22]",9612,7830,1782,1,8818,1.0,4561,1.0,4257,1.0,8552,0.8897,6770,0.8646,1782,1.0,"  [  0-  4] root neighbors | nodes=4418 | accuracy=1.0000 / 1.0000 / 1.0000
  [  5-  9] root neighbors | nodes=4400 | accuracy=1.0000 / 1.0000 / 1.0000
  [ 10- 14] root neighbors | nodes=   0 | accuracy=n/a
  [ 15- 19] root neighbors | nodes=   0 | accuracy=n/a
  [ 20- 24] root neighbors | nodes=   0 | accuracy=n/a
","  [  0-  4] root neighbors | nodes=   0 | accuracy=n/a
  [  5-  9] root neighbors | nodes=   0 | accuracy=n/a
  [ 10- 14] root neighbors | nodes=4376 | accuracy=0.9084 / 0.8857 / 1.0000
  [ 15- 19] root neighbors | nodes=4356 | accuracy=0.8763 / 0.8512 / 1.0000
  [ 20- 24] root neighbors | nodes= 880 | accuracy=0.8636 / 0.8286 / 1.0000
",160,"Epoch 040
Loss: 0.1570 
Train Acc: 7535/8818 (85.45%) 
Test Acc:  6799/9612 (70.73%) 
Train Positive Acc: 3608/4561 (79.11%) 
Test Positive Acc:  5288/7830 (67.54%) 
Train Negative Acc: 3927/4257 (92.25%) 
Test Negative Acc:  1511/1782 (84.79%) 

Epoch 080
Loss: 0.0793 
Train Acc: 8160/8818 (92.54%) 
Test Acc:  7695/9612 (80.06%) 
Train Positive Acc: 4108/4561 (90.07%) 
Test Positive Acc:  6089/7830 (77.77%) 
Train Negative Acc: 4052/4257 (95.18%) 
Test Negative Acc:  1606/1782 (90.12%) 

Epoch 120
Loss: 0.0137 
Train Acc: 8807/8818 (99.88%) 
Test Acc:  8249/9612 (85.82%) 
Train Positive Acc: 4550/4561 (99.76%) 
Test Positive Acc:  6467/7830 (82.59%) 
Train Negative Acc: 4257/4257 (100.00%) 
Test Negative Acc:  1782/1782 (100.00%) 

Epoch 160
Loss: 0.0081 
Train Acc: 8818/8818 (100.00%) 
Test Acc:  8552/9612 (88.97%) 
Train Positive Acc: 4561/4561 (100.00%) 
Test Positive Acc:  6770/7830 (86.46%) 
Train Negative Acc: 4257/4257 (100.00%) 
Test Negative Acc:  1782/1782 (100.00%) 

"
max,psi_2,7,7,"[886, 443, 221, 147, 110, 88, 73, 63, 55, 49, 0, 0, 0, 0, 0, 0, 0, 0, 0, 0, 0]","[0, 0, 0, 0, 0, 0, 0, 0, 0, 0, 44, 40, 36, 34, 31, 29, 27, 26, 24, 23, 22]",9612,1566,8046,2,8818,1.0,2099,1.0,6719,1.0,9612,1.0,1566,1.0,8046,1.0,"  [  0-  4] root neighbors | nodes=4418 | accuracy=1.0000 / 1.0000 / 1.0000
  [  5-  9] root neighbors | nodes=4400 | accuracy=1.0000 / 1.0000 / 1.0000
  [ 10- 14] root neighbors | nodes=   0 | accuracy=n/a
  [ 15- 19] root neighbors | nodes=   0 | accuracy=n/a
  [ 20- 24] root neighbors | nodes=   0 | accuracy=n/a
","  [  0-  4] root neighbors | nodes=   0 | accuracy=n/a
  [  5-  9] root neighbors | nodes=   0 | accuracy=n/a
  [ 10- 14] root neighbors | nodes=4376 | accuracy=1.0000 / 1.0000 / 1.0000
  [ 15- 19] root neighbors | nodes=4356 | accuracy=1.0000 / 1.0000 / 1.0000
  [ 20- 24] root neighbors | nodes= 880 | accuracy=1.0000 / 1.0000 / 1.0000
",120,"Epoch 040
Loss: 0.0940 
Train Acc: 8305/8818 (94.18%) 
Test Acc:  9302/9612 (96.77%) 
Train Positive Acc: 1627/2099 (77.51%) 
Test Positive Acc:  1279/1566 (81.67%) 
Train Negative Acc: 6678/6719 (99.39%) 
Test Negative Acc:  8023/8046 (99.71%) 

Epoch 080
Loss: 0.0805 
Train Acc: 8352/8818 (94.72%) 
Test Acc:  9344/9612 (97.21%) 
Train Positive Acc: 1633/2099 (77.80%) 
Test Positive Acc:  1298/1566 (82.89%) 
Train Negative Acc: 6719/6719 (100.00%) 
Test Negative Acc:  8046/8046 (100.00%) 

Epoch 120
Loss: 0.0183 
Train Acc: 8818/8818 (100.00%) 
Test Acc:  9612/9612 (100.00%) 
Train Positive Acc: 2099/2099 (100.00%) 
Test Positive Acc:  1566/1566 (100.00%) 
Train Negative Acc: 6719/6719 (100.00%) 
Test Negative Acc:  8046/8046 (100.00%) 

"
sum,psi_2,7,7,"[886, 443, 221, 147, 110, 88, 73, 63, 55, 49, 0, 0, 0, 0, 0, 0, 0, 0, 0, 0, 0]","[0, 0, 0, 0, 0, 0, 0, 0, 0, 0, 44, 40, 36, 34, 31, 29, 27, 26, 24, 23, 22]",9612,1566,8046,3,7154,0.8113,459,0.2187,6695,0.9964,8046,0.8371,0,0.0,8046,1.0,"  [  0-  4] root neighbors | nodes=4418 | accuracy=0.8712 / 0.4489 / 0.9930
  [  5-  9] root neighbors | nodes=4400 | accuracy=0.7511 / 0.0135 / 1.0000
  [ 10- 14] root neighbors | nodes=   0 | accuracy=n/a
  [ 15- 19] root neighbors | nodes=   0 | accuracy=n/a
  [ 20- 24] root neighbors | nodes=   0 | accuracy=n/a
","  [  0-  4] root neighbors | nodes=   0 | accuracy=n/a
  [  5-  9] root neighbors | nodes=   0 | accuracy=n/a
  [ 10- 14] root neighbors | nodes=4376 | accuracy=0.7966 / 0.0 / 1.0000
  [ 15- 19] root neighbors | nodes=4356 | accuracy=0.8632 / 0.0 / 1.0000
  [ 20- 24] root neighbors | nodes= 880 | accuracy=0.9091 / 0.0 / 1.0000
",200,"Epoch 040
Loss: 0.2021 
Train Acc: 7219/8818 (81.87%) 
Test Acc:  8046/9612 (83.71%) 
Train Positive Acc: 655/2099 (31.21%) 
Test Positive Acc:  0/1566 (0.00%) 
Train Negative Acc: 6564/6719 (97.69%) 
Test Negative Acc:  8046/8046 (100.00%) 

Epoch 080
Loss: 0.2460 
Train Acc: 7045/8818 (79.89%) 
Test Acc:  8046/9612 (83.71%) 
Train Positive Acc: 381/2099 (18.15%) 
Test Positive Acc:  0/1566 (0.00%) 
Train Negative Acc: 6664/6719 (99.18%) 
Test Negative Acc:  8046/8046 (100.00%) 

Epoch 120
Loss: 0.1958 
Train Acc: 7139/8818 (80.96%) 
Test Acc:  8046/9612 (83.71%) 
Train Positive Acc: 459/2099 (21.87%) 
Test Positive Acc:  0/1566 (0.00%) 
Train Negative Acc: 6680/6719 (99.42%) 
Test Negative Acc:  8046/8046 (100.00%) 

Epoch 160
Loss: 0.1937 
Train Acc: 7139/8818 (80.96%) 
Test Acc:  8046/9612 (83.71%) 
Train Positive Acc: 444/2099 (21.15%) 
Test Positive Acc:  0/1566 (0.00%) 
Train Negative Acc: 6695/6719 (99.64%) 
Test Negative Acc:  8046/8046 (100.00%) 

Epoch 200
Loss: 0.1912 
Train Acc: 7154/8818 (81.13%) 
Test Acc:  8046/9612 (83.71%) 
Train Positive Acc: 459/2099 (21.87%) 
Test Positive Acc:  0/1566 (0.00%) 
Train Negative Acc: 6695/6719 (99.64%) 
Test Negative Acc:  8046/8046 (100.00%) 

"
mean,psi_2,7,7,"[886, 443, 221, 147, 110, 88, 73, 63, 55, 49, 0, 0, 0, 0, 0, 0, 0, 0, 0, 0, 0]","[0, 0, 0, 0, 0, 0, 0, 0, 0, 0, 44, 40, 36, 34, 31, 29, 27, 26, 24, 23, 22]",9612,1566,8046,2,8347,0.9466,1660,0.7909,6687,0.9952,8739,0.9092,987,0.6303,7752,0.9635,"  [  0-  4] root neighbors | nodes=4418 | accuracy=0.9796 / 0.9090 / 1.0000
  [  5-  9] root neighbors | nodes=4400 | accuracy=0.9134 / 0.6856 / 0.9903
  [ 10- 14] root neighbors | nodes=   0 | accuracy=n/a
  [ 15- 19] root neighbors | nodes=   0 | accuracy=n/a
  [ 20- 24] root neighbors | nodes=   0 | accuracy=n/a
","  [  0-  4] root neighbors | nodes=   0 | accuracy=n/a
  [  5-  9] root neighbors | nodes=   0 | accuracy=n/a
  [ 10- 14] root neighbors | nodes=4376 | accuracy=0.8976 / 0.5775 / 0.9793
  [ 15- 19] root neighbors | nodes=4356 | accuracy=0.9162 / 0.7265 / 0.9463
  [ 20- 24] root neighbors | nodes= 880 | accuracy=0.9318 / 0.5000 / 0.9750
",200,"Epoch 040
Loss: 0.1462 
Train Acc: 7289/8818 (82.66%) 
Test Acc:  7581/9612 (78.87%) 
Train Positive Acc: 1270/2099 (60.51%) 
Test Positive Acc:  855/1566 (54.60%) 
Train Negative Acc: 6019/6719 (89.58%) 
Test Negative Acc:  6726/8046 (83.59%) 

Epoch 080
Loss: 0.0535 
Train Acc: 8482/8818 (96.19%) 
Test Acc:  8690/9612 (90.41%) 
Train Positive Acc: 1817/2099 (86.57%) 
Test Positive Acc:  1266/1566 (80.84%) 
Train Negative Acc: 6665/6719 (99.20%) 
Test Negative Acc:  7424/8046 (92.27%) 

Epoch 120
Loss: 0.0452 
Train Acc: 8548/8818 (96.94%) 
Test Acc:  8363/9612 (87.01%) 
Train Positive Acc: 2016/2099 (96.05%) 
Test Positive Acc:  1392/1566 (88.89%) 
Train Negative Acc: 6532/6719 (97.22%) 
Test Negative Acc:  6971/8046 (86.64%) 

Epoch 160
Loss: 0.0349 
Train Acc: 8629/8818 (97.86%) 
Test Acc:  8757/9612 (91.10%) 
Train Positive Acc: 1941/2099 (92.47%) 
Test Positive Acc:  1264/1566 (80.72%) 
Train Negative Acc: 6688/6719 (99.54%) 
Test Negative Acc:  7493/8046 (93.13%) 

Epoch 200
Loss: 0.1069 
Train Acc: 8347/8818 (94.66%) 
Test Acc:  8739/9612 (90.92%) 
Train Positive Acc: 1660/2099 (79.09%) 
Test Positive Acc:  987/1566 (63.03%) 
Train Negative Acc: 6687/6719 (99.52%) 
Test Negative Acc:  7752/8046 (96.35%) 

"
max,psi_3,2,2,"[886, 443, 221, 147, 110, 88, 73, 63, 55, 49, 0, 0, 0, 0, 0, 0, 0, 0, 0, 0, 0]","[0, 0, 0, 0, 0, 0, 0, 0, 0, 0, 44, 40, 36, 34, 31, 29, 27, 26, 24, 23, 22]",9612,7730,1882,3,6513,0.7386,0,0.0,6513,1.0,1882,0.1958,0,0.0,1882,1.0,"  [  0-  4] root neighbors | nodes=4418 | accuracy=0.9728 / 0.0 / 1.0000
  [  5-  9] root neighbors | nodes=4400 | accuracy=0.5034 / 0.0 / 1.0000
  [ 10- 14] root neighbors | nodes=   0 | accuracy=n/a
  [ 15- 19] root neighbors | nodes=   0 | accuracy=n/a
  [ 20- 24] root neighbors | nodes=   0 | accuracy=n/a
","  [  0-  4] root neighbors | nodes=   0 | accuracy=n/a
  [  5-  9] root neighbors | nodes=   0 | accuracy=n/a
  [ 10- 14] root neighbors | nodes=4376 | accuracy=0.2943 / 0.0 / 1.0000
  [ 15- 19] root neighbors | nodes=4356 | accuracy=0.1042 / 0.0 / 1.0000
  [ 20- 24] root neighbors | nodes= 880 | accuracy=0.1591 / 0.0 / 1.0000
",200,"Epoch 040
Loss: 0.2105 
Train Acc: 6513/8818 (73.86%) 
Test Acc:  1882/9612 (19.58%) 
Train Positive Acc: 0/2305 (0.00%) 
Test Positive Acc:  0/7730 (0.00%) 
Train Negative Acc: 6513/6513 (100.00%) 
Test Negative Acc:  1882/1882 (100.00%) 

Epoch 080
Loss: 0.1912 
Train Acc: 6513/8818 (73.86%) 
Test Acc:  1882/9612 (19.58%) 
Train Positive Acc: 0/2305 (0.00%) 
Test Positive Acc:  0/7730 (0.00%) 
Train Negative Acc: 6513/6513 (100.00%) 
Test Negative Acc:  1882/1882 (100.00%) 

Epoch 120
Loss: 0.1855 
Train Acc: 6513/8818 (73.86%) 
Test Acc:  1882/9612 (19.58%) 
Train Positive Acc: 0/2305 (0.00%) 
Test Positive Acc:  0/7730 (0.00%) 
Train Negative Acc: 6513/6513 (100.00%) 
Test Negative Acc:  1882/1882 (100.00%) 

Epoch 160
Loss: 0.1832 
Train Acc: 6513/8818 (73.86%) 
Test Acc:  1882/9612 (19.58%) 
Train Positive Acc: 0/2305 (0.00%) 
Test Positive Acc:  0/7730 (0.00%) 
Train Negative Acc: 6513/6513 (100.00%) 
Test Negative Acc:  1882/1882 (100.00%) 

Epoch 200
Loss: 0.1821 
Train Acc: 6513/8818 (73.86%) 
Test Acc:  1882/9612 (19.58%) 
Train Positive Acc: 0/2305 (0.00%) 
Test Positive Acc:  0/7730 (0.00%) 
Train Negative Acc: 6513/6513 (100.00%) 
Test Negative Acc:  1882/1882 (100.00%) 

"
sum,psi_3,2,2,"[886, 443, 221, 147, 110, 88, 73, 63, 55, 49, 0, 0, 0, 0, 0, 0, 0, 0, 0, 0, 0]","[0, 0, 0, 0, 0, 0, 0, 0, 0, 0, 44, 40, 36, 34, 31, 29, 27, 26, 24, 23, 22]",9612,7730,1882,3,8781,0.9958,2268,0.9839,6513,1.0,8923,0.9283,7041,0.9109,1882,1.0,"  [  0-  4] root neighbors | nodes=4418 | accuracy=1.0000 / 1.0000 / 1.0000
  [  5-  9] root neighbors | nodes=4400 | accuracy=0.9916 / 0.9831 / 1.0000
  [ 10- 14] root neighbors | nodes=   0 | accuracy=n/a
  [ 15- 19] root neighbors | nodes=   0 | accuracy=n/a
  [ 20- 24] root neighbors | nodes=   0 | accuracy=n/a
","  [  0-  4] root neighbors | nodes=   0 | accuracy=n/a
  [  5-  9] root neighbors | nodes=   0 | accuracy=n/a
  [ 10- 14] root neighbors | nodes=4376 | accuracy=0.9342 / 0.9067 / 1.0000
  [ 15- 19] root neighbors | nodes=4356 | accuracy=0.9236 / 0.9147 / 1.0000
  [ 20- 24] root neighbors | nodes= 880 | accuracy=0.9227 / 0.9081 / 1.0000
",200,"Epoch 040
Loss: 0.1122 
Train Acc: 7404/8818 (83.96%) 
Test Acc:  3387/9612 (35.24%) 
Train Positive Acc: 894/2305 (38.79%) 
Test Positive Acc:  1561/7730 (20.19%) 
Train Negative Acc: 6510/6513 (99.95%) 
Test Negative Acc:  1826/1882 (97.02%) 

Epoch 080
Loss: 0.0612 
Train Acc: 7673/8818 (87.02%) 
Test Acc:  3201/9612 (33.30%) 
Train Positive Acc: 1160/2305 (50.33%) 
Test Positive Acc:  1319/7730 (17.06%) 
Train Negative Acc: 6513/6513 (100.00%) 
Test Negative Acc:  1882/1882 (100.00%) 

Epoch 120
Loss: 0.0374 
Train Acc: 8751/8818 (99.24%) 
Test Acc:  8693/9612 (90.44%) 
Train Positive Acc: 2238/2305 (97.09%) 
Test Positive Acc:  6811/7730 (88.11%) 
Train Negative Acc: 6513/6513 (100.00%) 
Test Negative Acc:  1882/1882 (100.00%) 

Epoch 160
Loss: 0.0272 
Train Acc: 8772/8818 (99.48%) 
Test Acc:  8838/9612 (91.95%) 
Train Positive Acc: 2259/2305 (98.00%) 
Test Positive Acc:  6956/7730 (89.99%) 
Train Negative Acc: 6513/6513 (100.00%) 
Test Negative Acc:  1882/1882 (100.00%) 

Epoch 200
Loss: 0.0216 
Train Acc: 8781/8818 (99.58%) 
Test Acc:  8923/9612 (92.83%) 
Train Positive Acc: 2268/2305 (98.39%) 
Test Positive Acc:  7041/7730 (91.09%) 
Train Negative Acc: 6513/6513 (100.00%) 
Test Negative Acc:  1882/1882 (100.00%) 

"
mean,psi_3,2,2,"[886, 443, 221, 147, 110, 88, 73, 63, 55, 49, 0, 0, 0, 0, 0, 0, 0, 0, 0, 0, 0]","[0, 0, 0, 0, 0, 0, 0, 0, 0, 0, 44, 40, 36, 34, 31, 29, 27, 26, 24, 23, 22]",9612,7730,1882,3,6513,0.7386,0,0.0,6513,1.0,1882,0.1958,0,0.0,1882,1.0,"  [  0-  4] root neighbors | nodes=4418 | accuracy=0.9728 / 0.0 / 1.0000
  [  5-  9] root neighbors | nodes=4400 | accuracy=0.5034 / 0.0 / 1.0000
  [ 10- 14] root neighbors | nodes=   0 | accuracy=n/a
  [ 15- 19] root neighbors | nodes=   0 | accuracy=n/a
  [ 20- 24] root neighbors | nodes=   0 | accuracy=n/a
","  [  0-  4] root neighbors | nodes=   0 | accuracy=n/a
  [  5-  9] root neighbors | nodes=   0 | accuracy=n/a
  [ 10- 14] root neighbors | nodes=4376 | accuracy=0.2943 / 0.0 / 1.0000
  [ 15- 19] root neighbors | nodes=4356 | accuracy=0.1042 / 0.0 / 1.0000
  [ 20- 24] root neighbors | nodes= 880 | accuracy=0.1591 / 0.0 / 1.0000
",200,"Epoch 040
Loss: 0.2746 
Train Acc: 6513/8818 (73.86%) 
Test Acc:  1882/9612 (19.58%) 
Train Positive Acc: 0/2305 (0.00%) 
Test Positive Acc:  0/7730 (0.00%) 
Train Negative Acc: 6513/6513 (100.00%) 
Test Negative Acc:  1882/1882 (100.00%) 

Epoch 080
Loss: 0.2728 
Train Acc: 6513/8818 (73.86%) 
Test Acc:  1882/9612 (19.58%) 
Train Positive Acc: 0/2305 (0.00%) 
Test Positive Acc:  0/7730 (0.00%) 
Train Negative Acc: 6513/6513 (100.00%) 
Test Negative Acc:  1882/1882 (100.00%) 

Epoch 120
Loss: 0.2710 
Train Acc: 6513/8818 (73.86%) 
Test Acc:  1882/9612 (19.58%) 
Train Positive Acc: 0/2305 (0.00%) 
Test Positive Acc:  0/7730 (0.00%) 
Train Negative Acc: 6513/6513 (100.00%) 
Test Negative Acc:  1882/1882 (100.00%) 

Epoch 160
Loss: 0.2695 
Train Acc: 6513/8818 (73.86%) 
Test Acc:  1882/9612 (19.58%) 
Train Positive Acc: 0/2305 (0.00%) 
Test Positive Acc:  0/7730 (0.00%) 
Train Negative Acc: 6513/6513 (100.00%) 
Test Negative Acc:  1882/1882 (100.00%) 

Epoch 200
Loss: 0.2685 
Train Acc: 6513/8818 (73.86%) 
Test Acc:  1882/9612 (19.58%) 
Train Positive Acc: 0/2305 (0.00%) 
Test Positive Acc:  0/7730 (0.00%) 
Train Negative Acc: 6513/6513 (100.00%) 
Test Negative Acc:  1882/1882 (100.00%) 

"
max,psi_4,6,6,"[886, 443, 221, 147, 110, 88, 73, 63, 55, 49, 0, 0, 0, 0, 0, 0, 0, 0, 0, 0, 0]","[0, 0, 0, 0, 0, 0, 0, 0, 0, 0, 44, 40, 36, 34, 31, 29, 27, 26, 24, 23, 22]",9612,3771,5841,3,7256,0.8229,3904,0.8925,3352,0.7543,3990,0.4151,3660,0.9706,330,0.0565,"  [  0-  4] root neighbors | nodes=4418 | accuracy=0.9131 / 0.8675 / 0.9308
  [  5-  9] root neighbors | nodes=4400 | accuracy=0.7323 / 0.9024 / 0.3101
  [ 10- 14] root neighbors | nodes=   0 | accuracy=n/a
  [ 15- 19] root neighbors | nodes=   0 | accuracy=n/a
  [ 20- 24] root neighbors | nodes=   0 | accuracy=n/a
","  [  0-  4] root neighbors | nodes=   0 | accuracy=n/a
  [  5-  9] root neighbors | nodes=   0 | accuracy=n/a
  [ 10- 14] root neighbors | nodes=4376 | accuracy=0.4897 / 0.9625 / 0.0719
  [ 15- 19] root neighbors | nodes=4356 | accuracy=0.3611 / 0.9805 / 0.0559
  [ 20- 24] root neighbors | nodes= 880 | accuracy=0.3114 / 0.9786 / 0.0
",200,"Epoch 040
Loss: 0.2362 
Train Acc: 6965/8818 (78.99%) 
Test Acc:  3904/9612 (40.62%) 
Train Positive Acc: 3836/4374 (87.70%) 
Test Positive Acc:  3639/3771 (96.50%) 
Train Negative Acc: 3129/4444 (70.41%) 
Test Negative Acc:  265/5841 (4.54%) 

Epoch 080
Loss: 0.2148 
Train Acc: 7111/8818 (80.64%) 
Test Acc:  3878/9612 (40.35%) 
Train Positive Acc: 3906/4374 (89.30%) 
Test Positive Acc:  3517/3771 (93.26%) 
Train Negative Acc: 3205/4444 (72.12%) 
Test Negative Acc:  361/5841 (6.18%) 

Epoch 120
Loss: 0.2030 
Train Acc: 7103/8818 (80.55%) 
Test Acc:  3910/9612 (40.68%) 
Train Positive Acc: 3875/4374 (88.59%) 
Test Positive Acc:  3511/3771 (93.11%) 
Train Negative Acc: 3228/4444 (72.64%) 
Test Negative Acc:  399/5841 (6.83%) 

Epoch 160
Loss: 0.1923 
Train Acc: 7240/8818 (82.10%) 
Test Acc:  3876/9612 (40.32%) 
Train Positive Acc: 3837/4374 (87.72%) 
Test Positive Acc:  3328/3771 (88.25%) 
Train Negative Acc: 3403/4444 (76.58%) 
Test Negative Acc:  548/5841 (9.38%) 

Epoch 200
Loss: 0.1802 
Train Acc: 7256/8818 (82.29%) 
Test Acc:  3990/9612 (41.51%) 
Train Positive Acc: 3904/4374 (89.25%) 
Test Positive Acc:  3660/3771 (97.06%) 
Train Negative Acc: 3352/4444 (75.43%) 
Test Negative Acc:  330/5841 (5.65%) 

"
sum,psi_4,6,6,"[886, 443, 221, 147, 110, 88, 73, 63, 55, 49, 0, 0, 0, 0, 0, 0, 0, 0, 0, 0, 0]","[0, 0, 0, 0, 0, 0, 0, 0, 0, 0, 44, 40, 36, 34, 31, 29, 27, 26, 24, 23, 22]",9612,3771,5841,3,6511,0.7384,4110,0.9396,2401,0.5403,3771,0.3923,3771,1.0,0,0.0,"  [  0-  4] root neighbors | nodes=4418 | accuracy=0.7619 / 0.7868 / 0.7522
  [  5-  9] root neighbors | nodes=4400 | accuracy=0.7148 / 1.0000 / 0.0071
  [ 10- 14] root neighbors | nodes=   0 | accuracy=n/a
  [ 15- 19] root neighbors | nodes=   0 | accuracy=n/a
  [ 20- 24] root neighbors | nodes=   0 | accuracy=n/a
","  [  0-  4] root neighbors | nodes=   0 | accuracy=n/a
  [  5-  9] root neighbors | nodes=   0 | accuracy=n/a
  [ 10- 14] root neighbors | nodes=4376 | accuracy=0.4691 / 1.0000 / 0.0
  [ 15- 19] root neighbors | nodes=4356 | accuracy=0.3301 / 1.0000 / 0.0
  [ 20- 24] root neighbors | nodes= 880 | accuracy=0.3182 / 1.0000 / 0.0
",200,"Epoch 040
Loss: 0.2164 
Train Acc: 6633/8818 (75.22%) 
Test Acc:  3771/9612 (39.23%) 
Train Positive Acc: 4098/4374 (93.69%) 
Test Positive Acc:  3771/3771 (100.00%) 
Train Negative Acc: 2535/4444 (57.04%) 
Test Negative Acc:  0/5841 (0.00%) 

Epoch 080
Loss: 0.2018 
Train Acc: 6858/8818 (77.77%) 
Test Acc:  3795/9612 (39.48%) 
Train Positive Acc: 3919/4374 (89.60%) 
Test Positive Acc:  3760/3771 (99.71%) 
Train Negative Acc: 2939/4444 (66.13%) 
Test Negative Acc:  35/5841 (0.60%) 

Epoch 120
Loss: 0.2429 
Train Acc: 6504/8818 (73.76%) 
Test Acc:  3771/9612 (39.23%) 
Train Positive Acc: 4103/4374 (93.80%) 
Test Positive Acc:  3771/3771 (100.00%) 
Train Negative Acc: 2401/4444 (54.03%) 
Test Negative Acc:  0/5841 (0.00%) 

Epoch 160
Loss: 0.2410 
Train Acc: 6511/8818 (73.84%) 
Test Acc:  3771/9612 (39.23%) 
Train Positive Acc: 4110/4374 (93.96%) 
Test Positive Acc:  3771/3771 (100.00%) 
Train Negative Acc: 2401/4444 (54.03%) 
Test Negative Acc:  0/5841 (0.00%) 

Epoch 200
Loss: 0.2406 
Train Acc: 6511/8818 (73.84%) 
Test Acc:  3771/9612 (39.23%) 
Train Positive Acc: 4110/4374 (93.96%) 
Test Positive Acc:  3771/3771 (100.00%) 
Train Negative Acc: 2401/4444 (54.03%) 
Test Negative Acc:  0/5841 (0.00%) 

"
mean,psi_4,6,6,"[886, 443, 221, 147, 110, 88, 73, 63, 55, 49, 0, 0, 0, 0, 0, 0, 0, 0, 0, 0, 0]","[0, 0, 0, 0, 0, 0, 0, 0, 0, 0, 44, 40, 36, 34, 31, 29, 27, 26, 24, 23, 22]",9612,3771,5841,3,4444,0.504,0,0.0,4444,1.0,5841,0.6077,0,0.0,5841,1.0,"  [  0-  4] root neighbors | nodes=4418 | accuracy=0.7198 / 0.0 / 1.0000
  [  5-  9] root neighbors | nodes=4400 | accuracy=0.2873 / 0.0 / 1.0000
  [ 10- 14] root neighbors | nodes=   0 | accuracy=n/a
  [ 15- 19] root neighbors | nodes=   0 | accuracy=n/a
  [ 20- 24] root neighbors | nodes=   0 | accuracy=n/a
","  [  0-  4] root neighbors | nodes=   0 | accuracy=n/a
  [  5-  9] root neighbors | nodes=   0 | accuracy=n/a
  [ 10- 14] root neighbors | nodes=4376 | accuracy=0.5309 / 0.0 / 1.0000
  [ 15- 19] root neighbors | nodes=4356 | accuracy=0.6699 / 0.0 / 1.0000
  [ 20- 24] root neighbors | nodes= 880 | accuracy=0.6818 / 0.0 / 1.0000
",200,"Epoch 040
Loss: 0.3914 
Train Acc: 4444/8818 (50.40%) 
Test Acc:  5841/9612 (60.77%) 
Train Positive Acc: 0/4374 (0.00%) 
Test Positive Acc:  0/3771 (0.00%) 
Train Negative Acc: 4444/4444 (100.00%) 
Test Negative Acc:  5841/5841 (100.00%) 

Epoch 080
Loss: 0.3857 
Train Acc: 4444/8818 (50.40%) 
Test Acc:  5841/9612 (60.77%) 
Train Positive Acc: 0/4374 (0.00%) 
Test Positive Acc:  0/3771 (0.00%) 
Train Negative Acc: 4444/4444 (100.00%) 
Test Negative Acc:  5841/5841 (100.00%) 

Epoch 120
Loss: 0.3838 
Train Acc: 4444/8818 (50.40%) 
Test Acc:  5841/9612 (60.77%) 
Train Positive Acc: 0/4374 (0.00%) 
Test Positive Acc:  0/3771 (0.00%) 
Train Negative Acc: 4444/4444 (100.00%) 
Test Negative Acc:  5841/5841 (100.00%) 

Epoch 160
Loss: 0.3829 
Train Acc: 4444/8818 (50.40%) 
Test Acc:  5841/9612 (60.77%) 
Train Positive Acc: 0/4374 (0.00%) 
Test Positive Acc:  0/3771 (0.00%) 
Train Negative Acc: 4444/4444 (100.00%) 
Test Negative Acc:  5841/5841 (100.00%) 

Epoch 200
Loss: 0.3824 
Train Acc: 4444/8818 (50.40%) 
Test Acc:  5841/9612 (60.77%) 
Train Positive Acc: 0/4374 (0.00%) 
Test Positive Acc:  0/3771 (0.00%) 
Train Negative Acc: 4444/4444 (100.00%) 
Test Negative Acc:  5841/5841 (100.00%) 

"
max,psi_5,2,2,"[886, 443, 221, 147, 110, 88, 73, 63, 55, 49, 0, 0, 0, 0, 0, 0, 0, 0, 0, 0, 0]","[0, 0, 0, 0, 0, 0, 0, 0, 0, 0, 44, 40, 36, 34, 31, 29, 27, 26, 24, 23, 22]",9612,5152,4460,3,6569,0.745,4365,1.0,2204,0.4949,5345,0.5561,5152,1.0,193,0.0433,"  [  0-  4] root neighbors | nodes=4418 | accuracy=0.8895 / 1.0000 / 0.7950
  [  5-  9] root neighbors | nodes=4400 | accuracy=0.5998 / 1.0000 / 0.1501
  [ 10- 14] root neighbors | nodes=   0 | accuracy=n/a
  [ 15- 19] root neighbors | nodes=   0 | accuracy=n/a
  [ 20- 24] root neighbors | nodes=   0 | accuracy=n/a
","  [  0-  4] root neighbors | nodes=   0 | accuracy=n/a
  [  5-  9] root neighbors | nodes=   0 | accuracy=n/a
  [ 10- 14] root neighbors | nodes=4376 | accuracy=0.6108 / 1.0000 / 0.0591
  [ 15- 19] root neighbors | nodes=4356 | accuracy=0.5399 / 1.0000 / 0.0411
  [ 20- 24] root neighbors | nodes= 880 | accuracy=0.3636 / 1.0000 / 0.0
",200,"Epoch 040
Loss: 0.2374 
Train Acc: 6457/8818 (73.23%) 
Test Acc:  5312/9612 (55.26%) 
Train Positive Acc: 4154/4365 (95.17%) 
Test Positive Acc:  5091/5152 (98.82%) 
Train Negative Acc: 2303/4453 (51.72%) 
Test Negative Acc:  221/4460 (4.96%) 

Epoch 080
Loss: 0.2172 
Train Acc: 6569/8818 (74.50%) 
Test Acc:  5345/9612 (55.61%) 
Train Positive Acc: 4365/4365 (100.00%) 
Test Positive Acc:  5152/5152 (100.00%) 
Train Negative Acc: 2204/4453 (49.49%) 
Test Negative Acc:  193/4460 (4.33%) 

Epoch 120
Loss: 0.2088 
Train Acc: 6569/8818 (74.50%) 
Test Acc:  5345/9612 (55.61%) 
Train Positive Acc: 4365/4365 (100.00%) 
Test Positive Acc:  5152/5152 (100.00%) 
Train Negative Acc: 2204/4453 (49.49%) 
Test Negative Acc:  193/4460 (4.33%) 

Epoch 160
Loss: 0.2031 
Train Acc: 6569/8818 (74.50%) 
Test Acc:  5345/9612 (55.61%) 
Train Positive Acc: 4365/4365 (100.00%) 
Test Positive Acc:  5152/5152 (100.00%) 
Train Negative Acc: 2204/4453 (49.49%) 
Test Negative Acc:  193/4460 (4.33%) 

Epoch 200
Loss: 0.1986 
Train Acc: 6569/8818 (74.50%) 
Test Acc:  5345/9612 (55.61%) 
Train Positive Acc: 4365/4365 (100.00%) 
Test Positive Acc:  5152/5152 (100.00%) 
Train Negative Acc: 2204/4453 (49.49%) 
Test Negative Acc:  193/4460 (4.33%) 

"
sum,psi_5,2,2,"[886, 443, 221, 147, 110, 88, 73, 63, 55, 49, 0, 0, 0, 0, 0, 0, 0, 0, 0, 0, 0]","[0, 0, 0, 0, 0, 0, 0, 0, 0, 0, 44, 40, 36, 34, 31, 29, 27, 26, 24, 23, 22]",9612,5152,4460,3,7124,0.8079,4157,0.9523,2967,0.6663,4755,0.4947,722,0.1401,4033,0.9043,"  [  0-  4] root neighbors | nodes=4418 | accuracy=0.8950 / 0.8979 / 0.8925
  [  5-  9] root neighbors | nodes=4400 | accuracy=0.7205 / 1.0000 / 0.4064
  [ 10- 14] root neighbors | nodes=   0 | accuracy=n/a
  [ 15- 19] root neighbors | nodes=   0 | accuracy=n/a
  [ 20- 24] root neighbors | nodes=   0 | accuracy=n/a
","  [  0-  4] root neighbors | nodes=   0 | accuracy=n/a
  [  5-  9] root neighbors | nodes=   0 | accuracy=n/a
  [ 10- 14] root neighbors | nodes=4376 | accuracy=0.4847 / 0.2615 / 0.8011
  [ 15- 19] root neighbors | nodes=4356 | accuracy=0.4761 / 0.0225 / 0.9679
  [ 20- 24] root neighbors | nodes= 880 | accuracy=0.6364 / 0.0 / 1.0000
",200,"Epoch 040
Loss: 0.2197 
Train Acc: 6692/8818 (75.89%) 
Test Acc:  5400/9612 (56.18%) 
Train Positive Acc: 4187/4365 (95.92%) 
Test Positive Acc:  5152/5152 (100.00%) 
Train Negative Acc: 2505/4453 (56.25%) 
Test Negative Acc:  248/4460 (5.56%) 

Epoch 080
Loss: 0.2105 
Train Acc: 6689/8818 (75.86%) 
Test Acc:  5432/9612 (56.51%) 
Train Positive Acc: 4187/4365 (95.92%) 
Test Positive Acc:  5152/5152 (100.00%) 
Train Negative Acc: 2502/4453 (56.19%) 
Test Negative Acc:  280/4460 (6.28%) 

Epoch 120
Loss: 0.2079 
Train Acc: 6748/8818 (76.53%) 
Test Acc:  5452/9612 (56.72%) 
Train Positive Acc: 4275/4365 (97.94%) 
Test Positive Acc:  5152/5152 (100.00%) 
Train Negative Acc: 2473/4453 (55.54%) 
Test Negative Acc:  300/4460 (6.73%) 

Epoch 160
Loss: 0.2050 
Train Acc: 7107/8818 (80.60%) 
Test Acc:  4575/9612 (47.60%) 
Train Positive Acc: 4169/4365 (95.51%) 
Test Positive Acc:  298/5152 (5.78%) 
Train Negative Acc: 2938/4453 (65.98%) 
Test Negative Acc:  4277/4460 (95.90%) 

Epoch 200
Loss: 0.2036 
Train Acc: 7124/8818 (80.79%) 
Test Acc:  4755/9612 (49.47%) 
Train Positive Acc: 4157/4365 (95.23%) 
Test Positive Acc:  722/5152 (14.01%) 
Train Negative Acc: 2967/4453 (66.63%) 
Test Negative Acc:  4033/4460 (90.43%) 

"
mean,psi_5,2,2,"[886, 443, 221, 147, 110, 88, 73, 63, 55, 49, 0, 0, 0, 0, 0, 0, 0, 0, 0, 0, 0]","[0, 0, 0, 0, 0, 0, 0, 0, 0, 0, 44, 40, 36, 34, 31, 29, 27, 26, 24, 23, 22]",9612,5152,4460,1,8723,0.9892,4365,1.0,4358,0.9787,9396,0.9775,5152,1.0,4244,0.9516,"  [  0-  4] root neighbors | nodes=4418 | accuracy=1.0000 / 1.0000 / 1.0000
  [  5-  9] root neighbors | nodes=4400 | accuracy=0.9784 / 1.0000 / 0.9542
  [ 10- 14] root neighbors | nodes=   0 | accuracy=n/a
  [ 15- 19] root neighbors | nodes=   0 | accuracy=n/a
  [ 20- 24] root neighbors | nodes=   0 | accuracy=n/a
","  [  0-  4] root neighbors | nodes=   0 | accuracy=n/a
  [  5-  9] root neighbors | nodes=   0 | accuracy=n/a
  [ 10- 14] root neighbors | nodes=4376 | accuracy=1.0000 / 1.0000 / 1.0000
  [ 15- 19] root neighbors | nodes=4356 | accuracy=0.9780 / 1.0000 / 0.9541
  [ 20- 24] root neighbors | nodes= 880 | accuracy=0.8636 / 1.0000 / 0.7857
",200,"Epoch 040
Loss: 0.0888 
Train Acc: 8595/8818 (97.47%) 
Test Acc:  9170/9612 (95.40%) 
Train Positive Acc: 4365/4365 (100.00%) 
Test Positive Acc:  5152/5152 (100.00%) 
Train Negative Acc: 4230/4453 (94.99%) 
Test Negative Acc:  4018/4460 (90.09%) 

Epoch 080
Loss: 0.0477 
Train Acc: 8627/8818 (97.83%) 
Test Acc:  9278/9612 (96.53%) 
Train Positive Acc: 4365/4365 (100.00%) 
Test Positive Acc:  5152/5152 (100.00%) 
Train Negative Acc: 4262/4453 (95.71%) 
Test Negative Acc:  4126/4460 (92.51%) 

Epoch 120
Loss: 0.0334 
Train Acc: 8687/8818 (98.51%) 
Test Acc:  9352/9612 (97.30%) 
Train Positive Acc: 4365/4365 (100.00%) 
Test Positive Acc:  5152/5152 (100.00%) 
Train Negative Acc: 4322/4453 (97.06%) 
Test Negative Acc:  4200/4460 (94.17%) 

Epoch 160
Loss: 0.0258 
Train Acc: 8719/8818 (98.88%) 
Test Acc:  9382/9612 (97.61%) 
Train Positive Acc: 4365/4365 (100.00%) 
Test Positive Acc:  5152/5152 (100.00%) 
Train Negative Acc: 4354/4453 (97.78%) 
Test Negative Acc:  4230/4460 (94.84%) 

Epoch 200
Loss: 0.0213 
Train Acc: 8723/8818 (98.92%) 
Test Acc:  9396/9612 (97.75%) 
Train Positive Acc: 4365/4365 (100.00%) 
Test Positive Acc:  5152/5152 (100.00%) 
Train Negative Acc: 4358/4453 (97.87%) 
Test Negative Acc:  4244/4460 (95.16%) 

"
max,psi_6,6,6,"[886, 443, 221, 147, 110, 88, 73, 63, 55, 49, 0, 0, 0, 0, 0, 0, 0, 0, 0, 0, 0]","[0, 0, 0, 0, 0, 0, 0, 0, 0, 0, 44, 40, 36, 34, 31, 29, 27, 26, 24, 23, 22]",9612,4298,5314,3,7603,0.8622,4173,0.8405,3430,0.8902,6328,0.6583,1795,0.4176,4533,0.853,"  [  0-  4] root neighbors | nodes=4418 | accuracy=0.9674 / 0.9736 / 0.9562
  [  5-  9] root neighbors | nodes=4400 | accuracy=0.7566 / 0.6623 / 0.8445
  [ 10- 14] root neighbors | nodes=   0 | accuracy=n/a
  [ 15- 19] root neighbors | nodes=   0 | accuracy=n/a
  [ 20- 24] root neighbors | nodes=   0 | accuracy=n/a
","  [  0-  4] root neighbors | nodes=   0 | accuracy=n/a
  [  5-  9] root neighbors | nodes=   0 | accuracy=n/a
  [ 10- 14] root neighbors | nodes=4376 | accuracy=0.6984 / 0.5205 / 0.8286
  [ 15- 19] root neighbors | nodes=4356 | accuracy=0.6320 / 0.3447 / 0.8869
  [ 20- 24] root neighbors | nodes= 880 | accuracy=0.5898 / 0.3150 / 0.8187
",200,"Epoch 040
Loss: 0.1675 
Train Acc: 7298/8818 (82.76%) 
Test Acc:  6246/9612 (64.98%) 
Train Positive Acc: 3805/4965 (76.64%) 
Test Positive Acc:  1414/4298 (32.90%) 
Train Negative Acc: 3493/3853 (90.66%) 
Test Negative Acc:  4832/5314 (90.93%) 

Epoch 080
Loss: 0.1344 
Train Acc: 7354/8818 (83.40%) 
Test Acc:  6432/9612 (66.92%) 
Train Positive Acc: 3806/4965 (76.66%) 
Test Positive Acc:  1539/4298 (35.81%) 
Train Negative Acc: 3548/3853 (92.08%) 
Test Negative Acc:  4893/5314 (92.08%) 

Epoch 120
Loss: 0.1279 
Train Acc: 7129/8818 (80.85%) 
Test Acc:  5911/9612 (61.50%) 
Train Positive Acc: 3568/4965 (71.86%) 
Test Positive Acc:  995/4298 (23.15%) 
Train Negative Acc: 3561/3853 (92.42%) 
Test Negative Acc:  4916/5314 (92.51%) 

Epoch 160
Loss: 0.1184 
Train Acc: 7354/8818 (83.40%) 
Test Acc:  6013/9612 (62.56%) 
Train Positive Acc: 3796/4965 (76.46%) 
Test Positive Acc:  1320/4298 (30.71%) 
Train Negative Acc: 3558/3853 (92.34%) 
Test Negative Acc:  4693/5314 (88.31%) 

Epoch 200
Loss: 0.1173 
Train Acc: 7603/8818 (86.22%) 
Test Acc:  6328/9612 (65.83%) 
Train Positive Acc: 4173/4965 (84.05%) 
Test Positive Acc:  1795/4298 (41.76%) 
Train Negative Acc: 3430/3853 (89.02%) 
Test Negative Acc:  4533/5314 (85.30%) 

"
sum,psi_6,6,6,"[886, 443, 221, 147, 110, 88, 73, 63, 55, 49, 0, 0, 0, 0, 0, 0, 0, 0, 0, 0, 0]","[0, 0, 0, 0, 0, 0, 0, 0, 0, 0, 44, 40, 36, 34, 31, 29, 27, 26, 24, 23, 22]",9612,4298,5314,3,5401,0.6125,1638,0.3299,3763,0.9766,5314,0.5529,0,0.0,5314,1.0,"  [  0-  4] root neighbors | nodes=4418 | accuracy=0.7071 / 0.5764 / 0.9429
  [  5-  9] root neighbors | nodes=4400 | accuracy=0.5175 / 0.0 / 1.0000
  [ 10- 14] root neighbors | nodes=   0 | accuracy=n/a
  [ 15- 19] root neighbors | nodes=   0 | accuracy=n/a
  [ 20- 24] root neighbors | nodes=   0 | accuracy=n/a
","  [  0-  4] root neighbors | nodes=   0 | accuracy=n/a
  [  5-  9] root neighbors | nodes=   0 | accuracy=n/a
  [ 10- 14] root neighbors | nodes=4376 | accuracy=0.5772 / 0.0 / 1.0000
  [ 15- 19] root neighbors | nodes=4356 | accuracy=0.5298 / 0.0 / 1.0000
  [ 20- 24] root neighbors | nodes= 880 | accuracy=0.5455 / 0.0 / 1.0000
",200,"Epoch 040
Loss: 0.4308 
Train Acc: 5010/8818 (56.82%) 
Test Acc:  5184/9612 (53.93%) 
Train Positive Acc: 2883/4965 (58.07%) 
Test Positive Acc:  47/4298 (1.09%) 
Train Negative Acc: 2127/3853 (55.20%) 
Test Negative Acc:  5137/5314 (96.67%) 

Epoch 080
Loss: 0.4086 
Train Acc: 4965/8818 (56.31%) 
Test Acc:  4298/9612 (44.71%) 
Train Positive Acc: 4965/4965 (100.00%) 
Test Positive Acc:  4298/4298 (100.00%) 
Train Negative Acc: 0/3853 (0.00%) 
Test Negative Acc:  0/5314 (0.00%) 

Epoch 120
Loss: 0.3185 
Train Acc: 4968/8818 (56.34%) 
Test Acc:  5279/9612 (54.92%) 
Train Positive Acc: 1912/4965 (38.51%) 
Test Positive Acc:  23/4298 (0.54%) 
Train Negative Acc: 3056/3853 (79.31%) 
Test Negative Acc:  5256/5314 (98.91%) 

Epoch 160
Loss: 0.3057 
Train Acc: 5374/8818 (60.94%) 
Test Acc:  5221/9612 (54.32%) 
Train Positive Acc: 1677/4965 (33.78%) 
Test Positive Acc:  23/4298 (0.54%) 
Train Negative Acc: 3697/3853 (95.95%) 
Test Negative Acc:  5198/5314 (97.82%) 

Epoch 200
Loss: 0.2985 
Train Acc: 5401/8818 (61.25%) 
Test Acc:  5314/9612 (55.29%) 
Train Positive Acc: 1638/4965 (32.99%) 
Test Positive Acc:  0/4298 (0.00%) 
Train Negative Acc: 3763/3853 (97.66%) 
Test Negative Acc:  5314/5314 (100.00%) 

"
mean,psi_6,6,6,"[886, 443, 221, 147, 110, 88, 73, 63, 55, 49, 0, 0, 0, 0, 0, 0, 0, 0, 0, 0, 0]","[0, 0, 0, 0, 0, 0, 0, 0, 0, 0, 44, 40, 36, 34, 31, 29, 27, 26, 24, 23, 22]",9612,4298,5314,2,8436,0.9567,4809,0.9686,3627,0.9413,8671,0.9021,4019,0.9351,4652,0.8754,"  [  0-  4] root neighbors | nodes=4418 | accuracy=0.9749 / 0.9768 / 0.9714
  [  5-  9] root neighbors | nodes=4400 | accuracy=0.9384 / 0.9576 / 0.9205
  [ 10- 14] root neighbors | nodes=   0 | accuracy=n/a
  [ 15- 19] root neighbors | nodes=   0 | accuracy=n/a
  [ 20- 24] root neighbors | nodes=   0 | accuracy=n/a
","  [  0-  4] root neighbors | nodes=   0 | accuracy=n/a
  [  5-  9] root neighbors | nodes=   0 | accuracy=n/a
  [ 10- 14] root neighbors | nodes=4376 | accuracy=0.8969 / 0.9238 / 0.8773
  [ 15- 19] root neighbors | nodes=4356 | accuracy=0.9036 / 0.9561 / 0.8570
  [ 20- 24] root neighbors | nodes= 880 | accuracy=0.9205 / 0.8800 / 0.9542
",200,"Epoch 040
Loss: 0.1598 
Train Acc: 7485/8818 (84.88%) 
Test Acc:  6876/9612 (71.54%) 
Train Positive Acc: 4722/4965 (95.11%) 
Test Positive Acc:  3887/4298 (90.44%) 
Train Negative Acc: 2763/3853 (71.71%) 
Test Negative Acc:  2989/5314 (56.25%) 

Epoch 080
Loss: 0.0636 
Train Acc: 8081/8818 (91.64%) 
Test Acc:  8003/9612 (83.26%) 
Train Positive Acc: 4804/4965 (96.76%) 
Test Positive Acc:  3868/4298 (90.00%) 
Train Negative Acc: 3277/3853 (85.05%) 
Test Negative Acc:  4135/5314 (77.81%) 

Epoch 120
Loss: 0.0500 
Train Acc: 8063/8818 (91.44%) 
Test Acc:  7840/9612 (81.56%) 
Train Positive Acc: 4899/4965 (98.67%) 
Test Positive Acc:  3954/4298 (92.00%) 
Train Negative Acc: 3164/3853 (82.12%) 
Test Negative Acc:  3886/5314 (73.13%) 

Epoch 160
Loss: 0.0519 
Train Acc: 8369/8818 (94.91%) 
Test Acc:  8556/9612 (89.01%) 
Train Positive Acc: 4831/4965 (97.30%) 
Test Positive Acc:  4072/4298 (94.74%) 
Train Negative Acc: 3538/3853 (91.82%) 
Test Negative Acc:  4484/5314 (84.38%) 

Epoch 200
Loss: 0.0354 
Train Acc: 8436/8818 (95.67%) 
Test Acc:  8671/9612 (90.21%) 
Train Positive Acc: 4809/4965 (96.86%) 
Test Positive Acc:  4019/4298 (93.51%) 
Train Negative Acc: 3627/3853 (94.13%) 
Test Negative Acc:  4652/5314 (87.54%) 

"
max,psi_7,2,2,"[886, 443, 221, 147, 110, 88, 73, 63, 55, 49, 0, 0, 0, 0, 0, 0, 0, 0, 0, 0, 0]","[0, 0, 0, 0, 0, 0, 0, 0, 0, 0, 44, 40, 36, 34, 31, 29, 27, 26, 24, 23, 22]",9612,4290,5322,3,6605,0.749,3842,0.8786,2763,0.6216,6766,0.7039,3174,0.7399,3592,0.6749,"  [  0-  4] root neighbors | nodes=4418 | accuracy=0.7836 / 0.9617 / 0.5810
  [  5-  9] root neighbors | nodes=4400 | accuracy=0.7143 / 0.7819 / 0.6569
  [ 10- 14] root neighbors | nodes=   0 | accuracy=n/a
  [ 15- 19] root neighbors | nodes=   0 | accuracy=n/a
  [ 20- 24] root neighbors | nodes=   0 | accuracy=n/a
","  [  0-  4] root neighbors | nodes=   0 | accuracy=n/a
  [  5-  9] root neighbors | nodes=   0 | accuracy=n/a
  [ 10- 14] root neighbors | nodes=4376 | accuracy=0.7061 / 0.7552 / 0.6617
  [ 15- 19] root neighbors | nodes=4356 | accuracy=0.7002 / 0.7235 / 0.6816
  [ 20- 24] root neighbors | nodes= 880 | accuracy=0.7114 / 0.7393 / 0.6983
",200,"Epoch 040
Loss: 0.3203 
Train Acc: 6605/8818 (74.90%) 
Test Acc:  6766/9612 (70.39%) 
Train Positive Acc: 3842/4373 (87.86%) 
Test Positive Acc:  3174/4290 (73.99%) 
Train Negative Acc: 2763/4445 (62.16%) 
Test Negative Acc:  3592/5322 (67.49%) 

Epoch 080
Loss: 0.3086 
Train Acc: 6605/8818 (74.90%) 
Test Acc:  6766/9612 (70.39%) 
Train Positive Acc: 3842/4373 (87.86%) 
Test Positive Acc:  3174/4290 (73.99%) 
Train Negative Acc: 2763/4445 (62.16%) 
Test Negative Acc:  3592/5322 (67.49%) 

Epoch 120
Loss: 0.3059 
Train Acc: 6605/8818 (74.90%) 
Test Acc:  6766/9612 (70.39%) 
Train Positive Acc: 3842/4373 (87.86%) 
Test Positive Acc:  3174/4290 (73.99%) 
Train Negative Acc: 2763/4445 (62.16%) 
Test Negative Acc:  3592/5322 (67.49%) 

Epoch 160
Loss: 0.3049 
Train Acc: 6605/8818 (74.90%) 
Test Acc:  6766/9612 (70.39%) 
Train Positive Acc: 3842/4373 (87.86%) 
Test Positive Acc:  3174/4290 (73.99%) 
Train Negative Acc: 2763/4445 (62.16%) 
Test Negative Acc:  3592/5322 (67.49%) 

Epoch 200
Loss: 0.3046 
Train Acc: 6605/8818 (74.90%) 
Test Acc:  6766/9612 (70.39%) 
Train Positive Acc: 3842/4373 (87.86%) 
Test Positive Acc:  3174/4290 (73.99%) 
Train Negative Acc: 2763/4445 (62.16%) 
Test Negative Acc:  3592/5322 (67.49%) 

"
sum,psi_7,2,2,"[886, 443, 221, 147, 110, 88, 73, 63, 55, 49, 0, 0, 0, 0, 0, 0, 0, 0, 0, 0, 0]","[0, 0, 0, 0, 0, 0, 0, 0, 0, 0, 44, 40, 36, 34, 31, 29, 27, 26, 24, 23, 22]",9612,4290,5322,1,8138,0.9229,4286,0.9801,3852,0.8666,6322,0.6577,4290,1.0,2032,0.3818,"  [  0-  4] root neighbors | nodes=4418 | accuracy=0.9722 / 0.9630 / 0.9826
  [  5-  9] root neighbors | nodes=4400 | accuracy=0.8734 / 1.0000 / 0.7658
  [ 10- 14] root neighbors | nodes=   0 | accuracy=n/a
  [ 15- 19] root neighbors | nodes=   0 | accuracy=n/a
  [ 20- 24] root neighbors | nodes=   0 | accuracy=n/a
","  [  0-  4] root neighbors | nodes=   0 | accuracy=n/a
  [  5-  9] root neighbors | nodes=   0 | accuracy=n/a
  [ 10- 14] root neighbors | nodes=4376 | accuracy=0.6979 / 1.0000 / 0.4245
  [ 15- 19] root neighbors | nodes=4356 | accuracy=0.6492 / 1.0000 / 0.3699
  [ 20- 24] root neighbors | nodes= 880 | accuracy=0.5000 / 1.0000 / 0.2667
",200,"Epoch 040
Loss: 0.1210 
Train Acc: 8094/8818 (91.79%) 
Test Acc:  6631/9612 (68.99%) 
Train Positive Acc: 4258/4373 (97.37%) 
Test Positive Acc:  4290/4290 (100.00%) 
Train Negative Acc: 3836/4445 (86.30%) 
Test Negative Acc:  2341/5322 (43.99%) 

Epoch 080
Loss: 0.0979 
Train Acc: 8202/8818 (93.01%) 
Test Acc:  6551/9612 (68.15%) 
Train Positive Acc: 4256/4373 (97.32%) 
Test Positive Acc:  4290/4290 (100.00%) 
Train Negative Acc: 3946/4445 (88.77%) 
Test Negative Acc:  2261/5322 (42.48%) 

Epoch 120
Loss: 0.0919 
Train Acc: 8239/8818 (93.43%) 
Test Acc:  6575/9612 (68.40%) 
Train Positive Acc: 4244/4373 (97.05%) 
Test Positive Acc:  4290/4290 (100.00%) 
Train Negative Acc: 3995/4445 (89.88%) 
Test Negative Acc:  2285/5322 (42.93%) 

Epoch 160
Loss: 0.0894 
Train Acc: 8140/8818 (92.31%) 
Test Acc:  6345/9612 (66.01%) 
Train Positive Acc: 4280/4373 (97.87%) 
Test Positive Acc:  4290/4290 (100.00%) 
Train Negative Acc: 3860/4445 (86.84%) 
Test Negative Acc:  2055/5322 (38.61%) 

Epoch 200
Loss: 0.0878 
Train Acc: 8138/8818 (92.29%) 
Test Acc:  6322/9612 (65.77%) 
Train Positive Acc: 4286/4373 (98.01%) 
Test Positive Acc:  4290/4290 (100.00%) 
Train Negative Acc: 3852/4445 (86.66%) 
Test Negative Acc:  2032/5322 (38.18%) 

"
mean,psi_7,2,2,"[886, 443, 221, 147, 110, 88, 73, 63, 55, 49, 0, 0, 0, 0, 0, 0, 0, 0, 0, 0, 0]","[0, 0, 0, 0, 0, 0, 0, 0, 0, 0, 44, 40, 36, 34, 31, 29, 27, 26, 24, 23, 22]",9612,4290,5322,2,8059,0.9139,4223,0.9657,3836,0.863,8364,0.8702,3839,0.8949,4525,0.8502,"  [  0-  4] root neighbors | nodes=4418 | accuracy=0.9538 / 1.0000 / 0.9013
  [  5-  9] root neighbors | nodes=4400 | accuracy=0.8739 / 0.9258 / 0.8297
  [ 10- 14] root neighbors | nodes=   0 | accuracy=n/a
  [ 15- 19] root neighbors | nodes=   0 | accuracy=n/a
  [ 20- 24] root neighbors | nodes=   0 | accuracy=n/a
","  [  0-  4] root neighbors | nodes=   0 | accuracy=n/a
  [  5-  9] root neighbors | nodes=   0 | accuracy=n/a
  [ 10- 14] root neighbors | nodes=4376 | accuracy=0.8832 / 0.9134 / 0.8559
  [ 15- 19] root neighbors | nodes=4356 | accuracy=0.8609 / 0.8762 / 0.8487
  [ 20- 24] root neighbors | nodes= 880 | accuracy=0.8511 / 0.8857 / 0.8350
",200,"Epoch 040
Loss: 0.4616 
Train Acc: 6202/8818 (70.33%) 
Test Acc:  6038/9612 (62.82%) 
Train Positive Acc: 3280/4373 (75.01%) 
Test Positive Acc:  2960/4290 (69.00%) 
Train Negative Acc: 2922/4445 (65.74%) 
Test Negative Acc:  3078/5322 (57.84%) 

Epoch 080
Loss: 0.3203 
Train Acc: 6786/8818 (76.96%) 
Test Acc:  6865/9612 (71.42%) 
Train Positive Acc: 3683/4373 (84.22%) 
Test Positive Acc:  3249/4290 (75.73%) 
Train Negative Acc: 3103/4445 (69.81%) 
Test Negative Acc:  3616/5322 (67.94%) 

Epoch 120
Loss: 0.2792 
Train Acc: 7241/8818 (82.12%) 
Test Acc:  7685/9612 (79.95%) 
Train Positive Acc: 3694/4373 (84.47%) 
Test Positive Acc:  3566/4290 (83.12%) 
Train Negative Acc: 3547/4445 (79.80%) 
Test Negative Acc:  4119/5322 (77.40%) 

Epoch 160
Loss: 0.2487 
Train Acc: 7590/8818 (86.07%) 
Test Acc:  8127/9612 (84.55%) 
Train Positive Acc: 3920/4373 (89.64%) 
Test Positive Acc:  3765/4290 (87.76%) 
Train Negative Acc: 3670/4445 (82.56%) 
Test Negative Acc:  4362/5322 (81.96%) 

Epoch 200
Loss: 0.2157 
Train Acc: 8059/8818 (91.39%) 
Test Acc:  8364/9612 (87.02%) 
Train Positive Acc: 4223/4373 (96.57%) 
Test Positive Acc:  3839/4290 (89.49%) 
Train Negative Acc: 3836/4445 (86.30%) 
Test Negative Acc:  4525/5322 (85.02%) 

"
mean,psi_7,2,2,"[886, 443, 221, 147, 110, 88, 73, 63, 55, 49, 0, 0, 0, 0, 0, 0, 0, 0, 0, 0, 0]","[0, 0, 0, 0, 0, 0, 0, 0, 0, 0, 44, 40, 36, 34, 31, 29, 27, 26, 24, 23, 22]",9612,4290,5322,2,8707,0.9874,4262,0.9746,4445,1.0,9127,0.9495,3805,0.8869,5322,1.0,"  [  0-  4] root neighbors | nodes=4418 | accuracy=1.0000 / 1.0000 / 1.0000
  [  5-  9] root neighbors | nodes=4400 | accuracy=0.9748 / 0.9451 / 1.0000
  [ 10- 14] root neighbors | nodes=   0 | accuracy=n/a
  [ 15- 19] root neighbors | nodes=   0 | accuracy=n/a
  [ 20- 24] root neighbors | nodes=   0 | accuracy=n/a
","  [  0-  4] root neighbors | nodes=   0 | accuracy=n/a
  [  5-  9] root neighbors | nodes=   0 | accuracy=n/a
  [ 10- 14] root neighbors | nodes=4376 | accuracy=0.9694 / 0.9355 / 1.0000
  [ 15- 19] root neighbors | nodes=4356 | accuracy=0.9323 / 0.8472 / 1.0000
  [ 20- 24] root neighbors | nodes= 880 | accuracy=0.9364 / 0.8000 / 1.0000
",200,"Epoch 040
Loss: 0.1119 
Train Acc: 8127/8818 (92.16%) 
Test Acc:  8535/9612 (88.80%) 
Train Positive Acc: 3923/4373 (89.71%) 
Test Positive Acc:  3413/4290 (79.56%) 
Train Negative Acc: 4204/4445 (94.58%) 
Test Negative Acc:  5122/5322 (96.24%) 

Epoch 080
Loss: 0.0622 
Train Acc: 8601/8818 (97.54%) 
Test Acc:  8983/9612 (93.46%) 
Train Positive Acc: 4163/4373 (95.20%) 
Test Positive Acc:  3675/4290 (85.66%) 
Train Negative Acc: 4438/4445 (99.84%) 
Test Negative Acc:  5308/5322 (99.74%) 

Epoch 120
Loss: 0.0415 
Train Acc: 8694/8818 (98.59%) 
Test Acc:  9099/9612 (94.66%) 
Train Positive Acc: 4249/4373 (97.16%) 
Test Positive Acc:  3777/4290 (88.04%) 
Train Negative Acc: 4445/4445 (100.00%) 
Test Negative Acc:  5322/5322 (100.00%) 

Epoch 160
Loss: 0.0308 
Train Acc: 8701/8818 (98.67%) 
Test Acc:  9092/9612 (94.59%) 
Train Positive Acc: 4256/4373 (97.32%) 
Test Positive Acc:  3770/4290 (87.88%) 
Train Negative Acc: 4445/4445 (100.00%) 
Test Negative Acc:  5322/5322 (100.00%) 

Epoch 200
Loss: 0.0246 
Train Acc: 8707/8818 (98.74%) 
Test Acc:  9127/9612 (94.95%) 
Train Positive Acc: 4262/4373 (97.46%) 
Test Positive Acc:  3805/4290 (88.69%) 
Train Negative Acc: 4445/4445 (100.00%) 
Test Negative Acc:  5322/5322 (100.00%) 

"
max,psi_8,4,4,"[886, 443, 221, 147, 110, 88, 73, 63, 55, 49, 0, 0, 0, 0, 0, 0, 0, 0, 0, 0, 0]","[0, 0, 0, 0, 0, 0, 0, 0, 0, 0, 44, 40, 36, 34, 31, 29, 27, 26, 24, 23, 22]",9612,4576,5036,3,7088,0.8038,2443,0.6828,4645,0.8865,6165,0.6414,2184,0.4773,3981,0.7905,"  [  0-  4] root neighbors | nodes=4418 | accuracy=0.9192 / 0.8562 / 0.9505
  [  5-  9] root neighbors | nodes=4400 | accuracy=0.6880 / 0.5623 / 0.8038
  [ 10- 14] root neighbors | nodes=   0 | accuracy=n/a
  [ 15- 19] root neighbors | nodes=   0 | accuracy=n/a
  [ 20- 24] root neighbors | nodes=   0 | accuracy=n/a
","  [  0-  4] root neighbors | nodes=   0 | accuracy=n/a
  [  5-  9] root neighbors | nodes=   0 | accuracy=n/a
  [ 10- 14] root neighbors | nodes=4376 | accuracy=0.6750 / 0.5524 / 0.7762
  [ 15- 19] root neighbors | nodes=4356 | accuracy=0.6164 / 0.4310 / 0.8125
  [ 20- 24] root neighbors | nodes= 880 | accuracy=0.5977 / 0.3528 / 0.7673
",200,"Epoch 040
Loss: 0.2142 
Train Acc: 6750/8818 (76.55%) 
Test Acc:  6152/9612 (64.00%) 
Train Positive Acc: 2535/3578 (70.85%) 
Test Positive Acc:  2717/4576 (59.38%) 
Train Negative Acc: 4215/5240 (80.44%) 
Test Negative Acc:  3435/5036 (68.21%) 

Epoch 080
Loss: 0.1671 
Train Acc: 7061/8818 (80.07%) 
Test Acc:  6130/9612 (63.77%) 
Train Positive Acc: 2460/3578 (68.75%) 
Test Positive Acc:  1967/4576 (42.99%) 
Train Negative Acc: 4601/5240 (87.81%) 
Test Negative Acc:  4163/5036 (82.66%) 

Epoch 120
Loss: 0.1534 
Train Acc: 7076/8818 (80.24%) 
Test Acc:  6088/9612 (63.34%) 
Train Positive Acc: 2322/3578 (64.90%) 
Test Positive Acc:  1565/4576 (34.20%) 
Train Negative Acc: 4754/5240 (90.73%) 
Test Negative Acc:  4523/5036 (89.81%) 

Epoch 160
Loss: 0.1487 
Train Acc: 7135/8818 (80.91%) 
Test Acc:  6040/9612 (62.84%) 
Train Positive Acc: 2456/3578 (68.64%) 
Test Positive Acc:  1801/4576 (39.36%) 
Train Negative Acc: 4679/5240 (89.29%) 
Test Negative Acc:  4239/5036 (84.17%) 

Epoch 200
Loss: 0.1461 
Train Acc: 7088/8818 (80.38%) 
Test Acc:  6165/9612 (64.14%) 
Train Positive Acc: 2443/3578 (68.28%) 
Test Positive Acc:  2184/4576 (47.73%) 
Train Negative Acc: 4645/5240 (88.65%) 
Test Negative Acc:  3981/5036 (79.05%) 

"
sum,psi_8,4,4,"[886, 443, 221, 147, 110, 88, 73, 63, 55, 49, 0, 0, 0, 0, 0, 0, 0, 0, 0, 0, 0]","[0, 0, 0, 0, 0, 0, 0, 0, 0, 0, 44, 40, 36, 34, 31, 29, 27, 26, 24, 23, 22]",9612,4576,5036,1,8648,0.9807,3408,0.9525,5240,1.0,7335,0.7631,2412,0.5271,4923,0.9776,"  [  0-  4] root neighbors | nodes=4418 | accuracy=1.0000 / 1.0000 / 1.0000
  [  5-  9] root neighbors | nodes=4400 | accuracy=0.9614 / 0.9195 / 1.0000
  [ 10- 14] root neighbors | nodes=   0 | accuracy=n/a
  [ 15- 19] root neighbors | nodes=   0 | accuracy=n/a
  [ 20- 24] root neighbors | nodes=   0 | accuracy=n/a
","  [  0-  4] root neighbors | nodes=   0 | accuracy=n/a
  [  5-  9] root neighbors | nodes=   0 | accuracy=n/a
  [ 10- 14] root neighbors | nodes=4376 | accuracy=0.9122 / 0.8058 / 1.0000
  [ 15- 19] root neighbors | nodes=4356 | accuracy=0.6343 / 0.3301 / 0.9561
  [ 20- 24] root neighbors | nodes= 880 | accuracy=0.6591 / 0.2222 / 0.9615
",200,"Epoch 040
Loss: 0.0720 
Train Acc: 8547/8818 (96.93%) 
Test Acc:  6688/9612 (69.58%) 
Train Positive Acc: 3474/3578 (97.09%) 
Test Positive Acc:  4465/4576 (97.57%) 
Train Negative Acc: 5073/5240 (96.81%) 
Test Negative Acc:  2223/5036 (44.14%) 

Epoch 080
Loss: 0.0336 
Train Acc: 8704/8818 (98.71%) 
Test Acc:  7533/9612 (78.37%) 
Train Positive Acc: 3512/3578 (98.16%) 
Test Positive Acc:  4118/4576 (89.99%) 
Train Negative Acc: 5192/5240 (99.08%) 
Test Negative Acc:  3415/5036 (67.81%) 

Epoch 120
Loss: 0.0254 
Train Acc: 8657/8818 (98.17%) 
Test Acc:  7296/9612 (75.91%) 
Train Positive Acc: 3417/3578 (95.50%) 
Test Positive Acc:  2376/4576 (51.92%) 
Train Negative Acc: 5240/5240 (100.00%) 
Test Negative Acc:  4920/5036 (97.70%) 

Epoch 160
Loss: 0.0192 
Train Acc: 8582/8818 (97.32%) 
Test Acc:  8428/9612 (87.68%) 
Train Positive Acc: 3342/3578 (93.40%) 
Test Positive Acc:  3747/4576 (81.88%) 
Train Negative Acc: 5240/5240 (100.00%) 
Test Negative Acc:  4681/5036 (92.95%) 

Epoch 200
Loss: 0.0122 
Train Acc: 8648/8818 (98.07%) 
Test Acc:  7335/9612 (76.31%) 
Train Positive Acc: 3408/3578 (95.25%) 
Test Positive Acc:  2412/4576 (52.71%) 
Train Negative Acc: 5240/5240 (100.00%) 
Test Negative Acc:  4923/5036 (97.76%) 

"
mean,psi_8,4,4,"[886, 443, 221, 147, 110, 88, 73, 63, 55, 49, 0, 0, 0, 0, 0, 0, 0, 0, 0, 0, 0]","[0, 0, 0, 0, 0, 0, 0, 0, 0, 0, 44, 40, 36, 34, 31, 29, 27, 26, 24, 23, 22]",9612,4576,5036,1,8818,1.0,3578,1.0,5240,1.0,9503,0.9887,4467,0.9762,5036,1.0,"  [  0-  4] root neighbors | nodes=4418 | accuracy=1.0000 / 1.0000 / 1.0000
  [  5-  9] root neighbors | nodes=4400 | accuracy=1.0000 / 1.0000 / 1.0000
  [ 10- 14] root neighbors | nodes=   0 | accuracy=n/a
  [ 15- 19] root neighbors | nodes=   0 | accuracy=n/a
  [ 20- 24] root neighbors | nodes=   0 | accuracy=n/a
","  [  0-  4] root neighbors | nodes=   0 | accuracy=n/a
  [  5-  9] root neighbors | nodes=   0 | accuracy=n/a
  [ 10- 14] root neighbors | nodes=4376 | accuracy=0.9911 / 0.9803 / 1.0000
  [ 15- 19] root neighbors | nodes=4356 | accuracy=0.9839 / 0.9687 / 1.0000
  [ 20- 24] root neighbors | nodes= 880 | accuracy=1.0000 / 1.0000 / 1.0000
",120,"Epoch 040
Loss: 0.0641 
Train Acc: 8538/8818 (96.82%) 
Test Acc:  9140/9612 (95.09%) 
Train Positive Acc: 3298/3578 (92.17%) 
Test Positive Acc:  4104/4576 (89.69%) 
Train Negative Acc: 5240/5240 (100.00%) 
Test Negative Acc:  5036/5036 (100.00%) 

Epoch 080
Loss: 0.0222 
Train Acc: 8779/8818 (99.56%) 
Test Acc:  9461/9612 (98.43%) 
Train Positive Acc: 3539/3578 (98.91%) 
Test Positive Acc:  4425/4576 (96.70%) 
Train Negative Acc: 5240/5240 (100.00%) 
Test Negative Acc:  5036/5036 (100.00%) 

Epoch 120
Loss: 0.0120 
Train Acc: 8818/8818 (100.00%) 
Test Acc:  9503/9612 (98.87%) 
Train Positive Acc: 3578/3578 (100.00%) 
Test Positive Acc:  4467/4576 (97.62%) 
Train Negative Acc: 5240/5240 (100.00%) 
Test Negative Acc:  5036/5036 (100.00%) 

"
max,psi_9,3,3,"[886, 443, 221, 147, 110, 88, 73, 63, 55, 49, 0, 0, 0, 0, 0, 0, 0, 0, 0, 0, 0]","[0, 0, 0, 0, 0, 0, 0, 0, 0, 0, 44, 40, 36, 34, 31, 29, 27, 26, 24, 23, 22]",9612,835,8777,3,7063,0.801,1509,0.5074,5554,0.9504,8581,0.8927,37,0.0443,8544,0.9735,"  [  0-  4] root neighbors | nodes=4418 | accuracy=0.8090 / 0.6644 / 0.9492
  [  5-  9] root neighbors | nodes=4400 | accuracy=0.7930 / 0.0801 / 0.9511
  [ 10- 14] root neighbors | nodes=   0 | accuracy=n/a
  [ 15- 19] root neighbors | nodes=   0 | accuracy=n/a
  [ 20- 24] root neighbors | nodes=   0 | accuracy=n/a
","  [  0-  4] root neighbors | nodes=   0 | accuracy=n/a
  [  5-  9] root neighbors | nodes=   0 | accuracy=n/a
  [ 10- 14] root neighbors | nodes=4376 | accuracy=0.8926 / 0.0590 / 0.9664
  [ 15- 19] root neighbors | nodes=4356 | accuracy=0.8850 / 0.0364 / 0.9801
  [ 20- 24] root neighbors | nodes= 880 | accuracy=0.9318 / 0.0 / 0.9762
",200,"Epoch 040
Loss: 0.3695 
Train Acc: 6913/8818 (78.40%) 
Test Acc:  8634/9612 (89.83%) 
Train Positive Acc: 1346/2974 (45.26%) 
Test Positive Acc:  50/835 (5.99%) 
Train Negative Acc: 5567/5844 (95.26%) 
Test Negative Acc:  8584/8777 (97.80%) 

Epoch 080
Loss: 0.2744 
Train Acc: 7133/8818 (80.89%) 
Test Acc:  8581/9612 (89.27%) 
Train Positive Acc: 1702/2974 (57.23%) 
Test Positive Acc:  37/835 (4.43%) 
Train Negative Acc: 5431/5844 (92.93%) 
Test Negative Acc:  8544/8777 (97.35%) 

Epoch 120
Loss: 0.2580 
Train Acc: 7176/8818 (81.38%) 
Test Acc:  8571/9612 (89.17%) 
Train Positive Acc: 1734/2974 (58.31%) 
Test Positive Acc:  37/835 (4.43%) 
Train Negative Acc: 5442/5844 (93.12%) 
Test Negative Acc:  8534/8777 (97.23%) 

Epoch 160
Loss: 0.2773 
Train Acc: 7063/8818 (80.10%) 
Test Acc:  8581/9612 (89.27%) 
Train Positive Acc: 1509/2974 (50.74%) 
Test Positive Acc:  37/835 (4.43%) 
Train Negative Acc: 5554/5844 (95.04%) 
Test Negative Acc:  8544/8777 (97.35%) 

Epoch 200
Loss: 0.2726 
Train Acc: 7063/8818 (80.10%) 
Test Acc:  8581/9612 (89.27%) 
Train Positive Acc: 1509/2974 (50.74%) 
Test Positive Acc:  37/835 (4.43%) 
Train Negative Acc: 5554/5844 (95.04%) 
Test Negative Acc:  8544/8777 (97.35%) 

"
sum,psi_9,3,3,"[886, 443, 221, 147, 110, 88, 73, 63, 55, 49, 0, 0, 0, 0, 0, 0, 0, 0, 0, 0, 0]","[0, 0, 0, 0, 0, 0, 0, 0, 0, 0, 44, 40, 36, 34, 31, 29, 27, 26, 24, 23, 22]",9612,835,8777,2,8818,1.0,2974,1.0,5844,1.0,5947,0.6187,835,1.0,5112,0.5824,"  [  0-  4] root neighbors | nodes=4418 | accuracy=1.0000 / 1.0000 / 1.0000
  [  5-  9] root neighbors | nodes=4400 | accuracy=1.0000 / 1.0000 / 1.0000
  [ 10- 14] root neighbors | nodes=   0 | accuracy=n/a
  [ 15- 19] root neighbors | nodes=   0 | accuracy=n/a
  [ 20- 24] root neighbors | nodes=   0 | accuracy=n/a
","  [  0-  4] root neighbors | nodes=   0 | accuracy=n/a
  [  5-  9] root neighbors | nodes=   0 | accuracy=n/a
  [ 10- 14] root neighbors | nodes=4376 | accuracy=0.6554 / 1.0000 / 0.6249
  [ 15- 19] root neighbors | nodes=4356 | accuracy=0.5921 / 1.0000 / 0.5463
  [ 20- 24] root neighbors | nodes= 880 | accuracy=0.5682 / 1.0000 / 0.5476
",40,"Epoch 040
Loss: 0.1049 
Train Acc: 8818/8818 (100.00%) 
Test Acc:  5947/9612 (61.87%) 
Train Positive Acc: 2974/2974 (100.00%) 
Test Positive Acc:  835/835 (100.00%) 
Train Negative Acc: 5844/5844 (100.00%) 
Test Negative Acc:  5112/8777 (58.24%) 

"
mean,psi_9,3,3,"[886, 443, 221, 147, 110, 88, 73, 63, 55, 49, 0, 0, 0, 0, 0, 0, 0, 0, 0, 0, 0]","[0, 0, 0, 0, 0, 0, 0, 0, 0, 0, 44, 40, 36, 34, 31, 29, 27, 26, 24, 23, 22]",9612,835,8777,3,7207,0.8173,1637,0.5504,5570,0.9531,8556,0.8901,104,0.1246,8452,0.963,"  [  0-  4] root neighbors | nodes=4418 | accuracy=0.8341 / 0.7090 / 0.9554
  [  5-  9] root neighbors | nodes=4400 | accuracy=0.8005 / 0.1189 / 0.9517
  [ 10- 14] root neighbors | nodes=   0 | accuracy=n/a
  [ 15- 19] root neighbors | nodes=   0 | accuracy=n/a
  [ 20- 24] root neighbors | nodes=   0 | accuracy=n/a
","  [  0-  4] root neighbors | nodes=   0 | accuracy=n/a
  [  5-  9] root neighbors | nodes=   0 | accuracy=n/a
  [ 10- 14] root neighbors | nodes=4376 | accuracy=0.9049 / 0.1180 / 0.9746
  [ 15- 19] root neighbors | nodes=4356 | accuracy=0.8733 / 0.0683 / 0.9635
  [ 20- 24] root neighbors | nodes= 880 | accuracy=0.9000 / 0.8000 / 0.9048
",200,"Epoch 040
Loss: 0.3633 
Train Acc: 7102/8818 (80.54%) 
Test Acc:  8177/9612 (85.07%) 
Train Positive Acc: 1722/2974 (57.90%) 
Test Positive Acc:  128/835 (15.33%) 
Train Negative Acc: 5380/5844 (92.06%) 
Test Negative Acc:  8049/8777 (91.71%) 

Epoch 080
Loss: 0.3302 
Train Acc: 7192/8818 (81.56%) 
Test Acc:  8269/9612 (86.03%) 
Train Positive Acc: 1718/2974 (57.77%) 
Test Positive Acc:  111/835 (13.29%) 
Train Negative Acc: 5474/5844 (93.67%) 
Test Negative Acc:  8158/8777 (92.95%) 

Epoch 120
Loss: 0.3187 
Train Acc: 7188/8818 (81.52%) 
Test Acc:  8392/9612 (87.31%) 
Train Positive Acc: 1674/2974 (56.29%) 
Test Positive Acc:  111/835 (13.29%) 
Train Negative Acc: 5514/5844 (94.35%) 
Test Negative Acc:  8281/8777 (94.35%) 

Epoch 160
Loss: 0.3116 
Train Acc: 7223/8818 (81.91%) 
Test Acc:  8513/9612 (88.57%) 
Train Positive Acc: 1667/2974 (56.05%) 
Test Positive Acc:  104/835 (12.46%) 
Train Negative Acc: 5556/5844 (95.07%) 
Test Negative Acc:  8409/8777 (95.81%) 

Epoch 200
Loss: 0.3070 
Train Acc: 7207/8818 (81.73%) 
Test Acc:  8556/9612 (89.01%) 
Train Positive Acc: 1637/2974 (55.04%) 
Test Positive Acc:  104/835 (12.46%) 
Train Negative Acc: 5570/5844 (95.31%) 
Test Negative Acc:  8452/8777 (96.30%) 

"
max,psi_10,8,8,"[886, 443, 221, 147, 110, 88, 73, 63, 55, 49, 0, 0, 0, 0, 0, 0, 0, 0, 0, 0, 0]","[0, 0, 0, 0, 0, 0, 0, 0, 0, 0, 44, 40, 36, 34, 31, 29, 27, 26, 24, 23, 22]",9612,1828,7784,3,6412,0.7271,2450,0.5206,3962,0.9635,7703,0.8014,119,0.0651,7584,0.9743,"  [  0-  4] root neighbors | nodes=4418 | accuracy=0.7712 / 0.6984 / 0.9630
  [  5-  9] root neighbors | nodes=4400 | accuracy=0.6830 / 0.1417 / 0.9638
  [ 10- 14] root neighbors | nodes=   0 | accuracy=n/a
  [ 15- 19] root neighbors | nodes=   0 | accuracy=n/a
  [ 20- 24] root neighbors | nodes=   0 | accuracy=n/a
","  [  0-  4] root neighbors | nodes=   0 | accuracy=n/a
  [  5-  9] root neighbors | nodes=   0 | accuracy=n/a
  [ 10- 14] root neighbors | nodes=4376 | accuracy=0.8106 / 0.1179 / 0.9770
  [ 15- 19] root neighbors | nodes=4356 | accuracy=0.7842 / 0.0221 / 0.9717
  [ 20- 24] root neighbors | nodes= 880 | accuracy=0.8409 / 0.0 / 0.9737
",200,"Epoch 040
Loss: 0.2736 
Train Acc: 5820/8818 (66.00%) 
Test Acc:  5529/9612 (57.52%) 
Train Positive Acc: 3565/4706 (75.75%) 
Test Positive Acc:  638/1828 (34.90%) 
Train Negative Acc: 2255/4112 (54.84%) 
Test Negative Acc:  4891/7784 (62.83%) 

Epoch 080
Loss: 0.1768 
Train Acc: 7074/8818 (80.22%) 
Test Acc:  7917/9612 (82.37%) 
Train Positive Acc: 3089/4706 (65.64%) 
Test Positive Acc:  201/1828 (11.00%) 
Train Negative Acc: 3985/4112 (96.91%) 
Test Negative Acc:  7716/7784 (99.13%) 

Epoch 120
Loss: 0.1381 
Train Acc: 7215/8818 (81.82%) 
Test Acc:  7777/9612 (80.91%) 
Train Positive Acc: 3434/4706 (72.97%) 
Test Positive Acc:  267/1828 (14.61%) 
Train Negative Acc: 3781/4112 (91.95%) 
Test Negative Acc:  7510/7784 (96.48%) 

Epoch 160
Loss: 0.3435 
Train Acc: 4896/8818 (55.52%) 
Test Acc:  2943/9612 (30.62%) 
Train Positive Acc: 4545/4706 (96.58%) 
Test Positive Acc:  1361/1828 (74.45%) 
Train Negative Acc: 351/4112 (8.54%) 
Test Negative Acc:  1582/7784 (20.32%) 

Epoch 200
Loss: 0.2911 
Train Acc: 6412/8818 (72.71%) 
Test Acc:  7703/9612 (80.14%) 
Train Positive Acc: 2450/4706 (52.06%) 
Test Positive Acc:  119/1828 (6.51%) 
Train Negative Acc: 3962/4112 (96.35%) 
Test Negative Acc:  7584/7784 (97.43%) 

"
sum,psi_10,8,8,"[886, 443, 221, 147, 110, 88, 73, 63, 55, 49, 0, 0, 0, 0, 0, 0, 0, 0, 0, 0, 0]","[0, 0, 0, 0, 0, 0, 0, 0, 0, 0, 44, 40, 36, 34, 31, 29, 27, 26, 24, 23, 22]",9612,1828,7784,3,6236,0.7072,2831,0.6016,3405,0.8281,7784,0.8098,0,0.0,7784,1.0,"  [  0-  4] root neighbors | nodes=4418 | accuracy=0.7558 / 0.8839 / 0.4181
  [  5-  9] root neighbors | nodes=4400 | accuracy=0.6584 / 0.0 / 1.0000
  [ 10- 14] root neighbors | nodes=   0 | accuracy=n/a
  [ 15- 19] root neighbors | nodes=   0 | accuracy=n/a
  [ 20- 24] root neighbors | nodes=   0 | accuracy=n/a
","  [  0-  4] root neighbors | nodes=   0 | accuracy=n/a
  [  5-  9] root neighbors | nodes=   0 | accuracy=n/a
  [ 10- 14] root neighbors | nodes=4376 | accuracy=0.8062 / 0.0 / 1.0000
  [ 15- 19] root neighbors | nodes=4356 | accuracy=0.8026 / 0.0 / 1.0000
  [ 20- 24] root neighbors | nodes= 880 | accuracy=0.8636 / 0.0 / 1.0000
",200,"Epoch 040
Loss: 0.2633 
Train Acc: 6185/8818 (70.14%) 
Test Acc:  7784/9612 (80.98%) 
Train Positive Acc: 2429/4706 (51.61%) 
Test Positive Acc:  0/1828 (0.00%) 
Train Negative Acc: 3756/4112 (91.34%) 
Test Negative Acc:  7784/7784 (100.00%) 

Epoch 080
Loss: 0.2512 
Train Acc: 6287/8818 (71.30%) 
Test Acc:  7784/9612 (80.98%) 
Train Positive Acc: 2882/4706 (61.24%) 
Test Positive Acc:  0/1828 (0.00%) 
Train Negative Acc: 3405/4112 (82.81%) 
Test Negative Acc:  7784/7784 (100.00%) 

Epoch 120
Loss: 0.2488 
Train Acc: 6230/8818 (70.65%) 
Test Acc:  7784/9612 (80.98%) 
Train Positive Acc: 2825/4706 (60.03%) 
Test Positive Acc:  0/1828 (0.00%) 
Train Negative Acc: 3405/4112 (82.81%) 
Test Negative Acc:  7784/7784 (100.00%) 

Epoch 160
Loss: 0.2576 
Train Acc: 6284/8818 (71.26%) 
Test Acc:  7784/9612 (80.98%) 
Train Positive Acc: 2879/4706 (61.18%) 
Test Positive Acc:  0/1828 (0.00%) 
Train Negative Acc: 3405/4112 (82.81%) 
Test Negative Acc:  7784/7784 (100.00%) 

Epoch 200
Loss: 0.2559 
Train Acc: 6236/8818 (70.72%) 
Test Acc:  7784/9612 (80.98%) 
Train Positive Acc: 2831/4706 (60.16%) 
Test Positive Acc:  0/1828 (0.00%) 
Train Negative Acc: 3405/4112 (82.81%) 
Test Negative Acc:  7784/7784 (100.00%) 

"
mean,psi_10,8,8,"[886, 443, 221, 147, 110, 88, 73, 63, 55, 49, 0, 0, 0, 0, 0, 0, 0, 0, 0, 0, 0]","[0, 0, 0, 0, 0, 0, 0, 0, 0, 0, 44, 40, 36, 34, 31, 29, 27, 26, 24, 23, 22]",9612,1828,7784,3,4706,0.5337,4706,1.0,0,0.0,1828,0.1902,1828,1.0,0,0.0,"  [  0-  4] root neighbors | nodes=4418 | accuracy=0.7250 / 1.0000 / 0.0
  [  5-  9] root neighbors | nodes=4400 | accuracy=0.3416 / 1.0000 / 0.0
  [ 10- 14] root neighbors | nodes=   0 | accuracy=n/a
  [ 15- 19] root neighbors | nodes=   0 | accuracy=n/a
  [ 20- 24] root neighbors | nodes=   0 | accuracy=n/a
","  [  0-  4] root neighbors | nodes=   0 | accuracy=n/a
  [  5-  9] root neighbors | nodes=   0 | accuracy=n/a
  [ 10- 14] root neighbors | nodes=4376 | accuracy=0.1938 / 1.0000 / 0.0
  [ 15- 19] root neighbors | nodes=4356 | accuracy=0.1974 / 1.0000 / 0.0
  [ 20- 24] root neighbors | nodes= 880 | accuracy=0.1364 / 1.0000 / 0.0
",200,"Epoch 040
Loss: 0.3809 
Train Acc: 4706/8818 (53.37%) 
Test Acc:  1828/9612 (19.02%) 
Train Positive Acc: 4706/4706 (100.00%) 
Test Positive Acc:  1828/1828 (100.00%) 
Train Negative Acc: 0/4112 (0.00%) 
Test Negative Acc:  0/7784 (0.00%) 

Epoch 080
Loss: 0.3778 
Train Acc: 4706/8818 (53.37%) 
Test Acc:  1828/9612 (19.02%) 
Train Positive Acc: 4706/4706 (100.00%) 
Test Positive Acc:  1828/1828 (100.00%) 
Train Negative Acc: 0/4112 (0.00%) 
Test Negative Acc:  0/7784 (0.00%) 

Epoch 120
Loss: 0.3769 
Train Acc: 4706/8818 (53.37%) 
Test Acc:  1828/9612 (19.02%) 
Train Positive Acc: 4706/4706 (100.00%) 
Test Positive Acc:  1828/1828 (100.00%) 
Train Negative Acc: 0/4112 (0.00%) 
Test Negative Acc:  0/7784 (0.00%) 

Epoch 160
Loss: 0.3764 
Train Acc: 4706/8818 (53.37%) 
Test Acc:  1828/9612 (19.02%) 
Train Positive Acc: 4706/4706 (100.00%) 
Test Positive Acc:  1828/1828 (100.00%) 
Train Negative Acc: 0/4112 (0.00%) 
Test Negative Acc:  0/7784 (0.00%) 

Epoch 200
Loss: 0.3761 
Train Acc: 4706/8818 (53.37%) 
Test Acc:  1828/9612 (19.02%) 
Train Positive Acc: 4706/4706 (100.00%) 
Test Positive Acc:  1828/1828 (100.00%) 
Train Negative Acc: 0/4112 (0.00%) 
Test Negative Acc:  0/7784 (0.00%) 

"
mean,psi_5,2,2,"[886, 443, 221, 147, 110, 0, 0, 0, 0, 0, 0, 0, 0, 0, 0, 0, 0, 0, 0, 0, 0]","[0, 0, 0, 0, 0, 88, 73, 63, 55, 49, 44, 40, 36, 34, 31, 29, 27, 26, 24, 23, 22]",14012,7408,6604,1,4206,0.952,1977,0.9705,2229,0.9362,11788,0.8413,6905,0.9321,4883,0.7394,"  [  0-  4] root neighbors | nodes=4418 | accuracy=0.9520 / 0.9705 / 0.9362
  [  5-  9] root neighbors | nodes=   0 | accuracy=n/a
  [ 10- 14] root neighbors | nodes=   0 | accuracy=n/a
  [ 15- 19] root neighbors | nodes=   0 | accuracy=n/a
  [ 20- 24] root neighbors | nodes=   0 | accuracy=n/a
","  [  0-  4] root neighbors | nodes=   0 | accuracy=n/a
  [  5-  9] root neighbors | nodes=4400 | accuracy=0.8516 / 0.9557 / 0.7421
  [ 10- 14] root neighbors | nodes=4376 | accuracy=0.8652 / 0.9279 / 0.7762
  [ 15- 19] root neighbors | nodes=4356 | accuracy=0.8177 / 0.9131 / 0.7144
  [ 20- 24] root neighbors | nodes= 880 | accuracy=0.7875 / 0.9344 / 0.7036
",200,"Epoch 040
Loss: 0.1235 
Train Acc: 3843/4418 (86.99%) 
Test Acc:  10132/14012 (72.31%) 
Train Positive Acc: 1735/2037 (85.17%) 
Test Positive Acc:  6285/7408 (84.84%) 
Train Negative Acc: 2108/2381 (88.53%) 
Test Negative Acc:  3847/6604 (58.25%) 

Epoch 080
Loss: 0.0788 
Train Acc: 4139/4418 (93.68%) 
Test Acc:  10911/14012 (77.87%) 
Train Positive Acc: 1977/2037 (97.05%) 
Test Positive Acc:  6702/7408 (90.47%) 
Train Negative Acc: 2162/2381 (90.80%) 
Test Negative Acc:  4209/6604 (63.73%) 

Epoch 120
Loss: 0.0645 
Train Acc: 4139/4418 (93.68%) 
Test Acc:  11192/14012 (79.87%) 
Train Positive Acc: 1977/2037 (97.05%) 
Test Positive Acc:  6770/7408 (91.39%) 
Train Negative Acc: 2162/2381 (90.80%) 
Test Negative Acc:  4422/6604 (66.96%) 

Epoch 160
Loss: 0.0559 
Train Acc: 4169/4418 (94.36%) 
Test Acc:  11505/14012 (82.11%) 
Train Positive Acc: 1977/2037 (97.05%) 
Test Positive Acc:  6831/7408 (92.21%) 
Train Negative Acc: 2192/2381 (92.06%) 
Test Negative Acc:  4674/6604 (70.78%) 

Epoch 200
Loss: 0.0494 
Train Acc: 4206/4418 (95.20%) 
Test Acc:  11788/14012 (84.13%) 
Train Positive Acc: 1977/2037 (97.05%) 
Test Positive Acc:  6905/7408 (93.21%) 
Train Negative Acc: 2229/2381 (93.62%) 
Test Negative Acc:  4883/6604 (73.94%) 

"
mean,psi_6,6,6,"[886, 443, 221, 147, 110, 0, 0, 0, 0, 0, 0, 0, 0, 0, 0, 0, 0, 0, 0, 0, 0]","[0, 0, 0, 0, 0, 88, 73, 63, 55, 49, 44, 40, 36, 34, 31, 29, 27, 26, 24, 23, 22]",14012,6339,7673,1,4418,1.0,2842,1.0,1576,1.0,11732,0.8373,5500,0.8676,6232,0.8122,"  [  0-  4] root neighbors | nodes=4418 | accuracy=1.0000 / 1.0000 / 1.0000
  [  5-  9] root neighbors | nodes=   0 | accuracy=n/a
  [ 10- 14] root neighbors | nodes=   0 | accuracy=n/a
  [ 15- 19] root neighbors | nodes=   0 | accuracy=n/a
  [ 20- 24] root neighbors | nodes=   0 | accuracy=n/a
","  [  0-  4] root neighbors | nodes=   0 | accuracy=n/a
  [  5-  9] root neighbors | nodes=4400 | accuracy=0.8384 / 0.8682 / 0.8126
  [ 10- 14] root neighbors | nodes=4376 | accuracy=0.8430 / 0.9027 / 0.7993
  [ 15- 19] root neighbors | nodes=4356 | accuracy=0.8547 / 0.8726 / 0.8388
  [ 20- 24] root neighbors | nodes= 880 | accuracy=0.7170 / 0.6775 / 0.7500
",200,"Epoch 040
Loss: 0.0860 
Train Acc: 4184/4418 (94.70%) 
Test Acc:  10608/14012 (75.71%) 
Train Positive Acc: 2710/2842 (95.36%) 
Test Positive Acc:  5247/6339 (82.77%) 
Train Negative Acc: 1474/1576 (93.53%) 
Test Negative Acc:  5361/7673 (69.87%) 

Epoch 080
Loss: 0.0274 
Train Acc: 4349/4418 (98.44%) 
Test Acc:  11177/14012 (79.77%) 
Train Positive Acc: 2818/2842 (99.16%) 
Test Positive Acc:  5362/6339 (84.59%) 
Train Negative Acc: 1531/1576 (97.14%) 
Test Negative Acc:  5815/7673 (75.79%) 

Epoch 120
Loss: 0.0162 
Train Acc: 4394/4418 (99.46%) 
Test Acc:  11172/14012 (79.73%) 
Train Positive Acc: 2818/2842 (99.16%) 
Test Positive Acc:  5597/6339 (88.29%) 
Train Negative Acc: 1576/1576 (100.00%) 
Test Negative Acc:  5575/7673 (72.66%) 

Epoch 160
Loss: 0.0132 
Train Acc: 4394/4418 (99.46%) 
Test Acc:  11340/14012 (80.93%) 
Train Positive Acc: 2818/2842 (99.16%) 
Test Positive Acc:  5341/6339 (84.26%) 
Train Negative Acc: 1576/1576 (100.00%) 
Test Negative Acc:  5999/7673 (78.18%) 

Epoch 200
Loss: 0.0058 
Train Acc: 4418/4418 (100.00%) 
Test Acc:  11732/14012 (83.73%) 
Train Positive Acc: 2842/2842 (100.00%) 
Test Positive Acc:  5500/6339 (86.76%) 
Train Negative Acc: 1576/1576 (100.00%) 
Test Negative Acc:  6232/7673 (81.22%) 

"
mean,psi_7,2,2,"[886, 443, 221, 147, 110, 0, 0, 0, 0, 0, 0, 0, 0, 0, 0, 0, 0, 0, 0, 0, 0]","[0, 0, 0, 0, 0, 88, 73, 63, 55, 49, 44, 40, 36, 34, 31, 29, 27, 26, 24, 23, 22]",14012,6268,7744,2,4418,1.0,2351,1.0,2067,1.0,12823,0.9151,5080,0.8105,7743,0.9999,"  [  0-  4] root neighbors | nodes=4418 | accuracy=1.0000 / 1.0000 / 1.0000
  [  5-  9] root neighbors | nodes=   0 | accuracy=n/a
  [ 10- 14] root neighbors | nodes=   0 | accuracy=n/a
  [ 15- 19] root neighbors | nodes=   0 | accuracy=n/a
  [ 20- 24] root neighbors | nodes=   0 | accuracy=n/a
","  [  0-  4] root neighbors | nodes=   0 | accuracy=n/a
  [  5-  9] root neighbors | nodes=4400 | accuracy=0.9268 / 0.8377 / 0.9996
  [ 10- 14] root neighbors | nodes=4376 | accuracy=0.9260 / 0.8442 / 1.0000
  [ 15- 19] root neighbors | nodes=4356 | accuracy=0.8882 / 0.7478 / 1.0000
  [ 20- 24] root neighbors | nodes= 880 | accuracy=0.9364 / 0.8000 / 1.0000
",200,"Epoch 040
Loss: 0.1620 
Train Acc: 3761/4418 (85.13%) 
Test Acc:  10035/14012 (71.62%) 
Train Positive Acc: 2135/2351 (90.81%) 
Test Positive Acc:  4402/6268 (70.23%) 
Train Negative Acc: 1626/2067 (78.66%) 
Test Negative Acc:  5633/7744 (72.74%) 

Epoch 080
Loss: 0.0822 
Train Acc: 4061/4418 (91.92%) 
Test Acc:  11590/14012 (82.71%) 
Train Positive Acc: 2173/2351 (92.43%) 
Test Positive Acc:  4630/6268 (73.87%) 
Train Negative Acc: 1888/2067 (91.34%) 
Test Negative Acc:  6960/7744 (89.88%) 

Epoch 120
Loss: 0.0509 
Train Acc: 4346/4418 (98.37%) 
Test Acc:  12531/14012 (89.43%) 
Train Positive Acc: 2279/2351 (96.94%) 
Test Positive Acc:  4859/6268 (77.52%) 
Train Negative Acc: 2067/2067 (100.00%) 
Test Negative Acc:  7672/7744 (99.07%) 

Epoch 160
Loss: 0.0372 
Train Acc: 4346/4418 (98.37%) 
Test Acc:  12650/14012 (90.28%) 
Train Positive Acc: 2279/2351 (96.94%) 
Test Positive Acc:  4909/6268 (78.32%) 
Train Negative Acc: 2067/2067 (100.00%) 
Test Negative Acc:  7741/7744 (99.96%) 

Epoch 200
Loss: 0.0275 
Train Acc: 4418/4418 (100.00%) 
Test Acc:  12823/14012 (91.51%) 
Train Positive Acc: 2351/2351 (100.00%) 
Test Positive Acc:  5080/6268 (81.05%) 
Train Negative Acc: 2067/2067 (100.00%) 
Test Negative Acc:  7743/7744 (99.99%) 

"
mean,psi_8,4,4,"[886, 443, 221, 147, 110, 0, 0, 0, 0, 0, 0, 0, 0, 0, 0, 0, 0, 0, 0, 0, 0]","[0, 0, 0, 0, 0, 88, 73, 63, 55, 49, 44, 40, 36, 34, 31, 29, 27, 26, 24, 23, 22]",14012,6648,7364,1,4418,1.0,1467,1.0,2951,1.0,12743,0.9094,5379,0.8091,7364,1.0,"  [  0-  4] root neighbors | nodes=4418 | accuracy=1.0000 / 1.0000 / 1.0000
  [  5-  9] root neighbors | nodes=   0 | accuracy=n/a
  [ 10- 14] root neighbors | nodes=   0 | accuracy=n/a
  [ 15- 19] root neighbors | nodes=   0 | accuracy=n/a
  [ 20- 24] root neighbors | nodes=   0 | accuracy=n/a
","  [  0-  4] root neighbors | nodes=   0 | accuracy=n/a
  [  5-  9] root neighbors | nodes=4400 | accuracy=0.9066 / 0.8016 / 1.0000
  [ 10- 14] root neighbors | nodes=4376 | accuracy=0.9088 / 0.7982 / 1.0000
  [ 15- 19] root neighbors | nodes=4356 | accuracy=0.9114 / 0.8276 / 1.0000
  [ 20- 24] root neighbors | nodes= 880 | accuracy=0.9170 / 0.7972 / 1.0000
",40,"Epoch 040
Loss: 0.0179 
Train Acc: 4418/4418 (100.00%) 
Test Acc:  12743/14012 (90.94%) 
Train Positive Acc: 1467/1467 (100.00%) 
Test Positive Acc:  5379/6648 (80.91%) 
Train Negative Acc: 2951/2951 (100.00%) 
Test Negative Acc:  7364/7364 (100.00%) 

"
