aggregation;formula;dimension;layers;train_source;test_source;num_epochs;has_progress_log;final_train_acc;final_test_acc;acc_size_1-10;acc_size_11-20;acc_size_21-30;acc_size_31-40;acc_size_41-50;acc_size_51-60;acc_size_61-70;acc_size_71-80;acc_size_81-90;acc_size_91-100;acc_set_RG;acc_set_CG;acc_set_HC
max;psi_1;2;2;RG;RG;365;TRUE;1;1;1;1;1;1;1;1;1;1;1;1;1;1;1
max;psi_1;2;2;RG;RG;303;TRUE;1;1;1;1;1;1;1;1;1;1;1;1;1;1;1
max;psi_1;3;3;RG;RG;2000;TRUE;0,9885;0,9893;0,7812;0,9565;0,9453;0,9733;0,9956;1;1;1;1;0,9917;0,9889;0,9461;0,9552
max;psi_1;4;4;RG;RG;1122;TRUE;0,998;1;1;1;1;1;1;1;1;1;1;1;0,999;0,999;0,9883
max;psi_2;2;2;RG;RG;1315;TRUE;1;1;1;1;1;1;1;1;1;1;1;1;1;1;1
max;psi_2;3;3;RG;RG;2000;TRUE;0,9662;0,9585;0,9062;0,8551;0,8516;0,861;0,9563;0,942;0,991;0,9654;0,9952;0,9938;0,9623;0,6372;0,8961
max;psi_2;4;4;RG;RG;1734;TRUE;0,9996;1;1;1;1;1;1;1;1;1;1;1;0,9998;1;0,999
max;psi_2;5;5;RG;RG;1055;TRUE;0,9992;0,9988;1;0,971;0,9922;1;1;1;1;1;1;1;0,999;0,9976;0,9964
max;psi_3;2;2;RG;RG;2000;TRUE;0,9877;0,9794;0,8438;0,8116;0,9531;0,877;1;0,9819;1;1;1;1;0,9836;1;0,9484
max;psi_3;3;3;RG;RG;2000;TRUE;0,9877;0,9794;0,8438;0,8116;0,9531;0,877;1;0,9819;1;1;1;1;0,9836;1;0,9484
max;psi_3;4;4;RG;RG;2000;TRUE;0,9877;0,9794;0,8438;0,8116;0,9531;0,877;1;0,9819;1;1;1;1;0,9836;1;0,9484
max;psi_3;5;5;RG;RG;2000;TRUE;0,9877;0,9794;0,8438;0,8116;0,9531;0,877;1;0,9819;1;1;1;1;0,9836;1;0,9484
max;psi_3;6;6;RG;RG;2000;TRUE;0,9877;0,9794;0,8438;0,8116;0,9531;0,877;1;0,9819;1;1;1;1;0,9836;1;0,9484
max;psi_4;2;2;RG;RG;2000;TRUE;0,9325;0,9122;1;0,8986;0,8047;0,9037;0,8341;0,9167;0,9219;0,9016;0,9353;0,9563;0,9223;0,8356;0,919
max;psi_4;3;3;RG;RG;2000;TRUE;0,9325;0,9122;1;0,8986;0,8047;0,9037;0,8341;0,9167;0,9219;0,9016;0,9353;0,9563;0,9223;0,8356;0,919
max;psi_4;4;4;RG;RG;2000;TRUE;0,9325;0,9122;1;0,8986;0,8047;0,9037;0,8341;0,9167;0,9219;0,9016;0,9353;0,9563;0,9223;0,8356;0,919
max;psi_4;5;5;RG;RG;2000;TRUE;0,9325;0,9122;1;0,8986;0,8047;0,9037;0,8341;0,9167;0,9219;0,9016;0,9353;0,9563;0,9223;0,8356;0,919
max;psi_4;6;6;RG;RG;1716;TRUE;0,9992;0,9972;1;1;0,9844;1;0,9956;1;0,988;1;1;1;0,9982;0,9419;0,9927
max;psi_5;2;2;RG;RG;2000;TRUE;0,9952;0,9941;0,8125;0,913;0,9844;0,9947;1;1;1;1;1;1;0,9946;1;0,9532
max;psi_5;3;3;RG;RG;2000;TRUE;0,9952;0,9941;0,8125;0,913;0,9844;0,9947;1;1;1;1;1;1;0,9946;1;0,9532
max;psi_5;4;4;RG;RG;2000;TRUE;0,9952;0,9941;0,8125;0,913;0,9844;0,9947;1;1;1;1;1;1;0,9946;1;0,9532
max;psi_5;5;5;RG;RG;2000;TRUE;0,9952;0,9941;0,8125;0,913;0,9844;0,9947;1;1;1;1;1;1;0,9946;1;0,9532
max;psi_5;6;6;RG;RG;2000;TRUE;0,9952;0,9941;0,8125;0,913;0,9844;0,9947;1;1;1;1;1;1;0,9946;1;0,9532
max;psi_6;2;2;RG;RG;2000;TRUE;0,938;0,9391;0,9688;0,8406;0,8984;0,7701;0,8865;0,8696;0,955;0,9761;1;1;0,9386;0,9087;0,9141
max;psi_6;3;3;RG;RG;2000;TRUE;0,938;0,9391;0,9688;0,8406;0,8984;0,7701;0,8865;0,8696;0,955;0,9761;1;1;0,9386;0,9087;0,9141
max;psi_6;4;4;RG;RG;2000;TRUE;0,938;0,9391;0,9688;0,8406;0,8984;0,7701;0,8865;0,8696;0,955;0,9761;1;1;0,9386;0,9087;0,9141
max;psi_6;5;5;RG;RG;2000;TRUE;0,938;0,9391;0,9688;0,8406;0,8984;0,7701;0,8865;0,8696;0,955;0,9761;1;1;0,9386;0,9087;0,9141
max;psi_6;6;6;RG;RG;2000;TRUE;0,938;0,9391;0,9688;0,8406;0,8984;0,7701;0,8865;0,8696;0,955;0,9761;1;1;0,9386;0,9087;0,9139
max;psi_7;6;6;RG;RG;2000;TRUE;0,6962;0,7041;0,75;0,971;1;0,9947;1;1;0,3994;1;0,4053;0,3992;0,7002;0,1476;0,7209
max;psi_7;7;7;RG;RG;2000;TRUE;0,7014;0,7065;0,8438;1;1;1;1;1;0,3994;1;0,4053;0,3992;0,7039;0,8046;0,7529
max;psi_7;8;8;RG;RG;2000;TRUE;0,9976;0,981;0,8125;0,7536;0,9297;0,9947;1;1;0,985;0,9894;0,9928;0,9938;0,9893;0,7058;0,7843
max;psi_7;9;9;RG;RG;2000;TRUE;0,8987;0,8493;0,7812;0,9275;1;0,9947;1;1;0,4024;1;0,6091;0,9875;0,874;0,7058;0,8321
max;psi_7;10;10;RG;RG;2000;TRUE;0,9249;0,8153;0,9375;1;1;1;1;1;0,5375;1;0,4844;0,8004;0,87;0,7058;0,8015
max;psi_8;6;6;RG;RG;2000;TRUE;0,9972;0,9893;1;0,942;0,9219;0,9305;1;1;1;1;1;1;0,9933;0,9362;0,9678
max;psi_8;7;7;RG;RG;1350;TRUE;0,9988;0,9949;1;0,9565;0,9688;0,9679;1;1;1;1;1;1;0,9968;1;0,9854
max;psi_8;8;8;RG;RG;2000;TRUE;0,9702;0,9513;0,7188;0,6522;0,7109;0,7701;0,9782;0,9819;1;1;1;1;0,9608;1;0,8856
max;psi_8;9;9;RG;RG;1985;TRUE;0,9988;0,9953;1;1;0,9375;0,9786;1;1;1;1;1;1;0,997;0,9407;0,9899
max;psi_8;10;10;RG;RG;2000;TRUE;0,9905;0,9731;1;0,8696;0,8828;0,8182;0,9782;0,9819;1;1;1;1;0,9818;1;0,9496
max;psi_9;2;2;RG;RG;2000;TRUE;0,8447;0,8295;1;0,942;0,8906;0,8021;0,8079;0,8116;0,7898;0,8298;0,7938;0,8753;0,8371;0,9712;0,8999
max;psi_9;3;3;RG;RG;2000;TRUE;0,805;0,7892;1;0,9565;0,8828;0,7701;0,7249;0,6703;0,7598;0,8032;0,7602;0,8669;0,7971;0,9642;0,873
max;psi_9;4;4;RG;RG;2000;TRUE;0,8515;0,8323;1;0,9565;0,8984;0,7861;0,7642;0,8188;0,7718;0,8298;0,8153;0,9023;0,8419;0,9729;0,8854
max;psi_9;5;5;RG;RG;2000;TRUE;0,921;0,9043;1;0,971;0,9375;0,9037;0,8952;0,8804;0,8859;0,8963;0,8873;0,9314;0,9126;0,964;0,9103
max;psi_10;2;2;RG;RG;2000;TRUE;0,8229;0,8066;1;0,971;0,8984;0,8289;0,8166;0,7283;0,7477;0,7686;0,8082;0,8462;0,8147;0,9796;0,9093
max;psi_10;3;3;RG;RG;2000;TRUE;0,8229;0,8066;1;0,971;0,8984;0,8289;0,8166;0,7283;0,7477;0,7686;0,8082;0,8462;0,8147;0,9796;0,9093
max;psi_10;4;4;RG;RG;2000;TRUE;0,8229;0,8066;1;0,971;0,8984;0,8289;0,8166;0,7283;0,7477;0,7686;0,8082;0,8462;0,8147;0,9796;0,9093
max;psi_10;5;5;RG;RG;2000;TRUE;0,8229;0,8066;1;0,971;0,8984;0,8289;0,8166;0,7283;0,7477;0,7686;0,8082;0,8462;0,8147;0,9796;0,9093
max;psi_11;2;2;RG;RG;2000;TRUE;0,9861;0,9866;0,9375;0,8841;0,875;0,9786;0,9869;1;1;0,9973;1;1;0,9863;0,4284;0,8852
max;psi_11;3;3;RG;RG;2000;TRUE;0,9797;0,9834;0,875;0,7826;0,8906;0,9733;0,9825;1;1;1;1;1;0,9816;0,2839;0,8738
max;psi_11;4;4;RG;RG;2000;TRUE;0,9797;0,9806;0,8438;0,8841;0,8203;0,9519;0,9825;1;1;1;1;1;0,9802;0,4438;0,8681
max;psi_11;5;5;RG;RG;2000;TRUE;0,9893;0,9826;0,9062;0,8841;0,8516;0,9465;0,9825;1;1;1;1;1;0,9859;0,3385;0,875
max;psi_11;6;6;RG;RG;2000;TRUE;0,977;0,9838;0,9062;0,8406;0,8672;0,9679;0,9825;1;1;1;1;1;0,9804;0,3173;0,856
max;psi_12;2;2;RG;RG;2000;TRUE;0,9519;0,9616;0,9375;0,8841;0,7969;0,8877;0,9476;0,9601;0,973;0,9867;0,9976;0,9958;0,9568;0,6406;0,8056
max;psi_12;3;3;RG;RG;2000;TRUE;0,948;0,9608;0,9688;0,8116;0,8047;0,9198;0,9301;0,9638;0,967;0,9867;0,9976;0,9958;0,9544;0,7522;0,8086
max;psi_12;4;4;RG;RG;2000;TRUE;0,9504;0,9569;0,9375;0,8116;0,7578;0,8663;0,952;0,9565;0,973;0,992;0,9976;0,9958;0,9536;0,6621;0,7667
max;psi_12;5;5;RG;RG;2000;TRUE;0,9412;0,9509;0,9688;0,8406;0,7344;0,8663;0,9083;0,9457;0,976;0,984;0,9976;0,9958;0,9461;0,7491;0,7819
max;psi_13;2;2;RG;RG;2000;TRUE;0,7017;0,6883;0,9375;0,913;0,8438;0,7807;0,6812;0,6957;0,7027;0,7128;0,5947;0,6133;0,695;0,9787;0,8299
max;psi_13;3;3;RG;RG;2000;TRUE;0,6581;0,6297;0,6562;0,4928;0,6484;0,6203;0,6769;0,6667;0,7027;0,6862;0,5588;0,5696;0,6439;0,7497;0,6569
max;psi_13;4;4;RG;RG;2000;TRUE;0,7625;0,7464;0,875;0,8116;0,8281;0,8717;0,7817;0,8007;0,6847;0,734;0,7266;0,6798;0,7545;0,9937;0,8292
max;psi_13;5;5;RG;RG;2000;TRUE;0,8086;0,7872;1;0,913;0,9062;0,8342;0,7991;0,8043;0,7838;0,7793;0,765;0,7173;0,7979;0,9974;0,9024
max;psi_14;2;2;RG;RG;2000;TRUE;0,9805;0,9862;0,875;0,9565;0,9219;0,9733;0,9694;0,9891;0,994;0,9973;1;1;0,9834;0,8156;0,9008
max;psi_14;3;3;RG;RG;2000;TRUE;0,9805;0,9862;0,875;0,9565;0,9219;0,9733;0,9694;0,9891;0,994;0,9973;1;1;0,9834;0,8156;0,9008
max;psi_14;4;4;RG;RG;2000;TRUE;0,9805;0,9862;0,875;0,9565;0,9219;0,9733;0,9694;0,9891;0,994;0,9973;1;1;0,9834;0,8156;0,9008
max;psi_14;5;5;RG;RG;2000;TRUE;0,9805;0,9862;0,875;0,9565;0,9219;0,9733;0,9694;0,9891;0,994;0,9973;1;1;0,9834;0,8156;0,9008
max;psi_15;3;3;RG;RG;2000;TRUE;0,9468;0,9462;0,9375;0,942;0,8828;0,8877;0,9301;0,9167;0,964;0,9468;0,9688;0,9792;0,9465;0,8514;0,902
max;psi_15;4;4;RG;RG;2000;TRUE;0,942;0,9276;0,8125;0,8551;0,7266;0,8289;0,9258;0,8986;0,967;0,9495;0,9664;0,9771;0,9348;0,7736;0,8246
max;psi_15;5;5;RG;RG;2000;TRUE;0,9444;0,9276;0,7812;0,8696;0,75;0,8289;0,9127;0,9022;0,961;0,9468;0,9712;0,9771;0,936;0,8287;0,8301
max;psi_15;6;6;RG;RG;2000;TRUE;0,9984;0,9984;1;1;0,9922;1;1;1;1;1;0,9952;0,9979;0,9984;1;0,9957
max;psi_15;7;7;RG;RG;2000;TRUE;0,9984;0,998;1;1;0,9922;1;0,9956;1;1;1;0,9952;0,9979;0,9982;1;0,9937
max;psi_16;2;2;RG;RG;2000;TRUE;0,9639;0,9624;0,5;0,6232;0,8047;0,9305;0,9738;0,9855;0,997;0,9973;1;0,9938;0,9631;0,5957;0,7391
max;psi_16;3;3;RG;RG;2000;TRUE;0,9809;0,9782;0,8125;0,8406;0,8672;0,9412;0,9782;0,9891;0,997;0,9973;1;1;0,9796;0,5708;0,8471
max;psi_16;4;4;RG;RG;2000;TRUE;0,9881;0,9873;1;0,9565;0,8984;0,9679;0,9782;0,9891;0,997;0,9973;1;1;0,9877;0,7647;0,8683
max;psi_16;5;5;RG;RG;2000;TRUE;0,9722;0,966;0,6562;0,6522;0,8125;0,9358;0,9738;0,9855;0,997;0,9973;1;0,9938;0,9691;0,5957;0,7717
max;psi_16;6;6;RG;RG;2000;TRUE;0,9853;0,9858;0,9688;0,913;0,8984;0,9679;0,9782;0,9891;0,997;0,9973;1;1;0,9855;0,8283;0,8773
sum;psi_1;2;2;RG;RG;520;TRUE;0,9992;1;1;1;1;1;1;1;1;1;1;1;0,9996;0,9927;0,9998
sum;psi_1;3;3;RG;RG;1631;TRUE;0,9972;0,9996;1;1;1;1;1;1;1;1;1;0,9979;0,9984;0,9911;0,999
sum;psi_1;4;4;RG;RG;915;TRUE;0,9996;1;1;1;1;1;1;1;1;1;1;1;0,9998;0,9966;0,9988
sum;psi_2;2;2;RG;RG;2000;TRUE;0,9944;0,9933;1;1;1;1;0,9956;0,9855;0,997;0,9787;0,9976;0,9958;0,9939;0,9492;0,9799
sum;psi_2;3;3;RG;RG;2000;TRUE;0,9623;0,9549;0,9375;0,7536;0,8516;0,8663;0,952;0,9457;0,991;0,9548;0,9952;0,9938;0,9586;0,8423;0,839
sum;psi_2;4;4;RG;RG;1611;TRUE;0,9996;0,9968;1;1;1;1;0,9956;0,9964;0,997;0,9973;0,9976;0,9938;0,9982;0,9911;0,9826
sum;psi_2;5;5;RG;RG;2000;TRUE;0,9555;0,9442;0,7812;0,7246;0,7891;0,8235;0,9389;0,942;0,991;0,9548;0,9952;0,9938;0,9499;0,4051;0,7819
sum;psi_3;2;2;RG;RG;2000;TRUE;0,9877;0,9794;0,8438;0,8116;0,9531;0,877;1;0,9819;1;1;1;1;0,9836;1;0,9484
sum;psi_3;3;3;RG;RG;2000;TRUE;0,9877;0,9794;0,8438;0,8116;0,9531;0,877;1;0,9819;1;1;1;1;0,9836;1;0,9484
sum;psi_3;4;4;RG;RG;2000;TRUE;0,9877;0,9794;0,8438;0,8116;0,9531;0,877;1;0,9819;1;1;1;1;0,9836;1;0,9484
sum;psi_3;5;5;RG;RG;2000;TRUE;0,9885;0,9814;0,875;0,8551;0,9531;0,8824;1;0,9819;1;1;1;1;0,9849;0,9953;0,972
sum;psi_3;6;6;RG;RG;2000;TRUE;0,9885;0,9806;0,875;0,8406;0,9531;0,877;1;0,9819;1;1;1;1;0,9845;0,986;0,972
sum;psi_4;2;2;RG;RG;2000;TRUE;0,9321;0,9201;0,9688;0,913;0,8516;0,9412;0,8428;0,913;0,9249;0,9149;0,9305;0,9605;0,9261;0,8884;0,9182
sum;psi_4;3;3;RG;RG;2000;TRUE;0,9317;0,9126;1;0,8986;0,8125;0,9037;0,8341;0,9167;0,9219;0,9016;0,9353;0,9563;0,9221;0,822;0,905
sum;psi_4;4;4;RG;RG;2000;TRUE;0,9305;0,9118;1;0,8986;0,8125;0,9037;0,8297;0,913;0,9219;0,9016;0,9353;0,9563;0,9211;0,823;0,904
sum;psi_4;5;5;RG;RG;2000;TRUE;0,9317;0,913;1;0,913;0,8125;0,9037;0,8341;0,9167;0,9219;0,9016;0,9353;0,9563;0,9223;0,8273;0,8912
sum;psi_4;6;6;RG;RG;2000;TRUE;0,9321;0,9122;1;0,8841;0,8125;0,9037;0,8341;0,9167;0,9219;0,9016;0,9353;0,9563;0,9221;0,8224;0,891
sum;psi_5;2;2;RG;RG;2000;TRUE;0,9952;0,9941;0,8125;0,913;0,9844;0,9947;1;1;1;1;1;1;0,9946;0,9933;0,9516
sum;psi_5;3;3;RG;RG;2000;TRUE;0,9952;0,9941;0,8125;0,913;0,9844;0,9947;1;1;1;1;1;1;0,9946;1;0,9506
sum;psi_5;4;4;RG;RG;2000;TRUE;0,9952;0,9941;0,8125;0,913;0,9844;0,9947;1;1;1;1;1;1;0,9946;1;0,9532
sum;psi_5;5;5;RG;RG;2000;TRUE;0,9936;0,9941;0,8125;0,913;0,9844;0,9947;1;1;1;1;1;1;0,9939;0,9877;0,9374
sum;psi_5;6;6;RG;RG;1962;TRUE;0,9996;0,9988;0,9375;1;0,9922;1;1;1;1;1;1;1;0,9992;1;0,9927
sum;psi_6;2;2;RG;RG;2000;TRUE;0,9392;0,9395;0,9688;0,8406;0,8984;0,7754;0,8865;0,8696;0,955;0,9761;1;1;0,9394;0,8844;0,9178
sum;psi_6;3;3;RG;RG;2000;TRUE;0,9388;0,9395;0,9688;0,8406;0,8984;0,7754;0,8865;0,8696;0,955;0,9761;1;1;0,9392;0,8939;0,9143
sum;psi_6;4;4;RG;RG;2000;TRUE;0,938;0,9391;0,9688;0,8406;0,8984;0,7701;0,8865;0,8696;0,955;0,9761;1;1;0,9386;0,9087;0,9141
sum;psi_6;5;5;RG;RG;2000;TRUE;0,938;0,9391;0,9688;0,8406;0,8984;0,7701;0,8865;0,8696;0,955;0,9761;1;1;0,9386;0,9087;0,8935
sum;psi_6;6;6;RG;RG;2000;TRUE;0,9396;0,9399;0,9688;0,8406;0,8906;0,7861;0,8865;0,8696;0,955;0,9761;1;1;0,9398;0,8803;0,906
sum;psi_7;6;6;RG;RG;2000;TRUE;0,9011;0,8343;0,9375;0,8986;1;0,9947;1;0,808;0,7417;0,984;0,6043;0,7942;0,8676;0,7643;0,7247
sum;psi_7;7;7;RG;RG;2000;TRUE;0,8479;0,7884;0,7812;0,7826;0,9766;0,9893;1;0,9964;0,4444;0,9894;0,5492;0,7297;0,8181;0,5471;0,7016
sum;psi_7;8;8;RG;RG;2000;TRUE;0,6807;0,7449;0,8125;0,5507;0,8438;0,9626;1;1;0,3994;1;0,5683;0,5821;0,7128;0,7439;0,6775
sum;psi_7;9;9;RG;RG;2000;TRUE;0,8253;0,7294;0,9062;1;1;1;1;1;0,4024;0,7314;0,5348;0,6112;0,7772;0,5293;0,7351
sum;psi_7;10;10;RG;RG;2000;TRUE;0,7303;0,7191;0,7188;0,913;1;0,9947;1;0,9819;0,4144;0,8032;0,5012;0,5593;0,7247;0,6299;0,7083
sum;psi_8;6;6;RG;RG;2000;TRUE;0,9893;0,9723;1;0,8696;0,8516;0,8235;0,9825;0,9819;1;1;1;1;0,9808;0,9455;0,9526
sum;psi_8;7;7;RG;RG;2000;TRUE;0,9857;0,9751;0,9688;0,8696;0,8906;0,8342;0,9782;0,9891;1;1;1;1;0,9804;0,936;0,9421
sum;psi_8;8;8;RG;RG;2000;TRUE;0,9825;0,9786;1;0,942;0,8828;0,8717;0,9738;0,9819;1;1;1;1;0,9806;0,9546;0,9654
sum;psi_8;9;9;RG;RG;2000;TRUE;0,9746;0,9569;0,75;0,6957;0,7656;0,7861;0,9782;0,9819;1;1;1;1;0,9657;0,9694;0,9315
sum;psi_8;10;10;RG;RG;2000;TRUE;0,9944;0,9925;0,9375;0,971;0,9688;0,9412;1;1;1;1;1;1;0,9935;0,9465;0,9806
sum;psi_9;2;2;RG;RG;2000;TRUE;0,3959;0,3983;1;0,9565;0,8828;0,7166;0,6463;0,4094;0,3183;0,2021;0,3381;0,1622;0,3971;0,9642;0,7851
sum;psi_9;3;3;RG;RG;2000;TRUE;0,832;0,8169;1;0,971;0,8906;0,7861;0,7991;0,7899;0,7988;0,8085;0,741;0,8836;0,8244;0,9694;0,9028
sum;psi_9;4;4;RG;RG;2000;TRUE;0,8062;0,7963;1;0,9565;0,8828;0,7487;0,7729;0,7101;0,7808;0,7952;0,7386;0,8773;0,8012;0,9607;0,8849
sum;psi_9;5;5;RG;RG;2000;TRUE;0,8189;0,7963;1;0,9565;0,8828;0,7807;0,7773;0,7065;0,7838;0,7686;0,7362;0,8857;0,8076;0,9688;0,8833
sum;psi_10;2;2;RG;RG;2000;TRUE;0,8229;0,8066;1;0,971;0,8984;0,8289;0,8166;0,7283;0,7477;0,7686;0,8082;0,8462;0,8147;0,9314;0,8803
sum;psi_10;3;3;RG;RG;2000;TRUE;0,8229;0,8066;1;0,971;0,8984;0,8289;0,8166;0,7283;0,7477;0,7686;0,8082;0,8462;0,8147;0,9796;0,9046
sum;psi_10;4;4;RG;RG;2000;TRUE;0,8257;0,8081;1;0,971;0,8984;0,8289;0,8253;0,7355;0,7477;0,7686;0,8082;0,8462;0,8169;0,9686;0,9056
sum;psi_10;5;5;RG;RG;2000;TRUE;0,8229;0,8066;1;0,971;0,8984;0,8289;0,8166;0,7283;0,7477;0,7686;0,8082;0,8462;0,8147;0,9796;0,9066
sum;psi_11;2;2;RG;RG;2000;TRUE;0,9484;0,9589;0,8125;0,6087;0,7578;0,893;0,9389;0,9819;1;0,9973;1;1;0,9536;0,6175;0,7782
sum;psi_11;3;3;RG;RG;2000;TRUE;0,9762;0,9763;0,9062;0,8696;0,7656;0,9358;0,9782;0,9964;1;1;1;1;0,9762;0,6003;0,8548
sum;psi_11;4;4;RG;RG;2000;TRUE;0,9861;0,9866;0,9062;0,913;0,8984;0,9572;0,9825;1;1;1;1;1;0,9863;0,7453;0,921
sum;psi_11;5;5;RG;RG;2000;TRUE;0,9849;0,9893;0,9375;0,9275;0,9219;0,9679;0,9825;1;1;1;1;1;0,9871;0,6843;0,9125
sum;psi_11;6;6;RG;RG;2000;TRUE;0,9956;0,9945;0,9375;0,9565;0,9375;0,9947;1;1;1;1;1;1;0,995;0,8978;0,9885
sum;psi_12;2;2;RG;RG;2000;TRUE;0,9754;0,9771;1;0,913;0,8984;0,9465;0,9476;0,9928;0,982;0,9894;0,9952;0,9938;0,9762;0,8998;0,9471
sum;psi_12;3;3;RG;RG;2000;TRUE;0,9535;0,9628;0,9375;0,7971;0,8125;0,8984;0,9345;0,9783;0,979;0,9894;0,9976;0,9958;0,9582;0,8933;0,856
sum;psi_12;4;4;RG;RG;2000;TRUE;0,9527;0,9648;0,9375;0,8261;0,8438;0,8984;0,9389;0,9746;0,976;0,9894;0,9976;0,9958;0,9588;0,8307;0,8852
sum;psi_12;5;5;RG;RG;2000;TRUE;0,9587;0,9711;0,9688;0,8841;0,8516;0,9412;0,9432;0,9783;0,976;0,9894;0,9976;0,9958;0,9649;0,9277;0,8987
sum;psi_13;2;2;RG;RG;2000;TRUE;0,724;0,7211;0,6875;0,5942;0,7266;0,7273;0,7162;0,7572;0,7538;0,7394;0,7122;0,6902;0,7226;0,7402;0,7008
sum;psi_13;3;3;RG;RG;2000;TRUE;0,9901;0,9893;1;0,9855;0,9766;0,9572;0,9825;0,9783;0,997;0,9973;0,9976;0,9958;0,9897;1;0,9769
sum;psi_13;4;4;RG;RG;2000;TRUE;0,9861;0,9893;1;0,9855;0,9922;0,9519;0,9825;0,9819;0,988;0,992;1;1;0,9877;0,9937;0,9848
sum;psi_13;5;5;RG;RG;2000;TRUE;0,5413;0,536;0,75;0,8696;0,6328;0,5936;0,5153;0,5036;0,5195;0,4282;0,6019;0,4927;0,5386;0,5301;0,6425
sum;psi_14;2;2;RG;RG;2000;TRUE;0,9805;0,9862;0,875;0,9565;0,9219;0,9733;0,9694;0,9891;0,994;0,9973;1;1;0,9834;0,8218;0,8999
sum;psi_14;3;3;RG;RG;2000;TRUE;0,9801;0,9862;0,875;0,9565;0,9219;0,9733;0,9694;0,9891;0,994;0,9973;1;1;0,9832;0,8156;0,8801
sum;psi_14;4;4;RG;RG;2000;TRUE;0,9805;0,9862;0,875;0,9565;0,9219;0,9733;0,9694;0,9891;0,994;0,9973;1;1;0,9834;0,8156;0,9008
sum;psi_14;5;5;RG;RG;2000;TRUE;0,9805;0,9862;0,875;0,9565;0,9219;0,9733;0,9694;0,9891;0,994;0,9973;1;1;0,9834;0,8156;0,8999
sum;psi_15;3;3;RG;RG;2000;TRUE;0,9245;0,9142;0,8438;0,8841;0,7656;0,8235;0,8559;0,8696;0,9369;0,9495;0,9568;0,9709;0,9193;0,7955;0,8503
sum;psi_15;4;4;RG;RG;2000;TRUE;0,9301;0,9308;0,8438;0,9275;0,7734;0,8717;0,917;0,9022;0,9369;0,9548;0,9592;0,9771;0,9304;0,7663;0,8677
sum;psi_15;5;5;RG;RG;2000;TRUE;0,911;0,9142;0,7812;0,8841;0,7734;0,7968;0,8952;0,8696;0,9339;0,9415;0,9592;0,9709;0,9126;0,7906;0,8209
sum;psi_15;6;6;RG;RG;2000;TRUE;0,9126;0,9122;0,75;0,9275;0,7578;0,8075;0,8952;0,8696;0,9159;0,9468;0,9544;0,9688;0,9124;0,7785;0,8211
sum;psi_15;7;7;RG;RG;2000;TRUE;0,9118;0,9138;0,7812;0,8986;0,7578;0,7968;0,8952;0,8696;0,9339;0,9415;0,9592;0,9709;0,9128;0,7963;0,8137
sum;psi_16;2;2;RG;RG;2000;TRUE;0,9853;0,9862;0,8438;0,913;0,9375;0,9679;0,9825;0,9855;0,997;0,9973;1;1;0,9857;0,8463;0,8981
sum;psi_16;3;3;RG;RG;2000;TRUE;0,9885;0,9873;0,9688;0,9565;0,9062;0,9679;0,9782;0,9891;0,997;0,9973;1;1;0,9879;0,5457;0,9257
sum;psi_16;4;4;RG;RG;2000;TRUE;0,9885;0,9846;0,8438;0,9275;0,8984;0,9679;0,9782;0,9891;0,997;0,9973;1;1;0,9865;0,5906;0,8991
sum;psi_16;5;5;RG;RG;2000;TRUE;0,9873;0,9826;0,7812;0,8841;0,8984;0,9679;0,9782;0,9891;0,997;0,9973;1;1;0,9849;0,7593;0,841
sum;psi_16;6;6;RG;RG;2000;TRUE;0,9809;0,9826;0,8438;0,8841;0,8906;0,9626;0,9782;0,9891;0,997;0,9973;1;1;0,9818;0,5957;0,8702
mean;psi_1;2;2;RG;RG;92;TRUE;1;0,9992;0,9688;1;0,9922;1;1;1;1;1;1;1;0,9996;1;0,9955
mean;psi_1;3;3;RG;RG;69;TRUE;0,9984;0,9976;0,9688;1;0,9844;0,9947;1;0,9928;1;1;1;1;0,998;1;0,9814
mean;psi_1;4;4;RG;RG;336;TRUE;0,9992;1;1;1;1;1;1;1;1;1;1;1;0,9996;0,9996;0,9941
mean;psi_2;2;2;RG;RG;2000;TRUE;0,9515;0,9434;0,8438;0,7246;0,7891;0,8128;0,9345;0,9384;0,991;0,9548;0,9952;0,9938;0,9475;0,6137;0,8299
mean;psi_2;3;3;RG;RG;2000;TRUE;0,9333;0,9213;0,4375;0,4348;0,7031;0,7754;0,9301;0,9348;0,991;0,9548;0,9952;0,9875;0,9273;0,6137;0,6899
mean;psi_2;4;4;RG;RG;2000;TRUE;0,9333;0,9209;0,4375;0,4348;0,6953;0,7754;0,9301;0,9348;0,991;0,9548;0,9952;0,9875;0,9271;0,6137;0,6875
mean;psi_2;5;5;RG;RG;2000;TRUE;0,9333;0,9209;0,4375;0,4348;0,6953;0,7754;0,9301;0,9348;0,991;0,9548;0,9952;0,9875;0,9271;0,6137;0,6875
mean;psi_3;2;2;RG;RG;2000;TRUE;0,9877;0,9794;0,8438;0,8116;0,9531;0,877;1;0,9819;1;1;1;1;0,9836;1;0,9484
mean;psi_3;3;3;RG;RG;2000;TRUE;0,9877;0,9794;0,8438;0,8116;0,9531;0,877;1;0,9819;1;1;1;1;0,9836;1;0,9459
mean;psi_3;4;4;RG;RG;2000;TRUE;0,9877;0,9794;0,8438;0,8116;0,9531;0,877;1;0,9819;1;1;1;1;0,9836;1;0,9484
mean;psi_3;5;5;RG;RG;2000;TRUE;0,9877;0,9794;0,8438;0,8116;0,9531;0,877;1;0,9819;1;1;1;1;0,9836;1;0,9484
mean;psi_3;6;6;RG;RG;2000;TRUE;0,9877;0,9794;0,8438;0,8116;0,9531;0,877;1;0,9819;1;1;1;1;0,9836;1;0,9484
mean;psi_4;2;2;RG;RG;2000;TRUE;0,9325;0,9122;1;0,8986;0,8047;0,9037;0,8341;0,9167;0,9219;0,9016;0,9353;0,9563;0,9223;0,8356;0,9188
mean;psi_4;3;3;RG;RG;2000;TRUE;0,9321;0,9122;1;0,8986;0,8047;0,9037;0,8341;0,9167;0,9219;0,9016;0,9353;0,9563;0,9221;0,8356;0,9153
mean;psi_4;4;4;RG;RG;2000;TRUE;0,9325;0,9122;1;0,8986;0,8047;0,9037;0,8341;0,9167;0,9219;0,9016;0,9353;0,9563;0,9223;0,8356;0,919
mean;psi_4;5;5;RG;RG;2000;TRUE;0,9325;0,9122;1;0,8986;0,8047;0,9037;0,8341;0,9167;0,9219;0,9016;0,9353;0,9563;0,9223;0,8356;0,919
mean;psi_4;6;6;RG;RG;2000;TRUE;0,9325;0,9122;1;0,8986;0,8047;0,9037;0,8341;0,9167;0,9219;0,9016;0,9353;0,9563;0,9223;0,8356;0,919
mean;psi_5;2;2;RG;RG;2000;TRUE;0,9952;0,9941;0,8125;0,913;0,9844;0,9947;1;1;1;1;1;1;0,9946;1;0,9496
mean;psi_5;3;3;RG;RG;2000;TRUE;0,9952;0,9941;0,8125;0,913;0,9844;0,9947;1;1;1;1;1;1;0,9946;1;0,9532
mean;psi_5;4;4;RG;RG;2000;TRUE;0,9952;0,9941;0,8125;0,913;0,9844;0,9947;1;1;1;1;1;1;0,9946;1;0,9532
mean;psi_5;5;5;RG;RG;2000;TRUE;0,9952;0,9941;0,8125;0,913;0,9844;0,9947;1;1;1;1;1;1;0,9946;1;0,9532
mean;psi_5;6;6;RG;RG;2000;TRUE;0,9952;0,9941;0,8125;0,913;0,9844;0,9947;1;1;1;1;1;1;0,9946;1;0,9532
mean;psi_6;2;2;RG;RG;2000;TRUE;0,938;0,9391;0,9688;0,8406;0,8984;0,7701;0,8865;0,8696;0,955;0,9761;1;1;0,9386;0,9087;0,9141
mean;psi_6;3;3;RG;RG;2000;TRUE;0,938;0,9391;0,9688;0,8406;0,8984;0,7701;0,8865;0,8696;0,955;0,9761;1;1;0,9386;0,9087;0,9141
mean;psi_6;4;4;RG;RG;2000;TRUE;0,938;0,9391;0,9688;0,8406;0,8984;0,7701;0,8865;0,8696;0,955;0,9761;1;1;0,9386;0,9087;0,9141
mean;psi_6;5;5;RG;RG;2000;TRUE;0,938;0,9391;0,9688;0,8406;0,8984;0,7701;0,8865;0,8696;0,955;0,9761;1;1;0,9386;0,9087;0,9141
mean;psi_6;6;6;RG;RG;2000;TRUE;0,938;0,9391;0,9688;0,8406;0,8984;0,7701;0,8865;0,8696;0,955;0,9761;1;1;0,9386;0,9087;0,9141
mean;psi_7;6;6;RG;RG;2000;TRUE;0,8892;0,8964;0,9688;0,8551;1;0,9947;0,9913;0,9928;0,7538;1;0,6067;1;0,8928;0,314;0,7768
mean;psi_7;7;7;RG;RG;2000;TRUE;0,6966;0,7041;0,8125;0,942;1;0,9947;1;1;0,3994;1;0,4053;0,3992;0,7004;0,314;0,7185
mean;psi_7;8;8;RG;RG;2000;TRUE;0,6966;0,7041;0,8125;0,942;1;0,9947;1;1;0,3994;1;0,4053;0,3992;0,7004;0,314;0,7183
mean;psi_7;9;9;RG;RG;2000;TRUE;0,697;0,7041;0,8125;0,942;1;0,9947;1;1;0,3994;1;0,4053;0,3992;0,7006;0,314;0,7176
mean;psi_7;10;10;RG;RG;2000;TRUE;0,7844;0,8354;0,8125;0,8696;0,9453;0,9893;1;0,9855;0,4745;1;0,789;0,7401;0,8099;0,6291;0,7671
mean;psi_8;6;6;RG;RG;2000;TRUE;0,9702;0,9513;0,7188;0,6522;0,7109;0,7701;0,9782;0,9819;1;1;1;1;0,9608;1;0,8856
mean;psi_8;7;7;RG;RG;2000;TRUE;0,9702;0,9513;0,7188;0,6522;0,7109;0,7701;0,9782;0,9819;1;1;1;1;0,9608;1;0,8856
mean;psi_8;8;8;RG;RG;2000;TRUE;0,975;0,9597;0,9375;0,7971;0,7344;0,7754;0,9782;0,9819;1;1;1;1;0,9673;1;0,9554
mean;psi_8;9;9;RG;RG;2000;TRUE;0,9702;0,9513;0,7188;0,6522;0,7109;0,7701;0,9782;0,9819;1;1;1;1;0,9608;1;0,8856
mean;psi_8;10;10;RG;RG;2000;TRUE;0,9837;0,9715;1;0,8261;0,8047;0,8663;0,9782;0,9819;1;1;1;1;0,9776;1;0,9496
mean;psi_9;2;2;RG;RG;2000;TRUE;0,3959;0,3983;1;0,9565;0,8828;0,7166;0,6463;0,4094;0,3183;0,2021;0,3381;0,1622;0,3971;0,9642;0,7851
mean;psi_9;3;3;RG;RG;2000;TRUE;0,7399;0,7093;0,9688;0,7971;0,7422;0,6203;0,7205;0,7355;0,7387;0,7314;0,6667;0,684;0,7245;0,8971;0,7573
mean;psi_9;4;4;RG;RG;2000;TRUE;0,4261;0,4114;0,9062;0,8986;0,7656;0,6684;0,6376;0,4348;0,3544;0,2394;0,3765;0,1975;0,4187;0,5394;0,7231
mean;psi_9;5;5;RG;RG;2000;TRUE;0,8308;0,8153;0,9688;0,8261;0,8125;0,7059;0,7205;0,808;0,8048;0,883;0,7914;0,8711;0,823;0,888;0,8195
mean;psi_10;2;2;RG;RG;2000;TRUE;0,8229;0,8066;1;0,971;0,8984;0,8289;0,8166;0,7283;0,7477;0,7686;0,8082;0,8462;0,8147;0,9796;0,9093
mean;psi_10;3;3;RG;RG;2000;TRUE;0,8229;0,8066;1;0,971;0,8984;0,8289;0,8166;0,7283;0,7477;0,7686;0,8082;0,8462;0,8147;0,9796;0,9093
mean;psi_10;4;4;RG;RG;2000;TRUE;0,8229;0,8066;1;0,971;0,8984;0,8289;0,8166;0,7283;0,7477;0,7686;0,8082;0,8462;0,8147;0,9796;0,9093
mean;psi_10;5;5;RG;RG;2000;TRUE;0,8229;0,8066;1;0,971;0,8984;0,8289;0,8166;0,7283;0,7477;0,7686;0,8082;0,8462;0,8147;0,9796;0,9093
mean;psi_11;2;2;RG;RG;2000;TRUE;0,9639;0,9739;0,7188;0,5797;0,8594;0,9572;0,9913;1;1;1;1;1;0,9689;0,6455;0,7211
mean;psi_11;3;3;RG;RG;2000;TRUE;0,9694;0,9782;0,8438;0,6812;0,8594;0,9626;0,9869;1;1;1;1;1;0,9738;0,6542;0,7399
mean;psi_11;4;4;RG;RG;2000;TRUE;0,9702;0,9743;0,7188;0,5942;0,8672;0,9626;0,9825;1;1;1;1;1;0,9723;0,3701;0,6834
mean;psi_11;5;5;RG;RG;2000;TRUE;0,9682;0,9806;0,8125;0,7536;0,875;0,9679;0,9825;1;1;1;1;1;0,9744;0,6447;0,6986
mean;psi_11;6;6;RG;RG;2000;TRUE;0,973;0,9806;0,7812;0,7826;0,8672;0,9679;0,9825;1;1;1;1;1;0,9768;0,6447;0,6927
mean;psi_12;2;2;RG;RG;2000;TRUE;0,9317;0,9407;0,5938;0,5942;0,7266;0,877;0,9301;0,9529;0,97;0,9814;0,9928;0,9958;0,9362;0,6886;0,698
mean;psi_12;3;3;RG;RG;2000;TRUE;0,9269;0,9426;0,7812;0,7101;0,7109;0,8556;0,9083;0,9457;0,973;0,984;0,9976;0,9958;0,9348;0,341;0,6656
mean;psi_12;4;4;RG;RG;2000;TRUE;0,9226;0,9407;0,8438;0,6087;0,7344;0,8503;0,9039;0,942;0,973;0,984;0,9976;0,9958;0,9316;0,672;0,6613
mean;psi_12;5;5;RG;RG;2000;TRUE;0,923;0,9411;0,8125;0,6957;0,6953;0,8556;0,9039;0,942;0,973;0,984;0,9976;0,9958;0,932;0,2938;0,6016
mean;psi_13;2;2;RG;RG;2000;TRUE;0,9905;0,9921;0,9688;0,9855;0,9844;1;0,9869;1;0,997;0,9973;1;0,9771;0,9913;1;0,9927
mean;psi_13;3;3;RG;RG;2000;TRUE;0,774;0,746;0,6875;0,6087;0,7266;0,7647;0,7336;0,7609;0,7628;0,766;0,7626;0,7235;0,76;0,9328;0,7085
mean;psi_13;4;4;RG;RG;2000;TRUE;0,9877;0,9869;1;0,9855;0,9688;0,9893;0,9825;0,971;0,994;0,9814;0,9976;0,9917;0,9873;1;0,9727
mean;psi_13;5;5;RG;RG;2000;TRUE;0,4234;0,4494;0,6562;0,4638;0,4531;0,3422;0,4454;0,4094;0,4204;0,3537;0,5731;0,4865;0,4364;0,5866;0,4916
mean;psi_14;2;2;RG;RG;2000;TRUE;0,9805;0,9862;0,875;0,9565;0,9219;0,9733;0,9694;0,9891;0,994;0,9973;1;1;0,9834;0,8156;0,9008
mean;psi_14;3;3;RG;RG;2000;TRUE;0,9805;0,9862;0,875;0,9565;0,9219;0,9733;0,9694;0,9891;0,994;0,9973;1;1;0,9834;0,8156;0,9001
mean;psi_14;4;4;RG;RG;2000;TRUE;0,9805;0,9862;0,875;0,9565;0,9219;0,9733;0,9694;0,9891;0,994;0,9973;1;1;0,9834;0,8156;0,9008
mean;psi_14;5;5;RG;RG;2000;TRUE;0,9805;0,9862;0,875;0,9565;0,9219;0,9733;0,9694;0,9891;0,994;0,9973;1;1;0,9834;0,8156;0,9008
mean;psi_15;3;3;RG;RG;2000;TRUE;0,8769;0,8774;0,5938;0,6667;0,6328;0,6631;0,8428;0,837;0,9339;0,9309;0,9544;0,9667;0,8771;0,1575;0,6233
mean;psi_15;4;4;RG;RG;2000;TRUE;0,8777;0,8778;0,625;0,7101;0,6328;0,6524;0,8384;0,837;0,9339;0,9309;0,9544;0,9667;0,8777;0,4961;0,5913
mean;psi_15;5;5;RG;RG;2000;TRUE;0,8801;0,8801;0,625;0,7391;0,6484;0,6631;0,8384;0,837;0,9339;0,9309;0,9544;0,9667;0,8801;0,1565;0,5823
mean;psi_15;6;6;RG;RG;2000;TRUE;0,9011;0,8964;0,8125;0,7826;0,7109;0,7594;0,8472;0,8442;0,9369;0,9255;0,9616;0,9667;0,8987;0,2353;0,6654
mean;psi_15;7;7;RG;RG;2000;TRUE;0,8928;0,8833;0,7812;0,7391;0,6328;0,6898;0,8384;0,837;0,9339;0,9309;0,9544;0,9667;0,888;0,6185;0,648
mean;psi_16;2;2;RG;RG;2000;TRUE;0,9857;0,9826;0,8438;0,8841;0,8906;0,9626;0,9782;0,9891;0,997;0,9973;1;1;0,9841;0,6461;0,885
mean;psi_16;3;3;RG;RG;2000;TRUE;0,9913;0,9885;1;0,9565;0,9219;0,9679;0,9782;0,9891;0,997;0,9973;1;1;0,9899;0,8362;0,935
mean;psi_16;4;4;RG;RG;2000;TRUE;0,9889;0,9873;1;0,9275;0,9141;0,9679;0,9782;0,9891;0,997;0,9973;1;1;0,9881;0,5957;0,9099
mean;psi_16;5;5;RG;RG;2000;TRUE;0,9909;0,9873;1;0,9275;0,9062;0,9733;0,9782;0,9891;0,997;0,9973;1;1;0,9891;0,5957;0,902
mean;psi_16;6;6;RG;RG;2000;TRUE;0,9809;0,9826;0,8438;0,8841;0,8906;0,9626;0,9782;0,9891;0,997;0,9973;1;1;0,9818;0,5957;0,8702
max;psi_1;2;2;CG;CG;263;TRUE;0,9988;1;1;1;1;1;1;1;1;1;1;1;0,9265;0,9994;0,9504
max;psi_1;3;3;CG;CG;2000;TRUE;0,9518;0,7121;0,7105;0,6395;0,7163;0,6978;0,722;0,7182;0,7096;0,711;0,7166;0,7189;0,8405;0,8269;0,7786
max;psi_1;4;4;CG;CG;1573;TRUE;0,9918;0,9875;0,9211;0,9651;0,9787;0,9835;0,9876;0,9897;0,991;0,9898;0,9909;0,9919;0,8975;0,9895;0,8625
max;psi_2;2;2;CG;CG;2000;TRUE;0,7975;0,4446;0,4737;0,4535;0,4823;0,4615;0,4481;0,4227;0,4132;0,4297;0,449;0,4644;0,9271;0,6137;0,6875
max;psi_2;3;3;CG;CG;2000;TRUE;0,9876;0,5391;0,4737;0,5233;0,5177;0,5;0,5477;0,5395;0,5389;0,5448;0,542;0,556;0,8312;0,754;0,6399
max;psi_2;4;4;CG;CG;2000;TRUE;0,9984;0,6753;0,7368;0,6977;0,7092;0,6923;0,7054;0,7045;0,6976;0,6675;0,6485;0,6334;0,4291;0,8301;0,6287
max;psi_2;5;5;CG;CG;1030;TRUE;0,9868;0,5205;0,4474;0,4884;0,5177;0,489;0,5311;0,5258;0,512;0,5192;0,5283;0,5356;0,9273;0,7439;0,6921
max;psi_3;2;2;CG;CG;1;FALSE;1;1;1;1;1;1;1;1;1;1;1;1;0,9836;1;0,9484
max;psi_3;3;3;CG;CG;1;FALSE;1;1;1;1;1;1;1;1;1;1;1;1;0,9836;1;0,9484
max;psi_3;4;4;CG;CG;1;FALSE;1;1;1;1;1;1;1;1;1;1;1;1;0,9836;1;0,9484
max;psi_3;5;5;CG;CG;1;FALSE;1;1;1;1;1;1;1;1;1;1;1;1;0,9836;1;0,9484
max;psi_3;6;6;CG;CG;1;FALSE;1;1;1;1;1;1;1;1;1;1;1;1;0,9836;1;0,9484
max;psi_4;2;2;CG;CG;2000;TRUE;0,7905;0,8714;0,9211;0,8488;0,8723;0,8736;0,8838;0,8866;0,8862;0,8696;0,8617;0,8554;0,9015;0,8326;0,7638
max;psi_4;3;3;CG;CG;2000;TRUE;0,9885;0,75;0,7105;0,7442;0,7801;0,7747;0,7386;0,7148;0,7126;0,734;0,7642;0,7882;0,5844;0,8643;0,6081
max;psi_4;4;4;CG;CG;2000;TRUE;0,9843;0,8942;0,8684;0,9186;0,922;0,9396;0,8672;0,8557;0,8653;0,8926;0,9048;0,9145;0,3969;0,9374;0,637
max;psi_4;5;5;CG;CG;2000;TRUE;0,9967;0,5599;0,6842;0,6163;0,6241;0,5989;0,5519;0,5258;0,518;0,5422;0,5601;0,5743;0,91;0,7692;0,8491
max;psi_4;6;6;CG;CG;2000;TRUE;0,9868;0,8858;0,9211;0,8605;0,922;0,9286;0,8797;0,8488;0,8593;0,867;0,8912;0,9145;0,9219;0,9342;0,9091
max;psi_5;2;2;CG;CG;1;FALSE;1;1;1;1;1;1;1;1;1;1;1;1;0,9946;1;0,9532
max;psi_5;3;3;CG;CG;1;FALSE;1;1;1;1;1;1;1;1;1;1;1;1;0,9946;1;0,9532
max;psi_5;4;4;CG;CG;1;FALSE;1;1;1;1;1;1;1;1;1;1;1;1;0,9946;1;0,9532
max;psi_5;5;5;CG;CG;1;FALSE;1;1;1;1;1;1;1;1;1;1;1;1;0,9946;1;0,9532
max;psi_5;6;6;CG;CG;1;FALSE;1;1;1;1;1;1;1;1;1;1;1;1;0,9946;1;0,9532
max;psi_6;2;2;CG;CG;579;TRUE;1;0,9454;0,9474;0,9535;0,922;0,9286;0,9295;0,9519;0,9431;0,9488;0,9569;0,9491;0,9376;0,9715;0,9141
max;psi_6;3;3;CG;CG;2000;TRUE;0,9002;0,9165;1;1;0,9504;0,9615;0,9046;0,8866;0,8922;0,9028;0,9138;0,9226;0,9386;0,9087;0,9141
max;psi_6;4;4;CG;CG;2000;TRUE;0,9002;0,9165;1;1;0,9504;0,9615;0,9046;0,8866;0,8922;0,9028;0,9138;0,9226;0,936;0,9087;0,9052
max;psi_6;5;5;CG;CG;621;TRUE;0,9988;0,9643;1;1;0,9504;0,9615;0,9544;0,9656;0,976;0,9693;0,9637;0,9532;0,9386;0,9808;0,9139
max;psi_6;6;6;CG;CG;2000;TRUE;0,9002;0,9165;1;1;0,9504;0,9615;0,9046;0,8866;0,8922;0,9028;0,9138;0,9226;0,9386;0,9087;0,9141
max;psi_7;6;6;CG;CG;832;TRUE;0,9975;0,6893;0,5526;0,7093;0,6028;0,6319;0,7054;0,7216;0,7275;0,7008;0,6893;0,6802;0,3264;0,837;0,4869
max;psi_7;7;7;CG;CG;2000;TRUE;0,8016;0,5797;0,4474;0,6047;0,5035;0,5275;0,6058;0,622;0,6257;0,5806;0,5714;0,5642;0,3264;0,686;0,4888
max;psi_7;8;8;CG;CG;1324;TRUE;0,9876;0,8414;0,7368;0,814;0,8085;0,8242;0,8423;0,8522;0,8563;0,8517;0,8458;0,8411;0,3278;0,9115;0,3409
max;psi_7;9;9;CG;CG;2000;TRUE;0,8016;0,5797;0,4474;0,6047;0,5035;0,5275;0,6058;0,622;0,6257;0,5806;0,5714;0,5642;0,3264;0,686;0,4888
max;psi_7;10;10;CG;CG;71;TRUE;1;0,6825;0,5526;0,7093;0,6028;0,6319;0,7054;0,7216;0,7275;0,6803;0,6712;0,6762;0,3268;0,8346;0,4936
max;psi_8;6;6;CG;CG;1;FALSE;1;1;1;1;1;1;1;1;1;1;1;1;0,9608;1;0,8856
max;psi_8;7;7;CG;CG;1;FALSE;1;1;1;1;1;1;1;1;1;1;1;1;0,9608;1;0,8856
max;psi_8;8;8;CG;CG;1;FALSE;1;1;1;1;1;1;1;1;1;1;1;1;0,9608;1;0,8856
max;psi_8;9;9;CG;CG;1;FALSE;1;1;1;1;1;1;1;1;1;1;1;1;0,9608;1;0,8856
max;psi_8;10;10;CG;CG;1;FALSE;1;1;1;1;1;1;1;1;1;1;1;1;0,9608;1;0,8856
max;psi_9;2;2;CG;CG;1;FALSE;1;0,9313;0,9211;0,9419;0,922;0,9341;0,9295;0,9416;0,9491;0,9412;0,9252;0,9124;0,3971;0,9642;0,7851
max;psi_9;3;3;CG;CG;1;FALSE;1;0,9313;0,9211;0,9419;0,922;0,9341;0,9295;0,9416;0,9491;0,9412;0,9252;0,9124;0,3971;0,9642;0,7851
max;psi_9;4;4;CG;CG;2;FALSE;1;0,8877;0,9211;0,9419;0,8298;0,8571;0,8963;0,9313;0,9431;0,9028;0,8685;0,8411;0,3746;0,9415;0,6077
max;psi_9;5;5;CG;CG;1;FALSE;1;0,9313;0,9211;0,9419;0,922;0,9341;0,9295;0,9416;0,9491;0,9412;0,9252;0,9124;0,3971;0,9642;0,7851
max;psi_10;2;2;CG;CG;3;FALSE;1;0,959;0,9211;0,9651;0,9433;0,9615;0,9627;0,9725;0,979;0,9616;0,9524;0,945;0,4005;0,9787;0,7091
max;psi_10;3;3;CG;CG;2;FALSE;1;0,9283;0,8684;0,9302;0,9291;0,9286;0,917;0,9347;0,9401;0,9361;0,9297;0,9185;0,3748;0,9627;0,7359
max;psi_10;4;4;CG;CG;1;FALSE;1;0,9609;0,9211;0,9651;0,9433;0,9615;0,9627;0,9725;0,979;0,9668;0,9546;0,9491;0,8147;0,9796;0,9093
max;psi_10;5;5;CG;CG;1;FALSE;1;0,9609;0,9211;0,9651;0,9433;0,9615;0,9627;0,9725;0,979;0,9668;0,9546;0,9491;0,8147;0,9796;0,9093
max;psi_11;2;2;CG;CG;2000;TRUE;0,9002;0,5341;0,5;0,5;0,5674;0,5879;0,5519;0,543;0,5449;0,5269;0,5193;0,5112;0,0402;0,7095;0,3652
max;psi_11;3;3;CG;CG;2000;TRUE;0,9979;0,5106;0,5526;0,5116;0,5887;0,6099;0,5187;0,4983;0,503;0,4936;0,4943;0,4847;0,0499;0,7441;0,3338
max;psi_11;4;4;CG;CG;2000;TRUE;0,8008;0,5998;0,5789;0,6047;0,6454;0,6538;0,5934;0,5773;0,5749;0,5857;0,6032;0,609;0,3323;0,6961;0,538
max;psi_11;5;5;CG;CG;2000;TRUE;0,8016;0,4818;0,3947;0,4535;0,5035;0,511;0,473;0,4605;0,4581;0,4783;0,4921;0,5031;0,0886;0,6351;0,464
max;psi_11;6;6;CG;CG;2000;TRUE;0,9901;0,4586;0,3947;0,3953;0,461;0,478;0,4564;0,4467;0,4461;0,4527;0,4671;0,4807;0,0573;0,7133;0,4422
max;psi_12;2;2;CG;CG;2000;TRUE;0,7419;0,6734;0,7368;0,686;0,6738;0,6923;0,6639;0,6701;0,6796;0,6777;0,6689;0,6619;0,0939;0,7062;0,5145
max;psi_12;3;3;CG;CG;2000;TRUE;0,7419;0,6734;0,7368;0,686;0,6738;0,6923;0,6639;0,6701;0,6796;0,6777;0,6689;0,6619;0,0939;0,7062;0,5145
max;psi_12;4;4;CG;CG;2000;TRUE;0,7864;0,6791;0,7632;0,6512;0,6879;0,7033;0,6763;0,6804;0,6886;0,6829;0,6712;0,664;0,0939;0,7305;0,5131
max;psi_12;5;5;CG;CG;2000;TRUE;0,8895;0,7234;0,8158;0,7326;0,766;0,7637;0,7178;0,7079;0,7096;0,7136;0,7188;0,721;0,2713;0,803;0,5765
max;psi_13;2;2;CG;CG;621;TRUE;0,9992;0,8285;0,6842;0,7907;0,8298;0,8297;0,8174;0,8316;0,8234;0,8389;0,8435;0,831;0,5343;0,9103;0,6083
max;psi_13;3;3;CG;CG;333;TRUE;0,8016;0,9112;1;0,9884;0,8794;0,9011;0,9129;0,9278;0,9371;0,9105;0,898;0,888;0,5826;0,8587;0,6589
max;psi_13;4;4;CG;CG;2000;TRUE;0,7975;0,3926;0,3684;0,3721;0,4184;0,4121;0,3859;0,3711;0,3683;0,3887;0,4014;0,4114;0,4364;0,5866;0,4916
max;psi_13;5;5;CG;CG;2000;TRUE;0,9876;0,8778;0,7632;0,8488;0,8369;0,8407;0,8838;0,8866;0,8862;0,8875;0,8844;0,89;0,4592;0,9304;0,5291
max;psi_14;2;2;CG;CG;2000;TRUE;0,9992;0,7011;0,6579;0,686;0,7092;0,6923;0,7054;0,7045;0,6976;0,7033;0,7029;0,7026;0,981;0,8439;0,9068
max;psi_14;3;3;CG;CG;2000;TRUE;0,9406;0,7007;0,6579;0,6744;0,7092;0,6923;0,7054;0,7045;0,6976;0,7033;0,7029;0,7026;0,9834;0,8156;0,9008
max;psi_14;4;4;CG;CG;2000;TRUE;0,9406;0,7007;0,6579;0,6744;0,7092;0,6923;0,7054;0,7045;0,6976;0,7033;0,7029;0,7026;0,9834;0,8156;0,9008
max;psi_14;5;5;CG;CG;2000;TRUE;0,9406;0,7007;0,6579;0,6744;0,7092;0,6923;0,7054;0,7045;0,6976;0,7033;0,7029;0,7026;0,9834;0,8156;0,9008
max;psi_15;3;3;CG;CG;2000;TRUE;0,9419;0,7473;0,7368;0,7326;0,7376;0,7418;0,7344;0,7457;0,7485;0,7596;0,7528;0,7475;0,152;0,8405;0,5467
max;psi_15;4;4;CG;CG;2000;TRUE;0,8495;0,7466;0,7368;0,7093;0,7376;0,7418;0,7344;0,7457;0,7485;0,7596;0,7528;0,7475;0,1508;0,7959;0,5455
max;psi_15;5;5;CG;CG;2000;TRUE;0,8495;0,7466;0,7368;0,7093;0,7376;0,7418;0,7344;0,7457;0,7485;0,7596;0,7528;0,7475;0,1508;0,7959;0,5455
max;psi_15;6;6;CG;CG;2000;TRUE;0,9992;0,8585;0,7895;0,8372;0,8511;0,8571;0,8589;0,866;0,8683;0,8593;0,8594;0,8574;0,1639;0,9259;0,5449
max;psi_15;7;7;CG;CG;2000;TRUE;0,8495;0,7466;0,7368;0,7093;0,7376;0,7418;0,7344;0,7457;0,7485;0,7596;0,7528;0,7475;0,1508;0,7959;0,5455
max;psi_16;2;2;CG;CG;2000;TRUE;0,5513;0,8399;0,8421;0,8953;0,8865;0,8791;0,8299;0,8076;0,8084;0,8286;0,8435;0,8534;0,9657;0,7016;0,7954
max;psi_16;3;3;CG;CG;339;TRUE;0,6074;0,585;0,6842;0,6279;0,5816;0,5934;0,61;0,5258;0,5988;0,6113;0,5306;0,609;0,9631;0,5957;0,7391
max;psi_16;4;4;CG;CG;193;TRUE;0,6074;0,585;0,6842;0,6279;0,5816;0,5934;0,61;0,5258;0,5988;0,6113;0,5306;0,609;0,9631;0,5957;0,7391
max;psi_16;5;5;CG;CG;2000;TRUE;0,9876;0,6927;0,7632;0,7674;0,7305;0,7637;0,7178;0,5979;0,6796;0,6905;0,6372;0,7413;0,829;0,834;0,7353
max;psi_16;6;6;CG;CG;2000;TRUE;0,6074;0,585;0,6842;0,6279;0,5816;0,5934;0,61;0,5258;0,5988;0,6113;0,5306;0,609;0,9631;0,5957;0,7391
sum;psi_1;2;2;CG;CG;2000;TRUE;0,9019;0,9514;0,9211;0,9302;0,9362;0,9341;0,9502;0,9588;0,9491;0,9565;0,9592;0,9552;0,6266;0,9277;0,8292
sum;psi_1;3;3;CG;CG;1006;TRUE;0,9992;0,9951;1;0,9884;0,9929;0,989;1;1;0,988;0,9872;1;1;0,6425;0,997;0,8613
sum;psi_1;4;4;CG;CG;2000;TRUE;0,7085;0,7595;0,6579;0,7326;0,8227;0,8187;0,7967;0,8007;0,7934;0,7468;0,7279;0,7047;0,4974;0,735;0,493
sum;psi_2;2;2;CG;CG;1913;TRUE;0,7975;0,5588;0,4474;0,5349;0,4823;0,5604;0,527;0,5464;0,5719;0,5882;0,5669;0,5764;0,2109;0,6732;0,4474
sum;psi_2;3;3;CG;CG;1540;TRUE;0,9992;0,61;0,4737;0,5465;0,617;0,5989;0,5892;0,6323;0,5898;0,6394;0,6417;0,5927;0,1312;0,7965;0,4104
sum;psi_2;4;4;CG;CG;1432;TRUE;0,9992;0,58;0,5789;0,5581;0,6028;0,5934;0,61;0,5601;0,5569;0,5703;0,5692;0,6029;0,3855;0,7809;0,5603
sum;psi_2;5;5;CG;CG;128;TRUE;0,9996;0,6024;0,4211;0,5581;0,6028;0,6044;0,5934;0,5739;0,5689;0,6036;0,6213;0,6497;0,4606;0,7927;0,5787
sum;psi_3;2;2;CG;CG;1;FALSE;1;0,9837;1;1;0,9787;0,9835;1;0,9725;0,976;0,9795;0,9705;1;0,2525;0,9915;0,7503
sum;psi_3;3;3;CG;CG;1;FALSE;1;0,9738;1;1;1;0,9835;0,9793;0,9759;0,976;0,9693;0,9683;0,9593;0,1375;0,9864;0,6271
sum;psi_3;4;4;CG;CG;9;FALSE;0,9975;1;1;1;1;1;1;1;1;1;1;1;0,9836;0,9988;0,9488
sum;psi_3;5;5;CG;CG;7;FALSE;1;0,9958;1;1;0,9929;0,9945;0,9959;0,9966;0,997;0,9898;0,9977;0,998;0,8841;0,9978;0,9277
sum;psi_3;6;6;CG;CG;1;FALSE;1;1;1;1;1;1;1;1;1;1;1;1;0,9836;1;0,9484
sum;psi_4;2;2;CG;CG;2000;TRUE;0,9843;0,758;0,7368;0,6977;0,7518;0,7527;0,751;0,7595;0,7605;0,7724;0,7642;0,7576;0,8609;0,8664;0,8416
sum;psi_4;3;3;CG;CG;2000;TRUE;0,9963;0,8126;0,7368;0,8721;0,8511;0,8187;0,8174;0,7835;0,7126;0,7801;0,8481;0,8717;0,3975;0,9006;0,7002
sum;psi_4;4;4;CG;CG;2000;TRUE;0,9905;0,8517;0,8421;0,8837;0,9078;0,9011;0,8423;0,8179;0,8174;0,8363;0,8549;0,8697;0,8912;0,9182;0,6658
sum;psi_4;5;5;CG;CG;2000;TRUE;0,9992;0,7549;0,7105;0,7558;0,7376;0,7418;0,7552;0,7491;0,7515;0,7621;0,7551;0,7678;0,6326;0,872;0,7681
sum;psi_4;6;6;CG;CG;1915;TRUE;0,9889;0,7728;0,3158;0,4884;0,7376;0,8462;0,8133;0,8247;0,8234;0,7877;0,771;0,7454;0,8415;0,8763;0,4764
sum;psi_5;2;2;CG;CG;13;TRUE;1;1;1;1;1;1;1;1;1;1;1;1;0,9946;1;0,9532
sum;psi_5;3;3;CG;CG;1;FALSE;1;1;1;1;1;1;1;1;1;1;1;1;0,9847;1;0,9526
sum;psi_5;4;4;CG;CG;1;FALSE;1;1;1;1;1;1;1;1;1;1;1;1;0,9946;1;0,9514
sum;psi_5;5;5;CG;CG;1;FALSE;1;1;1;1;1;1;1;1;1;1;1;1;0,9946;1;0,9512
sum;psi_5;6;6;CG;CG;1;FALSE;1;0,912;0,9474;0,9186;0,9078;0,9341;0,9004;0,9003;0,9072;0,9156;0,9138;0,9124;0,1383;0,9542;0,6492
sum;psi_6;2;2;CG;CG;2000;TRUE;0,9971;0,9181;1;1;0,9574;0,9615;0,9046;0,8866;0,8922;0,9054;0,9161;0,9246;0,9302;0,9559;0,9074
sum;psi_6;3;3;CG;CG;2000;TRUE;0,9002;0,9165;1;1;0,9504;0,9615;0,9046;0,8866;0,8922;0,9028;0,9138;0,9226;0,9386;0,9087;0,9141
sum;psi_6;4;4;CG;CG;1118;TRUE;0,9992;0,9799;1;1;0,9504;0,9615;0,9793;0,9931;0,994;0,9795;0,9796;0,9735;0,9386;0,9891;0,9141
sum;psi_6;5;5;CG;CG;2000;TRUE;0,9946;0,9772;1;0,9767;0,9504;0,9615;0,9668;0,9725;0,976;0,9795;0,9864;0,9878;0,9384;0,9856;0,902
sum;psi_6;6;6;CG;CG;1461;TRUE;0,988;0,9279;0,9737;1;0,9504;0,9615;0,9046;0,89;0,8922;0,913;0,9365;0,9552;0,9386;0,9567;0,9143
sum;psi_7;6;6;CG;CG;118;TRUE;1;0,7068;0,5789;0,7326;0,6241;0,6484;0,7261;0,7629;0,7665;0,7136;0,7029;0,6721;0,3264;0,8473;0,4873
sum;psi_7;7;7;CG;CG;97;TRUE;0,9992;0,5918;0,5;0,6512;0,5319;0,544;0,6141;0,6289;0,6347;0,5908;0,5828;0,5703;0,3296;0,787;0,4578
sum;psi_7;8;8;CG;CG;341;TRUE;0,8016;0,5861;0,4474;0,6047;0,5177;0,5385;0,61;0,6289;0,6347;0,5882;0,5782;0,5662;0,3262;0,6894;0,4869
sum;psi_7;9;9;CG;CG;452;TRUE;0,9996;0,6992;0,4737;0,7442;0,5957;0,6209;0,7303;0,7629;0,7635;0,7059;0,6893;0,6741;0,3268;0,8431;0,4659
sum;psi_7;10;10;CG;CG;32;TRUE;0,988;0,6222;0,5;0,6163;0,5319;0,5495;0,6473;0,6701;0,6737;0,6317;0,6168;0,6069;0,3264;0,7975;0,4829
sum;psi_8;6;6;CG;CG;6;FALSE;1;0,9985;1;1;1;1;1;1;0,997;0,9974;0,9977;0,998;0,9608;0,9992;0,8766
sum;psi_8;7;7;CG;CG;1;FALSE;1;1;1;1;1;1;1;1;1;1;1;1;0,9608;1;0,8856
sum;psi_8;8;8;CG;CG;2;FALSE;0,9959;0,9901;1;0,9884;0,9858;0,978;0,9834;0,9863;0,991;0,9923;0,9932;0,9959;0,9608;0,9929;0,885
sum;psi_8;9;9;CG;CG;6;FALSE;0,9971;1;1;1;1;1;1;1;1;1;1;1;0,2119;0,9986;0,6544
sum;psi_8;10;10;CG;CG;1;FALSE;1;1;1;1;1;1;1;1;1;1;1;1;0,9608;1;0,8856
sum;psi_9;2;2;CG;CG;1;FALSE;1;0,9313;0,9211;0,9419;0,922;0,9341;0,9295;0,9416;0,9491;0,9412;0,9252;0,9124;0,3971;0,9642;0,7851
sum;psi_9;3;3;CG;CG;5;FALSE;0,9889;0,9344;0,9211;0,9535;0,9149;0,9231;0,9378;0,9485;0,9611;0,9412;0,9184;0,9226;0,7115;0,9605;0,8214
sum;psi_9;4;4;CG;CG;1;FALSE;1;0,9313;0,9211;0,9419;0,922;0,9341;0,9295;0,9416;0,9491;0,9412;0,9252;0,9124;0,3971;0,9642;0,7851
sum;psi_9;5;5;CG;CG;1;FALSE;1;0,9313;0,9211;0,9419;0,922;0,9341;0,9295;0,9416;0,9491;0,9412;0,9252;0,9124;0,3971;0,9642;0,7851
sum;psi_10;2;2;CG;CG;1;FALSE;1;0,9609;0,9211;0,9651;0,9433;0,9615;0,9627;0,9725;0,979;0,9668;0,9546;0,9491;0,8147;0,9796;0,9093
sum;psi_10;3;3;CG;CG;1;FALSE;1;0,9503;0,9211;0,9535;0,9362;0,956;0,9461;0,9656;0,9671;0,9565;0,9501;0,9308;0,386;0,9741;0,8096
sum;psi_10;4;4;CG;CG;1;FALSE;1;0,9609;0,9211;0,9651;0,9433;0,9615;0,9627;0,9725;0,979;0,9668;0,9546;0,9491;0,8147;0,9796;0,9093
sum;psi_10;5;5;CG;CG;3;FALSE;1;0,9602;0,9211;0,9535;0,9433;0,9615;0,9627;0,9725;0,976;0,9668;0,9546;0,9491;0,8147;0,9793;0,9093
sum;psi_11;2;2;CG;CG;2000;TRUE;0,9988;0,497;0,4474;0,5;0,4894;0,511;0,4938;0,4948;0,503;0,4962;0,4966;0,4969;0,0567;0,7374;0,4979
sum;psi_11;3;3;CG;CG;2000;TRUE;0,8078;0,5148;0,4737;0,5116;0,5532;0,544;0,5311;0,5086;0,5;0,4987;0,5102;0,5193;0,9675;0,6552;0,8252
sum;psi_11;4;4;CG;CG;74;TRUE;0,9988;0,5015;0,4474;0,5;0,5035;0,5275;0,5021;0,4983;0,506;0,4987;0,4989;0,499;0,0589;0,7398;0,5392
sum;psi_11;5;5;CG;CG;117;TRUE;0,8016;0,7447;0,4737;0,4884;0,6738;0,7308;0,7095;0,7457;0,7455;0,8414;0,7914;0,7332;0,9078;0,772;0,7182
sum;psi_11;6;6;CG;CG;1287;TRUE;0,9988;0,5903;0,5263;0,5814;0,5745;0,6044;0,5851;0,5876;0,5988;0,5908;0,5918;0,5927;0,0327;0,786;0,3247
sum;psi_12;2;2;CG;CG;2000;TRUE;0,9002;0,8949;0,8947;0,8837;0,8511;0,8571;0,8921;0,9038;0,9012;0,9028;0,9025;0,9022;0,9661;0,8975;0,9095
sum;psi_12;3;3;CG;CG;2000;TRUE;0,859;0,9936;0,9211;0,9767;0,9858;0,989;0,9917;0,9931;0,997;0,9974;0,9977;0,998;0,9637;0,9291;0,887
sum;psi_12;4;4;CG;CG;2000;TRUE;0,9897;0,8877;0,7895;0,907;0,8936;0,9286;0,8797;0,8763;0,8862;0,8875;0,8866;0,888;0,0822;0,9366;0,3557
sum;psi_12;5;5;CG;CG;2000;TRUE;0,9414;0,8551;0,9211;0,8605;0,8582;0,8571;0,8548;0,8591;0,8623;0,8568;0,8503;0,8432;0,5684;0,8965;0,6378
sum;psi_13;2;2;CG;CG;2000;TRUE;0,7357;0,6351;0,7368;0,6279;0,5674;0,5769;0,6141;0,6289;0,6347;0,6471;0,6531;0,6578;0,5892;0,6833;0,6901
sum;psi_13;3;3;CG;CG;2000;TRUE;0,9522;0,8699;0,7105;0,8605;0,8723;0,8626;0,8797;0,866;0,8802;0,8593;0,8685;0,8859;0,5517;0,9093;0,5009
sum;psi_13;4;4;CG;CG;453;TRUE;0,9984;0,4723;0,3947;0,4302;0,4468;0,4341;0,473;0,4811;0,4731;0,4834;0,483;0,4827;0,4199;0,7244;0,378
sum;psi_13;5;5;CG;CG;294;TRUE;0,9975;0,4078;0,3684;0,4302;0,4397;0,4231;0,3983;0,3814;0,3743;0,4041;0,4172;0,4297;0,4185;0,6904;0,3701
sum;psi_14;2;2;CG;CG;2000;TRUE;0,9992;0,7838;0,7632;0,7791;0,7943;0,7747;0,7884;0,7869;0,7844;0,7801;0,7846;0,7841;0,2794;0,887;0,6636
sum;psi_14;3;3;CG;CG;2000;TRUE;0,9992;0,8046;0,7632;0,7907;0,8156;0,8022;0,8091;0,8076;0,8024;0,8056;0,805;0,8045;0,9836;0,8978;0,8791
sum;psi_14;4;4;CG;CG;2000;TRUE;0,9518;0,7071;0,6579;0,686;0,7234;0,7033;0,7137;0,7113;0,7036;0,7084;0,7075;0,7067;0,9808;0,8243;0,888
sum;psi_14;5;5;CG;CG;2000;TRUE;0,9518;0,7071;0,6579;0,6977;0,7163;0,7033;0,7137;0,7113;0,7036;0,7084;0,7075;0,7067;0,655;0,8243;0,8359
sum;psi_15;3;3;CG;CG;2000;TRUE;0,8495;0,7466;0,7368;0,7093;0,7376;0,7418;0,7344;0,7457;0,7485;0,7596;0,7528;0,7475;0,1508;0,7959;0,5455
sum;psi_15;4;4;CG;CG;2000;TRUE;0,8495;0,7466;0,7368;0,7093;0,7376;0,7418;0,7344;0,7457;0,7485;0,7596;0,7528;0,7475;0,1508;0,7959;0,5455
sum;psi_15;5;5;CG;CG;2000;TRUE;0,8495;0,7466;0,7368;0,7093;0,7376;0,7418;0,7344;0,7457;0,7485;0,7596;0,7528;0,7475;0,1508;0,7959;0,5455
sum;psi_15;6;6;CG;CG;2000;TRUE;0,8495;0,7466;0,7368;0,7093;0,7376;0,7418;0,7344;0,7457;0,7485;0,7596;0,7528;0,7475;0,1508;0,7959;0,5455
sum;psi_15;7;7;CG;CG;2000;TRUE;0,8454;0,7538;0,7105;0,6744;0,7447;0,7473;0,7344;0,7526;0,7635;0,7698;0,7642;0,7576;0,1685;0,7977;0,57
sum;psi_16;2;2;CG;CG;2000;TRUE;0,9035;0,6779;0,7368;0,7093;0,6667;0,6868;0,7012;0,6186;0,6946;0,7059;0,6259;0,7047;0,9663;0,786;0,7541
sum;psi_16;3;3;CG;CG;2000;TRUE;0,8977;0,6703;0,6842;0,6279;0,6667;0,6758;0,6971;0,6151;0,6916;0,7008;0,6213;0,7006;0,9574;0,7793;0,7154
sum;psi_16;4;4;CG;CG;1482;TRUE;0,9992;0,9131;0,8421;0,9186;0,8723;0,8681;0,9004;0,9622;0,8802;0,9182;0,9615;0,8982;0,8797;0,9544;0,6713
sum;psi_16;5;5;CG;CG;343;TRUE;0,9992;0,9594;0,8421;0,9651;0,9291;0,9725;0,9793;0,9003;0,985;0,9923;0,9138;0,9939;0,9631;0,9785;0,7166
sum;psi_16;6;6;CG;CG;1096;TRUE;0,8087;0,7743;0,6842;0,7558;0,766;0,7912;0,8008;0,7182;0,7964;0,8056;0,7256;0,8045;0,9631;0,7908;0,7304
mean;psi_1;2;2;CG;CG;485;TRUE;0,9992;0,997;1;1;0,9929;0,9945;0,9959;0,9966;0,997;0,9974;0,9977;0,998;0,9988;0,998;0,9966
mean;psi_1;3;3;CG;CG;2000;TRUE;0,7555;0,8092;0,8158;0,8837;0,7589;0,7802;0,7718;0,7938;0,8054;0,8159;0,8299;0,8269;0,5129;0,7834;0,5441
mean;psi_1;4;4;CG;CG;257;TRUE;1;0,9545;1;1;1;1;0,9378;0,9141;0,9162;0,9437;0,9592;0,9756;1;0,9763;0,9984
mean;psi_2;2;2;CG;CG;346;TRUE;0,9006;0,6168;0,5789;0,6163;0,6241;0,5989;0,6266;0,622;0,6108;0,6138;0,619;0,6212;0,9362;0,7528;0,7205
mean;psi_2;3;3;CG;CG;2000;TRUE;0,7975;0,4446;0,4737;0,4535;0,4823;0,4615;0,4481;0,4227;0,4132;0,4297;0,449;0,4644;0,9271;0,6137;0,6875
mean;psi_2;4;4;CG;CG;381;TRUE;0,988;0,9237;0,8421;0,907;0,9504;0,9505;0,9087;0,9244;0,9222;0,9258;0,9297;0,9165;0,9283;0,9546;0,7114
mean;psi_2;5;5;CG;CG;2000;TRUE;0,7975;0,4446;0,4737;0,4535;0,4823;0,4615;0,4481;0,4227;0,4132;0,4297;0,449;0,4644;0,9271;0,6137;0,6875
mean;psi_3;2;2;CG;CG;1;FALSE;1;1;1;1;1;1;1;1;1;1;1;1;0,9836;1;0,9484
mean;psi_3;3;3;CG;CG;1;FALSE;1;1;1;1;1;1;1;1;1;1;1;1;0,9836;1;0,9484
mean;psi_3;4;4;CG;CG;1;FALSE;1;1;1;1;1;1;1;1;1;1;1;1;0,9836;1;0,9484
mean;psi_3;5;5;CG;CG;1;FALSE;1;1;1;1;1;1;1;1;1;1;1;1;0,9836;1;0,9484
mean;psi_3;6;6;CG;CG;1;FALSE;1;1;1;1;1;1;1;1;1;1;1;1;0,9836;1;0,9484
mean;psi_4;2;2;CG;CG;2000;TRUE;0,9885;0,7538;0,7105;0,7558;0,7801;0,7747;0,7386;0,7148;0,7126;0,7417;0,771;0,7943;0,5491;0,8662;0,54
mean;psi_4;3;3;CG;CG;2000;TRUE;0,9394;0,8752;0,9211;0,8721;0,9007;0,8956;0,8963;0,89;0,8862;0,867;0,8571;0,8534;0,9211;0,9059;0,9014
mean;psi_4;4;4;CG;CG;2000;TRUE;0,7967;0,8714;0,9211;0,8488;0,8723;0,8736;0,8838;0,8866;0,8862;0,8696;0,8617;0,8554;0,9223;0,8356;0,919
mean;psi_4;5;5;CG;CG;2000;TRUE;0,9431;0,9188;1;0,9302;0,9787;0,9066;0,9004;0,8797;0,8832;0,89;0,9456;0,9532;0,9221;0,9304;0,9103
mean;psi_4;6;6;CG;CG;2000;TRUE;0,7967;0,8729;0,9211;0,8953;0,8723;0,8736;0,8838;0,8866;0,8862;0,8696;0,8617;0,8554;0,892;0,8364;0,7025
mean;psi_5;2;2;CG;CG;1;FALSE;1;1;1;1;1;1;1;1;1;1;1;1;0,9946;1;0,9532
mean;psi_5;3;3;CG;CG;1;FALSE;1;1;1;1;1;1;1;1;1;1;1;1;0,9946;1;0,9532
mean;psi_5;4;4;CG;CG;1;FALSE;1;1;1;1;1;1;1;1;1;1;1;1;0,9946;1;0,9532
mean;psi_5;5;5;CG;CG;1;FALSE;1;1;1;1;1;1;1;1;1;1;1;1;0,9946;1;0,9532
mean;psi_5;6;6;CG;CG;1;FALSE;1;1;1;1;1;1;1;1;1;1;1;1;0,9946;1;0,9532
mean;psi_6;2;2;CG;CG;2000;TRUE;0,9967;0,9913;1;0,9302;0,9929;0,9945;0,9917;0,9931;0,994;0,9923;0,9932;0,9939;0,9384;0,9939;0,9153
mean;psi_6;3;3;CG;CG;2000;TRUE;0,9979;0,8934;0,8947;0,8372;0,9007;0,8956;0,9046;0,9038;0,9012;0,8951;0,8889;0,8859;0,9142;0,9435;0,8809
mean;psi_6;4;4;CG;CG;2000;TRUE;0,9497;0,9697;1;0,9535;0,9504;0,956;0,971;0,9828;0,988;0,9744;0,966;0,9593;0,9384;0,9601;0,9121
mean;psi_6;5;5;CG;CG;2000;TRUE;0,9002;0,9165;1;1;0,9504;0,9615;0,9046;0,8866;0,8922;0,9028;0,9138;0,9226;0,9386;0,9087;0,9141
mean;psi_6;6;6;CG;CG;2000;TRUE;0,9002;0,9165;1;1;0,9504;0,9615;0,9046;0,8866;0,8922;0,9028;0,9138;0,9226;0,9386;0,9087;0,9141
mean;psi_7;6;6;CG;CG;2000;TRUE;0,8016;0,5797;0,4474;0,6047;0,5035;0,5275;0,6058;0,622;0,6257;0,5806;0,5714;0,5642;0,3264;0,686;0,4888
mean;psi_7;7;7;CG;CG;2000;TRUE;0,8016;0,5797;0,4474;0,6047;0,5035;0,5275;0,6058;0,622;0,6257;0,5806;0,5714;0,5642;0,3264;0,686;0,4888
mean;psi_7;8;8;CG;CG;2000;TRUE;0,8016;0,5797;0,4474;0,6047;0,5035;0,5275;0,6058;0,622;0,6257;0,5806;0,5714;0,5642;0,3264;0,686;0,4888
mean;psi_7;9;9;CG;CG;292;TRUE;1;0,6176;0,4474;0,6279;0,5532;0,5714;0,6307;0,6289;0,6257;0,6164;0,6304;0,6354;0,3268;0,8008;0,491
mean;psi_7;10;10;CG;CG;2000;TRUE;0,8016;0,5797;0,4474;0,6047;0,5035;0,5275;0,6058;0,622;0,6257;0,5806;0,5714;0,5642;0,3264;0,686;0,4888
mean;psi_8;6;6;CG;CG;1;FALSE;1;1;1;1;1;1;1;1;1;1;1;1;0,9608;1;0,8856
mean;psi_8;7;7;CG;CG;1;FALSE;1;1;1;1;1;1;1;1;1;1;1;1;0,9608;1;0,8856
mean;psi_8;8;8;CG;CG;1;FALSE;1;1;1;1;1;1;1;1;1;1;1;1;0,9608;1;0,8856
mean;psi_8;9;9;CG;CG;1;FALSE;1;1;1;1;1;1;1;1;1;1;1;1;0,9608;1;0,8856
mean;psi_8;10;10;CG;CG;1;FALSE;1;1;1;1;1;1;1;1;1;1;1;1;0,9608;1;0,8856
mean;psi_9;2;2;CG;CG;5;FALSE;0,9538;0,9313;0,9211;0,9419;0,922;0,9341;0,9295;0,9416;0,9491;0,9412;0,9252;0,9124;0,3886;0,9421;0,7426
mean;psi_9;3;3;CG;CG;1;FALSE;1;0,9313;0,9211;0,9419;0,922;0,9341;0,9295;0,9416;0,9491;0,9412;0,9252;0,9124;0,3936;0,9642;0,7665
mean;psi_9;4;4;CG;CG;1;FALSE;1;0,9313;0,9211;0,9419;0,922;0,9341;0,9295;0,9416;0,9491;0,9412;0,9252;0,9124;0,3971;0,9642;0,7851
mean;psi_9;5;5;CG;CG;1;FALSE;1;0,9313;0,9211;0,9419;0,922;0,9341;0,9295;0,9416;0,9491;0,9412;0,9252;0,9124;0,3971;0,9642;0,7851
mean;psi_10;2;2;CG;CG;1;FALSE;1;0,9609;0,9211;0,9651;0,9433;0,9615;0,9627;0,9725;0,979;0,9668;0,9546;0,9491;0,8147;0,9796;0,9093
mean;psi_10;3;3;CG;CG;1;FALSE;1;0,9609;0,9211;0,9651;0,9433;0,9615;0,9627;0,9725;0,979;0,9668;0,9546;0,9491;0,8147;0,9796;0,9093
mean;psi_10;4;4;CG;CG;1;FALSE;1;0,9609;0,9211;0,9651;0,9433;0,9615;0,9627;0,9725;0,979;0,9668;0,9546;0,9491;0,8147;0,9796;0,9093
mean;psi_10;5;5;CG;CG;1;FALSE;1;0,9609;0,9211;0,9651;0,9433;0,9615;0,9627;0,9725;0,979;0,9668;0,9546;0,9491;0,8147;0,9796;0,9093
mean;psi_11;2;2;CG;CG;2000;TRUE;0,8973;0,4765;0,4737;0,4651;0,5106;0,5165;0,5021;0,4845;0,479;0,4629;0,4603;0,4603;0,1264;0,6781;0,4339
mean;psi_11;3;3;CG;CG;2000;TRUE;0,9992;0,3202;0,3421;0,314;0,3901;0,3901;0,3361;0,3127;0,3114;0,3043;0,3039;0,3035;0,0597;0,6455;0,4622
mean;psi_11;4;4;CG;CG;2000;TRUE;0,8045;0,4249;0,4211;0,407;0,4468;0,4396;0,4315;0,4089;0,3982;0,4092;0,4308;0,4481;0,1175;0,6068;0,5392
mean;psi_11;5;5;CG;CG;2000;TRUE;0,9959;0,448;0,4211;0,4302;0,4965;0,5055;0,4772;0,4605;0,4581;0,4373;0,424;0,4196;0,0559;0,7105;0,4756
mean;psi_11;6;6;CG;CG;2000;TRUE;0,9868;0,3942;0,4211;0,3837;0,383;0,4011;0,39;0,3918;0,3982;0,3939;0,3946;0,3951;0,0557;0,6781;0,4926
mean;psi_12;2;2;CG;CG;2000;TRUE;0,7419;0,7731;0,7895;0,7907;0,773;0,7967;0,7635;0,7698;0,7814;0,7775;0,7687;0,7617;0,0939;0,7582;0,5145
mean;psi_12;3;3;CG;CG;2000;TRUE;0,7419;0,6734;0,7368;0,686;0,6738;0,6923;0,6639;0,6701;0,6796;0,6777;0,6689;0,6619;0,0939;0,7062;0,5145
mean;psi_12;4;4;CG;CG;2000;TRUE;0,941;0,6885;0,7105;0,7558;0,8014;0,7967;0,6763;0,646;0,6497;0,6598;0,6825;0,6884;0,214;0,8095;0,4754
mean;psi_12;5;5;CG;CG;2000;TRUE;0,7559;0,6874;0,7632;0,6977;0,6809;0,6978;0,668;0,6735;0,6826;0,6905;0,6916;0,6925;0,0939;0,7202;0,509
mean;psi_13;2;2;CG;CG;618;TRUE;0,9876;0,953;0,8421;0,9186;0,9362;0,9505;0,9461;0,9553;0,9611;0,9668;0,9592;0,9532;0,4709;0,9696;0,5777
mean;psi_13;3;3;CG;CG;2000;TRUE;0,7975;0,3926;0,3684;0,3721;0,4184;0,4121;0,3859;0,3711;0,3683;0,3887;0,4014;0,4114;0,4364;0,5866;0,4916
mean;psi_13;4;4;CG;CG;2000;TRUE;0,7975;0,3926;0,3684;0,3721;0,4184;0,4121;0,3859;0,3711;0,3683;0,3887;0,4014;0,4114;0,4364;0,5866;0,4916
mean;psi_13;5;5;CG;CG;1628;TRUE;1;0,8771;0,8947;0,8953;0,8865;0,8901;0,8755;0,8694;0,8862;0,8875;0,8685;0,8635;0,4394;0,936;0,5195
mean;psi_14;2;2;CG;CG;2000;TRUE;0,9406;0,7007;0,6579;0,6744;0,7092;0,6923;0,7054;0,7045;0,6976;0,7033;0,7029;0,7026;0,9834;0,8156;0,9008
mean;psi_14;3;3;CG;CG;2000;TRUE;0,9406;0,8016;0,7632;0,7907;0,8085;0,7967;0,805;0,8041;0,7994;0,8031;0,8027;0,8024;0,9556;0,8682;0,8967
mean;psi_14;4;4;CG;CG;2000;TRUE;0,9406;0,7007;0,6579;0,6744;0,7092;0,6923;0,7054;0,7045;0,6976;0,7033;0,7029;0,7026;0,9834;0,8156;0,9008
mean;psi_14;5;5;CG;CG;2000;TRUE;0,9406;0,7007;0,6579;0,6744;0,7092;0,6923;0,7054;0,7045;0,6976;0,7033;0,7029;0,7026;0,9834;0,8156;0,9008
mean;psi_15;3;3;CG;CG;2000;TRUE;0,8495;0,7466;0,7368;0,7093;0,7376;0,7418;0,7344;0,7457;0,7485;0,7596;0,7528;0,7475;0,1508;0,7959;0,5455
mean;psi_15;4;4;CG;CG;2000;TRUE;0,8495;0,7466;0,7368;0,7093;0,7376;0,7418;0,7344;0,7457;0,7485;0,7596;0,7528;0,7475;0,1508;0,7959;0,5455
mean;psi_15;5;5;CG;CG;2000;TRUE;0,8495;0,7466;0,7368;0,7093;0,7376;0,7418;0,7344;0,7457;0,7485;0,7596;0,7528;0,7475;0,1508;0,7959;0,5455
mean;psi_15;6;6;CG;CG;2000;TRUE;0,8495;0,7466;0,7368;0,7093;0,7376;0,7418;0,7344;0,7457;0,7485;0,7596;0,7528;0,7475;0,1508;0,7959;0,5455
mean;psi_15;7;7;CG;CG;2000;TRUE;0,9992;0,761;0,6579;0,7442;0,6738;0,6868;0,7635;0,7595;0,7635;0,7724;0,771;0,8045;0,2856;0,8751;0,5884
mean;psi_16;2;2;CG;CG;2000;TRUE;0,6074;0,585;0,6842;0,6279;0,5816;0,5934;0,61;0,5258;0,5988;0,6113;0,5306;0,609;0,9631;0,5957;0,7391
mean;psi_16;3;3;CG;CG;2000;TRUE;0,9984;0,975;1;1;0,9504;0,989;0,9917;0,921;0,994;1;0,932;1;0,9614;0,9862;0,7243
mean;psi_16;4;4;CG;CG;2000;TRUE;0,6074;0,585;0,6842;0,6279;0,5816;0,5934;0,61;0,5258;0,5988;0,6113;0,5306;0,609;0,9631;0,5957;0,7391
mean;psi_16;5;5;CG;CG;1990;TRUE;0,6074;0,6779;0,7368;0,7093;0,6667;0,6868;0,7012;0,6186;0,6946;0,7059;0,6259;0,7047;0,9651;0,6441;0,7397
mean;psi_16;6;6;CG;CG;464;TRUE;0,6074;0,8752;0,9211;0,907;0,8582;0,8901;0,8963;0,8144;0,8952;0,9028;0,8231;0,9022;0,9631;0,7469;0,7391
max;psi_1;2;2;HC;HC;264;TRUE;1;1;1;1;1;1;1;1;1;1;1;1;1;1;1
max;psi_1;3;3;HC;HC;2000;TRUE;0,5059;0,4888;0,4737;0,443;0,4186;0,466;0,4805;0,4781;0,5213;0,5;0,4789;0,514;0,4998;0,3505;0,4973
max;psi_1;4;4;HC;HC;2000;TRUE;0,5059;0,4888;0,4737;0,443;0,4186;0,466;0,4805;0,4781;0,5213;0,5;0,4789;0,514;0,4998;0,3505;0,4973
max;psi_2;2;2;HC;HC;1502;TRUE;1;1;1;1;1;1;1;1;1;1;1;1;1;1;1
max;psi_2;3;3;HC;HC;2000;TRUE;0,9992;0,9972;1;1;0,9922;0,9843;1;1;0,997;1;0,9953;1;0,9994;0,9476;0,9982
max;psi_2;4;4;HC;HC;488;TRUE;0,9988;0,9996;1;1;1;0,9948;1;1;1;1;1;1;0,9986;0,9674;0,9992
max;psi_2;5;5;HC;HC;2000;TRUE;0,7066;0,6686;0,3684;0,5443;0,6589;0,5497;0,5195;0,6835;0,872;0,3936;0,8662;0,7161;0,9271;0,6137;0,6875
max;psi_3;2;2;HC;HC;2000;TRUE;0,9572;0,9398;1;0,9747;1;0,9215;0,8485;0,963;0,9695;0,9043;0,9718;0,9312;0,9836;1;0,9484
max;psi_3;3;3;HC;HC;2000;TRUE;0,9572;0,9398;1;0,9747;1;0,9215;0,8485;0,963;0,9695;0,9043;0,9718;0,9312;0,9836;1;0,9484
max;psi_3;4;4;HC;HC;2000;TRUE;0,9572;0,9398;1;0,9747;1;0,9215;0,8485;0,963;0,9695;0,9043;0,9718;0,9312;0,9836;1;0,9484
max;psi_3;5;5;HC;HC;2000;TRUE;0,9572;0,9398;1;0,9747;1;0,9215;0,8485;0,963;0,9695;0,9043;0,9718;0,9312;0,9836;1;0,9484
max;psi_3;6;6;HC;HC;2000;TRUE;0,9572;0,9398;1;0,9747;1;0,9215;0,8485;0,963;0,9695;0,9043;0,9718;0,9312;0,9836;1;0,9484
max;psi_4;2;2;HC;HC;2000;TRUE;0,9251;0,9189;1;0,962;0,8682;0,8639;0,9481;0,9327;0,9146;0,9282;0,8944;0,9398;0,9221;0,886;0,922
max;psi_4;3;3;HC;HC;2000;TRUE;0,9255;0,9209;1;0,962;0,8605;0,8953;0,9481;0,9327;0,9177;0,9415;0,9014;0,9204;0,9223;0,8356;0,9232
max;psi_4;4;4;HC;HC;2000;TRUE;0,9195;0,9185;1;0,962;0,8605;0,8691;0,9481;0,9327;0,9177;0,9309;0,8967;0,9312;0,9223;0,8356;0,919
max;psi_4;5;5;HC;HC;2000;TRUE;0,9199;0,9272;1;0,962;0,907;0,8848;0,9481;0,9394;0,9177;0,9362;0,9085;0,9398;0,9215;0,8356;0,9236
max;psi_4;6;6;HC;HC;2000;TRUE;0,9195;0,9185;1;0,962;0,8605;0,8691;0,9481;0,9327;0,9177;0,9309;0,8967;0,9312;0,9223;0,8356;0,919
max;psi_5;2;2;HC;HC;2000;TRUE;0,9528;0,9536;0,7368;0,9494;1;0,9424;0,8312;0,9495;0,9787;0,9255;0,9906;0,9892;0,9946;1;0,9532
max;psi_5;3;3;HC;HC;2000;TRUE;0,9524;0,9536;0,7368;0,9494;1;0,9424;0,8312;0,9495;0,9787;0,9255;0,9906;0,9892;0,9945;1;0,953
max;psi_5;4;4;HC;HC;2000;TRUE;0,9528;0,9536;0,7368;0,9494;1;0,9424;0,8312;0,9495;0,9787;0,9255;0,9906;0,9892;0,9946;1;0,9532
max;psi_5;5;5;HC;HC;2000;TRUE;0,9528;0,9536;0,7368;0,9494;1;0,9424;0,8312;0,9495;0,9787;0,9255;0,9906;0,9892;0,9946;1;0,9532
max;psi_5;6;6;HC;HC;675;TRUE;1;1;1;1;1;1;1;1;1;1;1;1;1;1;1
max;psi_6;2;2;HC;HC;2000;TRUE;0,9167;0,9115;1;0,9873;0,8837;0,8586;0,8139;0,9327;0,9421;0,8617;0,939;0,9527;0,9386;0,9087;0,9141
max;psi_6;3;3;HC;HC;2000;TRUE;0,9167;0,9115;1;0,9873;0,8837;0,8586;0,8139;0,9327;0,9421;0,8617;0,939;0,9527;0,9386;0,9087;0,9141
max;psi_6;4;4;HC;HC;2000;TRUE;0,9167;0,9115;1;0,9873;0,8837;0,8586;0,8139;0,9327;0,9421;0,8617;0,939;0,9527;0,9386;0,9087;0,9141
max;psi_6;5;5;HC;HC;2000;TRUE;0,9167;0,9115;1;0,9873;0,8837;0,8586;0,8139;0,9327;0,9421;0,8617;0,939;0,9527;0,9386;0,9087;0,9141
max;psi_6;6;6;HC;HC;2000;TRUE;0,9167;0,9115;1;0,9873;0,8837;0,8586;0,8139;0,9327;0,9421;0,8617;0,939;0,9527;0,9386;0,9087;0,9141
max;psi_7;6;6;HC;HC;2000;TRUE;0,9064;0,7954;1;0,9747;0,7984;0,9529;0,987;0,7912;0,5793;0,9362;0,6056;0,8108;0,7011;0,8585;0,8507
max;psi_7;7;7;HC;HC;2000;TRUE;0,9437;0,7989;1;0,9747;0,814;0,9319;0,9827;0,7879;0,564;0,9441;0,6056;0,843;0,6978;0,8583;0,871
max;psi_7;8;8;HC;HC;2000;TRUE;0,9952;0,9579;1;0,9747;0,9535;0,9372;0,9957;0,9966;0,939;0,9947;0,9225;0,9355;0,9794;0,9698;0,9765
max;psi_7;9;9;HC;HC;2000;TRUE;0,954;0,88;1;0,9747;0,8372;0,9162;0,9567;0,7576;0,7561;0,9521;0,9343;0,8753;0,9227;0,8066;0,9168
max;psi_7;10;10;HC;HC;2000;TRUE;0,8933;0,8414;1;0,9747;0,7674;0,9215;0,9567;0,7609;0,7774;0,9069;0,8028;0,8215;0,7002;0,8771;0,8673
max;psi_8;6;6;HC;HC;2000;TRUE;0,883;0,8882;0,6842;0,8861;0,9845;0,7539;0,8052;0,9293;0,9207;0,8777;0,9272;0,8903;0,9608;1;0,8856
max;psi_8;7;7;HC;HC;2000;TRUE;0,9909;0,9878;1;1;1;0,9843;0,9957;0,9966;0,9756;0,9947;0,9812;0,9828;0,9946;1;0,9893
max;psi_8;8;8;HC;HC;1074;TRUE;0,9992;0,9996;1;1;1;0,9948;1;1;1;1;1;1;0,9887;1;0,9994
max;psi_8;9;9;HC;HC;2000;TRUE;0,9984;0,987;1;0,9873;0,9922;0,9581;0,9957;0,9966;0,9665;0,9947;1;0,9828;0,9915;1;0,9927
max;psi_8;10;10;HC;HC;973;TRUE;1;0,9988;1;1;1;0,9895;0,9957;1;1;1;1;1;0,9954;1;0,9994
max;psi_9;2;2;HC;HC;2000;TRUE;0,8703;0,8996;1;0,9747;0,9225;0,9738;0,9221;0,9226;0,811;0,9574;0,8779;0,8559;0,7745;0,9642;0,885
max;psi_9;3;3;HC;HC;2000;TRUE;0,7561;0,8135;1;0,9747;0,938;0,9738;0,8918;0,7912;0,7744;0,9521;0,6808;0,6903;0,3971;0,9642;0,7849
max;psi_9;4;4;HC;HC;2000;TRUE;0,8894;0,8855;1;0,9747;0,9457;0,9738;0,8918;0,9057;0,7927;0,9574;0,8545;0,8323;0,8094;0,9642;0,8874
max;psi_9;5;5;HC;HC;2000;TRUE;0,9072;0,9004;1;0,9747;0,938;0,9738;0,9177;0,9562;0,7896;0,9681;0,8873;0,8344;0,8337;0,9605;0,9038
max;psi_10;2;2;HC;HC;2000;TRUE;0,8977;0,9209;1;1;0,9612;0,9738;0,9394;0,9562;0,8384;0,9894;0,9061;0,8559;0,8147;0,9796;0,9093
max;psi_10;3;3;HC;HC;2000;TRUE;0,8977;0,9209;1;1;0,9612;0,9738;0,9394;0,9562;0,8384;0,9894;0,9061;0,8559;0,8147;0,9796;0,9093
max;psi_10;4;4;HC;HC;2000;TRUE;0,8977;0,9209;1;1;0,9612;0,9738;0,9394;0,9562;0,8384;0,9894;0,9061;0,8559;0,8147;0,9796;0,9093
max;psi_10;5;5;HC;HC;2000;TRUE;0,8977;0,9209;1;1;0,9612;0,9738;0,9394;0,9562;0,8384;0,9894;0,9061;0,8559;0,8147;0,9796;0,9093
max;psi_11;2;2;HC;HC;2000;TRUE;0,9187;0,9142;1;0,9114;0,8992;0,8639;0,9437;0,9293;0,878;0,9176;0,9272;0,9226;0,9685;0,2993;0,9165
max;psi_11;3;3;HC;HC;2000;TRUE;0,8791;0,8725;1;0,7848;0,7597;0,7749;0,8961;0,9057;0,9238;0,8298;0,9531;0,8452;0,9639;0,2397;0,8758
max;psi_11;4;4;HC;HC;2000;TRUE;0,95;0,9433;1;0,8987;0,8527;0,8796;0,9654;0,9899;0,9451;0,9362;0,9577;0,9505;0,9798;0,278;0,9467
max;psi_11;5;5;HC;HC;2000;TRUE;0,9806;0,9555;1;0,7595;0,8605;0,8901;0,974;0,9731;0,9634;0,9787;0,9671;0,9849;0,9837;0,249;0,968
max;psi_11;6;6;HC;HC;2000;TRUE;0,9496;0,9331;1;0,8734;0,876;0,8482;0,9697;0,9832;0,939;0,8936;0,9671;0,9376;0,9851;0,2752;0,9413
max;psi_12;2;2;HC;HC;2000;TRUE;0,8117;0,8426;0,8421;0,8987;0,7597;0,7487;0,8918;0,8215;0,8415;0,867;0,8615;0,8473;0,8892;0,7524;0,8272
max;psi_12;3;3;HC;HC;2000;TRUE;0,866;0,8634;0,8421;0,8734;0,7984;0,7853;0,8182;0,9024;0,8933;0,8324;0,9178;0,8645;0,9344;0,7631;0,8647
max;psi_12;4;4;HC;HC;2000;TRUE;0,5012;0,5277;0,8421;0,8734;0,5504;0,6963;0,6017;0,5859;0,4024;0,7819;0,392;0,314;0,0939;0,7062;0,5145
max;psi_12;5;5;HC;HC;2000;TRUE;0,887;0,8906;0,8421;0,8734;0,8682;0,8377;0,8874;0,9057;0,9421;0,8511;0,9319;0,8731;0,9574;0,806;0,8888
max;psi_13;2;2;HC;HC;2000;TRUE;0,8731;0,8682;1;0,962;0,9225;0,9791;0,8831;0,8956;0,7287;0,984;0,8239;0,8065;0,6377;0,9949;0,8706
max;psi_13;3;3;HC;HC;2000;TRUE;0,4552;0,5277;0,8421;0,6329;0,4031;0,4084;0,5974;0,4579;0,5976;0,6543;0,5117;0,4538;0,4364;0,5866;0,4916
max;psi_13;4;4;HC;HC;2000;TRUE;0,9207;0,9233;1;0,962;0,9147;0,9738;0,9351;0,9057;0,8872;0,9867;0,9202;0,8774;0,7608;0,9953;0,922
max;psi_13;5;5;HC;HC;2000;TRUE;0,8759;0,8705;1;0,962;0,8992;0,9476;0,8831;0,9024;0,7652;0,9707;0,8286;0,8151;0,6869;0,9943;0,8732
max;psi_14;2;2;HC;HC;2000;TRUE;0,9564;0,9713;0,9474;0,9241;0,9535;0,9319;0,9784;0,9428;0,997;0,9681;0,9742;0,9978;0,9925;0,8771;0,9639
max;psi_14;3;3;HC;HC;2000;TRUE;0,8874;0,9406;0,8421;0,7848;0,8605;0,8691;0,9524;0,8721;0,997;0,9415;0,9671;0,9957;0,9855;0,866;0,9141
max;psi_14;4;4;HC;HC;2000;TRUE;0,881;0,939;0,7895;0,7722;0,8682;0,8691;0,9481;0,8754;0,9939;0,9415;0,9624;0,9957;0,9837;0,8156;0,9101
max;psi_14;5;5;HC;HC;2000;TRUE;0,9128;0,9512;1;0,8481;0,876;0,8901;0,9437;0,8855;0,9939;0,9681;0,9671;1;0,9879;0,6839;0,9321
max;psi_15;3;3;HC;HC;2000;TRUE;0,8818;0,8847;0,8947;0,8861;0,8372;0,8429;0,8312;0,8721;0,9268;0,9096;0,8967;0,8882;0,931;0,835;0,8833
max;psi_15;4;4;HC;HC;2000;TRUE;0,8596;0,8587;0,8947;0,8354;0,8372;0,8743;0,8658;0,8855;0,8537;0,9069;0,8521;0,8108;0,8561;0,898;0,8592
max;psi_15;5;5;HC;HC;2000;TRUE;0,983;0,9764;1;0,9873;0,9767;0,9791;0,9567;0,9832;0,9756;0,9814;0,9836;0,9677;0,9782;0,9575;0,9797
max;psi_15;6;6;HC;HC;2000;TRUE;0,9679;0,9441;0,9474;0,9494;0,938;0,9267;0,9177;0,9697;0,9512;0,9761;0,9413;0,9204;0,9499;0,9777;0,956
max;psi_15;7;7;HC;HC;2000;TRUE;0,9984;0,9953;1;1;0,9922;0,9948;0,9913;1;0,9939;0,9973;1;0,9892;0,9905;0,9994;0,9968
max;psi_16;2;2;HC;HC;2000;TRUE;0,7597;0,7186;0,3158;0,6456;0,7364;0,712;0,5455;0,7912;0,8933;0,4229;0,8756;0,757;0,9631;0,5957;0,7391
max;psi_16;3;3;HC;HC;2000;TRUE;0,9699;0,9811;1;1;0,9845;0,9895;0,9957;0,9899;0,9634;0,992;0,9742;0,9699;0,9921;0,9862;0,9755
max;psi_16;4;4;HC;HC;2000;TRUE;0,8616;0,9016;0,9474;0,9114;0,7519;0,8325;0,9004;0,8653;0,9329;0,9096;0,9155;0,9505;0,9762;0,8506;0,8817
max;psi_16;5;5;HC;HC;2000;TRUE;0,9695;0,9524;0,5789;0,9114;0,9845;0,9634;0,9394;0,963;0,9482;0,9495;0,9695;0,9505;0,9897;0,9874;0,9609
max;psi_16;6;6;HC;HC;2000;TRUE;0,9278;0,9398;1;0,9494;0,8837;0,911;0,9481;0,9529;0,936;0,9335;0,9437;0,9548;0,9841;0,8931;0,9338
sum;psi_1;2;2;HC;HC;2000;TRUE;0,5059;0,4888;0,4737;0,443;0,4186;0,466;0,4805;0,4781;0,5213;0,5;0,4789;0,514;0,4998;0,3505;0,4973
sum;psi_1;3;3;HC;HC;716;TRUE;0,9984;1;1;1;1;1;1;1;1;1;1;1;0,9968;0,9972;0,9992
sum;psi_1;4;4;HC;HC;836;TRUE;1;1;1;1;1;1;1;1;1;1;1;1;1;0,9915;1
sum;psi_2;2;2;HC;HC;1321;TRUE;0,9699;1;1;1;1;1;1;1;1;1;1;1;0,998;0,8967;0,985
sum;psi_2;3;3;HC;HC;2000;TRUE;0,9322;0,9725;1;0,9873;0,969;0,9267;0,9697;0,9259;0,9939;0,9787;0,9742;0,9978;0,9875;0,9303;0,9524
sum;psi_2;4;4;HC;HC;2000;TRUE;0,9738;0,9898;1;1;1;1;0,9913;0,9764;0,9939;0,9973;0,9859;0,9828;0,9845;0,7198;0,9818
sum;psi_2;5;5;HC;HC;2000;TRUE;0,845;0,8756;1;0,9367;0,7597;0,733;0,8961;0,8013;0,9085;0,8936;0,9085;0,9204;0,9481;0,5912;0,8604
sum;psi_3;2;2;HC;HC;2000;TRUE;0,9572;0,9398;1;0,9747;1;0,9215;0,8485;0,963;0,9695;0,9043;0,9718;0,9312;0,9836;1;0,9484
sum;psi_3;3;3;HC;HC;2000;TRUE;0,9572;0,9398;1;0,9747;1;0,9215;0,8485;0,963;0,9695;0,9043;0,9718;0,9312;0,9836;1;0,9484
sum;psi_3;4;4;HC;HC;2000;TRUE;0,9572;0,9398;1;0,9747;1;0,9215;0,8485;0,963;0,9695;0,9043;0,9718;0,9312;0,9836;1;0,9484
sum;psi_3;5;5;HC;HC;2000;TRUE;0,9905;0,9862;1;0,9873;1;0,9372;0,9957;1;0,9909;0,9947;1;0,9656;0,9877;1;0,9883
sum;psi_3;6;6;HC;HC;2000;TRUE;0,9607;0,9689;0,8947;0,9873;1;0,9215;0,961;0,963;0,9909;0,9468;0,9812;0,9785;0,9836;1;0,9648
sum;psi_4;2;2;HC;HC;2000;TRUE;0,9722;0,9547;1;1;0,938;0,9372;0,9654;0,9663;0,9024;0,984;0,9437;0,9677;0,9047;0,9445;0,9635
sum;psi_4;3;3;HC;HC;2000;TRUE;0,9262;0,9217;1;0,962;0,8605;0,8691;0,9481;0,9327;0,9329;0,9335;0,8967;0,9355;0,9223;0,8338;0,924
sum;psi_4;4;4;HC;HC;2000;TRUE;0,9397;0,9244;1;0,962;0,8915;0,8691;0,9394;0,9327;0,9299;0,9388;0,9108;0,9312;0,9225;0,8354;0,9321
sum;psi_4;5;5;HC;HC;2000;TRUE;0,9187;0,926;1;0,962;0,907;0,8691;0,9437;0,9327;0,9268;0,9335;0,9178;0,9333;0,9152;0,8202;0,9224
sum;psi_4;6;6;HC;HC;2000;TRUE;0,9187;0,9193;1;0,962;0,8605;0,8691;0,9481;0,9327;0,9207;0,9309;0,8991;0,9312;0,9223;0,8348;0,919
sum;psi_5;2;2;HC;HC;2000;TRUE;0,952;0,9536;0,7368;0,9494;1;0,9424;0,8312;0,9495;0,9787;0,9255;0,9906;0,9892;0,9946;1;0,9528
sum;psi_5;3;3;HC;HC;2000;TRUE;0,9528;0,9536;0,7368;0,9494;1;0,9424;0,8312;0,9495;0,9787;0,9255;0,9906;0,9892;0,9946;1;0,9532
sum;psi_5;4;4;HC;HC;1647;TRUE;0,9996;0,9921;1;1;1;0,9895;1;1;1;0,9761;1;0,9806;0,9984;1;0,9959
sum;psi_5;5;5;HC;HC;2000;TRUE;0,9877;0,9902;1;0,9873;1;0,9738;1;0,9966;0,9909;0,9814;1;0,9828;0,996;1;0,9889
sum;psi_5;6;6;HC;HC;1035;TRUE;1;0,9941;1;1;1;1;1;1;1;0,9814;1;0,9828;1;1;0,997
sum;psi_6;2;2;HC;HC;2000;TRUE;0,9155;0,9115;1;0,9873;0,8837;0,8586;0,8139;0,9327;0,9421;0,8617;0,939;0,9527;0,9322;0,9087;0,9135
sum;psi_6;3;3;HC;HC;2000;TRUE;0,9163;0,9118;1;0,9873;0,8837;0,8586;0,8139;0,9327;0,9421;0,8617;0,9413;0,9527;0,9386;0,9077;0,9141
sum;psi_6;4;4;HC;HC;2000;TRUE;0,9167;0,9126;1;0,9873;0,8837;0,8586;0,8139;0,9327;0,9421;0,8617;0,946;0,9527;0,9386;0,9087;0,9147
sum;psi_6;5;5;HC;HC;2000;TRUE;0,9163;0,9158;1;0,9873;0,8837;0,8586;0,8139;0,9327;0,9451;0,875;0,9413;0,9613;0,9386;0,8969;0,9161
sum;psi_6;6;6;HC;HC;2000;TRUE;0,9167;0,9115;1;0,9873;0,8837;0,8586;0,8139;0,9327;0,9421;0,8617;0,939;0,9527;0,9386;0,9087;0,9141
sum;psi_7;6;6;HC;HC;2000;TRUE;0,7724;0,7934;1;0,8608;0,6357;0,7644;0,8961;0,7239;0,7866;0,8511;0,777;0,7957;0,6998;0,671;0,7829
sum;psi_7;7;7;HC;HC;2000;TRUE;0,8878;0,8142;1;0,9747;0,6822;0,8586;0,9481;0,6902;0,7835;0,8378;0,8146;0,8129;0,7115;0,6951;0,8509
sum;psi_7;8;8;HC;HC;2000;TRUE;0,8069;0,8253;1;0,9747;0,7132;0,7958;0,9481;0,8182;0,7561;0,8564;0,7793;0,8452;0,7013;0,7985;0,8161
sum;psi_7;9;9;HC;HC;2000;TRUE;0,7879;0,8213;1;0,6076;0,7287;0,8168;0,9524;0,8114;0,7683;0,8484;0,7981;0,8559;0,7025;0,6104;0,8047
sum;psi_7;10;10;HC;HC;2000;TRUE;0,8684;0,8296;1;0,8354;0,7287;0,8796;0,9351;0,7407;0,8049;0,883;0,8122;0,8237;0,6958;0,7058;0,8489
sum;psi_8;6;6;HC;HC;2000;TRUE;0,883;0,8882;0,6842;0,8861;0,9845;0,7539;0,8052;0,9293;0,9207;0,8777;0,9272;0,8903;0,9608;1;0,8856
sum;psi_8;7;7;HC;HC;2000;TRUE;0,9794;0,9787;1;0,9747;1;0,9005;0,9784;0,9832;1;0,9814;0,9812;0,9828;0,9671;0,9949;0,9791
sum;psi_8;8;8;HC;HC;2000;TRUE;0,9877;0,9854;1;0,9747;1;0,9005;0,9827;0,9832;1;0,9814;1;1;0,9839;0,9968;0,9866
sum;psi_8;9;9;HC;HC;2000;TRUE;0,9893;0,9866;1;0,9873;0,9922;0,9843;0,9957;0,9966;0,9726;0,9947;0,9812;0,9828;0,9802;0,9601;0,988
sum;psi_8;10;10;HC;HC;2000;TRUE;0,9972;0,9803;1;0,9747;1;0,9058;0,9913;0,9933;0,9512;0,9947;0,9812;1;0,9818;0,997;0,9887
sum;psi_9;2;2;HC;HC;1406;TRUE;0,9996;1;1;1;1;1;1;1;1;1;1;1;0,9998;1;0,9998
sum;psi_9;3;3;HC;HC;2000;TRUE;0,9009;0,9111;1;1;0,969;0,9738;0,9221;0,9428;0,8384;0,9734;0,8826;0,8516;0,8141;0,9706;0,906
sum;psi_9;4;4;HC;HC;2000;TRUE;0,9151;0,9185;1;0,9873;0,9535;0,9738;0,9307;0,9529;0,8506;0,9681;0,9131;0,8559;0,8357;0,9702;0,9168
sum;psi_9;5;5;HC;HC;2000;TRUE;0,981;0,9717;1;1;0,9845;0,9791;0,9654;0,9899;0,9695;0,9947;0,9554;0,9484;0,9509;0,9704;0,9763
sum;psi_10;2;2;HC;HC;2000;TRUE;0,8977;0,9209;1;1;0,9612;0,9738;0,9394;0,9562;0,8384;0,9894;0,9061;0,8559;0,8147;0,9796;0,9093
sum;psi_10;3;3;HC;HC;2000;TRUE;0,8977;0,9209;1;1;0,9612;0,9738;0,9394;0,9562;0,8384;0,9894;0,9061;0,8559;0,8147;0,9796;0,9093
sum;psi_10;4;4;HC;HC;2000;TRUE;0,8977;0,9209;1;1;0,9612;0,9738;0,9394;0,9562;0,8384;0,9894;0,9061;0,8559;0,8147;0,9796;0,9093
sum;psi_10;5;5;HC;HC;2000;TRUE;0,8977;0,9209;1;1;0,9612;0,9738;0,9394;0,9562;0,8384;0,9894;0,9061;0,8559;0,8147;0,9796;0,9093
sum;psi_11;2;2;HC;HC;2000;TRUE;0,9528;0,95;1;0,9114;0,814;0,9058;0,9481;0,9562;0,9329;0,984;0,9671;0,9763;0,9717;0,8099;0,9514
sum;psi_11;3;3;HC;HC;2000;TRUE;0,977;0,9705;1;0,7595;0,9302;0,9215;0,9913;0,9832;0,9665;0,992;0,9765;0,9978;0,9778;0,6432;0,9737
sum;psi_11;4;4;HC;HC;2000;TRUE;0,9889;0,9819;1;0,9494;0,8837;0,9058;1;1;0,9848;1;0,993;0,9978;0,9931;0,935;0,9854
sum;psi_11;5;5;HC;HC;2000;TRUE;0,998;0,9878;1;0,9747;1;0,9895;1;0,9966;0,9756;0,9894;0,9977;0,972;0,9964;0,6518;0,9929
sum;psi_11;6;6;HC;HC;2000;TRUE;0,9968;0,9886;1;0,9747;0,9845;0,9686;0,9957;1;0,9848;0,984;1;0,9849;0,995;0,9747;0,9927
sum;psi_12;2;2;HC;HC;2000;TRUE;0,9203;0,9059;0,8421;0,8734;0,876;0,8429;0,7706;0,9327;0,9421;0,8963;0,9671;0,9247;0,9671;0,8828;0,9131
sum;psi_12;3;3;HC;HC;2000;TRUE;0,9409;0,9429;0,8947;0,9747;0,8915;0,9215;0,9221;0,9697;0,9482;0,9309;0,9718;0,9355;0,9671;0,8562;0,9419
sum;psi_12;4;4;HC;HC;2000;TRUE;0,9564;0,9555;0,8947;0,962;0,938;0,9215;0,9524;0,963;0,9604;0,9441;0,9765;0,9591;0,9746;0,9723;0,956
sum;psi_12;5;5;HC;HC;2000;TRUE;0,954;0,939;0,8421;0,9494;0,8915;0,9005;0,9307;0,9697;0,939;0,9441;0,9742;0,9183;0,9709;0,9216;0,9465
sum;psi_13;2;2;HC;HC;2000;TRUE;0,9136;0,9142;1;0,9873;0,9535;0,9686;0,9307;0,9057;0,8841;0,9495;0,8967;0,871;0,7519;0,9911;0,9139
sum;psi_13;3;3;HC;HC;2000;TRUE;0,8307;0,8335;0,9474;0,9494;0,845;0,8534;0,8615;0,7609;0,8049;0,875;0,838;0,8129;0,7505;0,7947;0,8321
sum;psi_13;4;4;HC;HC;2000;TRUE;0,9937;0,9941;1;0,9873;0,9922;1;0,9957;0,9899;0,9787;0,9973;0,9977;1;0,9514;0,9994;0,9939
sum;psi_13;5;5;HC;HC;2000;TRUE;0,6534;0,6741;0,8421;0,7342;0,6124;0,5707;0,6104;0,6061;0,6738;0,75;0,6878;0,7183;0,5505;0,6048;0,6638
sum;psi_14;2;2;HC;HC;2000;TRUE;0,8672;0,9343;0,7895;0,7468;0,845;0,8586;0,9437;0,8687;0,9939;0,9362;0,9624;0,9957;0,9834;0,8141;0,9008
sum;psi_14;3;3;HC;HC;2000;TRUE;0,8929;0,9445;0,9474;0,8481;0,8682;0,8691;0,9524;0,8788;0,997;0,9468;0,9718;0,9871;0,9849;0,8668;0,9188
sum;psi_14;4;4;HC;HC;2000;TRUE;0,9988;0,9831;1;1;1;1;1;1;0,936;1;0,9484;1;0,9984;0,9895;0,9909
sum;psi_14;5;5;HC;HC;2000;TRUE;0,9663;0,9721;1;0,9494;0,9457;0,9424;0,9697;0,9428;0,9939;0,9707;0,9742;0,9978;0,9883;0,8658;0,9692
sum;psi_15;3;3;HC;HC;2000;TRUE;0,8049;0,8264;0,8421;0,7342;0,7442;0,7749;0,8398;0,8081;0,8659;0,8324;0,8615;0,8258;0,8904;0,8046;0,8157
sum;psi_15;4;4;HC;HC;2000;TRUE;0,7962;0,8201;0,8421;0,7468;0,7752;0,7958;0,7662;0,8418;0,878;0,8085;0,8709;0,7892;0,9041;0,7923;0,8082
sum;psi_15;5;5;HC;HC;2000;TRUE;0,8549;0,8343;0,8421;0,7975;0,7984;0,8063;0,8052;0,8215;0,8232;0,8723;0,8568;0,8409;0,9106;0,8034;0,8446
sum;psi_15;6;6;HC;HC;2000;TRUE;0,8236;0,8367;0,8421;0,9494;0,6744;0,7696;0,8398;0,8552;0,8628;0,8245;0,8826;0,8258;0,9069;0,3738;0,8301
sum;psi_15;7;7;HC;HC;2000;TRUE;0,8204;0,8261;0,8947;0,7595;0,8062;0,7906;0,8485;0,8182;0,8445;0,8218;0,8685;0,8;0,8969;0,7823;0,8232
sum;psi_16;2;2;HC;HC;2000;TRUE;0,8989;0,9244;1;0,9241;0,7984;0,8901;0,9091;0,936;0,936;0,9176;0,9202;0,972;0,9843;0,839;0,9117
sum;psi_16;3;3;HC;HC;2000;TRUE;0,7597;0,7186;0,3158;0,6456;0,7364;0,712;0,5455;0,7912;0,8933;0,4229;0,8756;0,757;0,9631;0,5957;0,7391
sum;psi_16;4;4;HC;HC;2000;TRUE;0,9144;0,9288;1;0,9747;0,8527;0,8796;0,9221;0,9158;0,936;0,9362;0,9296;0,9591;0,9877;0,7627;0,9216
sum;psi_16;5;5;HC;HC;2000;TRUE;0,8902;0,8725;0,5789;0,8354;0,8217;0,8063;0,8268;0,899;0,9299;0,8059;0,9178;0,9097;0,9782;0,5912;0,8813
sum;psi_16;6;6;HC;HC;2000;TRUE;0,8473;0,893;0,9474;0,9241;0,7442;0,7906;0,8788;0,8956;0,9299;0,875;0,8991;0,957;0,9818;0,5957;0,8702
mean;psi_1;2;2;HC;HC;244;TRUE;1;1;1;1;1;1;1;1;1;1;1;1;1;1;1
mean;psi_1;3;3;HC;HC;2000;TRUE;0,5059;0,4888;0,4737;0,443;0,4186;0,466;0,4805;0,4781;0,5213;0,5;0,4789;0,514;0,4998;0,3505;0,4973
mean;psi_1;4;4;HC;HC;631;TRUE;0,9996;1;1;1;1;1;1;1;1;1;1;1;1;1;0,9998
mean;psi_2;2;2;HC;HC;2000;TRUE;0,8442;0,8819;1;0,962;0,7364;0,6859;0,8701;0,8148;0,9299;0,8989;0,9155;0,9548;0,9542;0,6143;0,8631
mean;psi_2;3;3;HC;HC;2000;TRUE;0,9377;0,9414;1;0,9747;0,8527;0,8377;0,9351;0,9125;0,9695;0,9441;0,9531;0,9892;0,9711;0,7034;0,9396
mean;psi_2;4;4;HC;HC;1571;TRUE;0,9996;0,9996;1;1;1;1;1;0,9966;1;1;1;1;0,9994;1;0,9996
mean;psi_2;5;5;HC;HC;2000;TRUE;0,7942;0,843;1;0,8228;0,6667;0,6283;0,8528;0,7879;0,9085;0,8457;0,8897;0,9161;0,9457;0,6137;0,8187
mean;psi_3;2;2;HC;HC;2000;TRUE;0,9572;0,9398;1;0,9747;1;0,9215;0,8485;0,963;0,9695;0,9043;0,9718;0,9312;0,9836;1;0,9484
mean;psi_3;3;3;HC;HC;2000;TRUE;0,9568;0,9398;1;0,9747;1;0,9215;0,8485;0,963;0,9695;0,9043;0,9718;0,9312;0,9836;1;0,9483
mean;psi_3;4;4;HC;HC;2000;TRUE;0,9572;0,9398;1;0,9747;1;0,9215;0,8485;0,963;0,9695;0,9043;0,9718;0,9312;0,9836;1;0,9484
mean;psi_3;5;5;HC;HC;2000;TRUE;0,9572;0,9398;1;0,9747;1;0,9215;0,8485;0,963;0,9695;0,9043;0,9718;0,9312;0,9836;1;0,9484
mean;psi_3;6;6;HC;HC;2000;TRUE;0,9572;0,9398;1;0,9747;1;0,9215;0,8485;0,963;0,9695;0,9043;0,9718;0,9312;0,9836;1;0,9484
mean;psi_4;2;2;HC;HC;2000;TRUE;0,9195;0,9185;1;0,962;0,8605;0,8691;0,9481;0,9327;0,9177;0,9309;0,8967;0,9312;0,9223;0,8356;0,919
mean;psi_4;3;3;HC;HC;2000;TRUE;0,9262;0,9221;1;0,962;0,8605;0,8796;0,9481;0,9293;0,9268;0,9362;0,8991;0,9355;0,9225;0,884;0,9242
mean;psi_4;4;4;HC;HC;2000;TRUE;0,9195;0,9185;1;0,962;0,8605;0,8691;0,9481;0,9327;0,9177;0,9309;0,8967;0,9312;0,9223;0,8356;0,919
mean;psi_4;5;5;HC;HC;2000;TRUE;0,9255;0,9229;1;0,962;0,8915;0,8953;0,9481;0,9293;0,9116;0,9362;0,9014;0,9333;0,9219;0,8356;0,9242
mean;psi_4;6;6;HC;HC;2000;TRUE;0,9195;0,9185;1;0,962;0,8605;0,8691;0,9481;0,9327;0,9177;0,9309;0,8967;0,9312;0,9223;0,8356;0,919
mean;psi_5;2;2;HC;HC;2000;TRUE;0,9528;0,9536;0,7368;0,9494;1;0,9424;0,8312;0,9495;0,9787;0,9255;0,9906;0,9892;0,9946;1;0,9532
mean;psi_5;3;3;HC;HC;2000;TRUE;0,9528;0,9536;0,7368;0,9494;1;0,9424;0,8312;0,9495;0,9787;0,9255;0,9906;0,9892;0,9946;1;0,9532
mean;psi_5;4;4;HC;HC;2000;TRUE;0,9528;0,9536;0,7368;0,9494;1;0,9424;0,8312;0,9495;0,9787;0,9255;0,9906;0,9892;0,9946;1;0,9532
mean;psi_5;5;5;HC;HC;1543;TRUE;1;1;1;1;1;1;1;1;1;1;1;1;0,9998;1;1
mean;psi_5;6;6;HC;HC;2000;TRUE;0,9528;0,9536;0,7368;0,9494;1;0,9424;0,8312;0,9495;0,9787;0,9255;0,9906;0,9892;0,9946;1;0,9532
mean;psi_6;2;2;HC;HC;2000;TRUE;0,9167;0,9115;1;0,9873;0,8837;0,8586;0,8139;0,9327;0,9421;0,8617;0,939;0,9527;0,9386;0,9087;0,9141
mean;psi_6;3;3;HC;HC;2000;TRUE;0,9167;0,9115;1;0,9873;0,8837;0,8586;0,8139;0,9327;0,9421;0,8617;0,939;0,9527;0,9386;0,9087;0,9141
mean;psi_6;4;4;HC;HC;2000;TRUE;0,9167;0,9115;1;0,9873;0,8837;0,8586;0,8139;0,9327;0,9421;0,8617;0,939;0,9527;0,9386;0,9087;0,9141
mean;psi_6;5;5;HC;HC;2000;TRUE;0,9167;0,9115;1;0,9873;0,8837;0,8586;0,8139;0,9327;0,9421;0,8617;0,939;0,9527;0,9386;0,9087;0,9141
mean;psi_6;6;6;HC;HC;2000;TRUE;0,9167;0,9115;1;0,9873;0,8837;0,8586;0,8139;0,9327;0,9421;0,8617;0,939;0,9527;0,9386;0,9087;0,9141
mean;psi_7;6;6;HC;HC;2000;TRUE;0,8489;0,8111;1;0,9747;0,7597;0,8168;0,9827;0,7643;0,747;0,9016;0,7441;0,7656;0,6845;0,9923;0,8299
mean;psi_7;7;7;HC;HC;2000;TRUE;0,86;0,8402;1;0,9747;0,8527;0,9005;0,9654;0,8047;0,7805;0,9176;0,7653;0,7914;0,7965;0,9887;0,8501
mean;psi_7;8;8;HC;HC;2000;TRUE;0,9199;0,8453;1;0,9873;0,7364;0,822;0,9307;0,7778;0,872;0,8723;0,8239;0,8344;0,7335;0,7107;0,8825
mean;psi_7;9;9;HC;HC;2000;TRUE;0,9088;0,8528;1;0,9747;0,8372;0,8639;0,8874;0,7576;0,8537;0,9309;0,8122;0,843;0,6288;0,9945;0,8807
mean;psi_7;10;10;HC;HC;2000;TRUE;0,7962;0,7855;1;0,9747;0,6744;0,7696;0,9048;0,7138;0,7774;0,8378;0,7559;0,7591;0,6494;0,8052;0,7908
mean;psi_8;6;6;HC;HC;2000;TRUE;0,9782;0,9642;1;0,9494;0,9845;0,8691;0,987;0,9899;0,9665;0,992;0,9624;0,9484;0,9669;1;0,9712
mean;psi_8;7;7;HC;HC;2000;TRUE;0,9937;0,9791;1;1;1;0,9686;0,9957;0,9966;0,9665;0,9947;0,9624;0,9656;0,9798;1;0,9864
mean;psi_8;8;8;HC;HC;2000;TRUE;0,9972;0,9854;1;0,9747;0,9922;0,9581;0,9957;1;0,9756;0,9973;0,9812;0,9828;0,978;1;0,9913
mean;psi_8;9;9;HC;HC;2000;TRUE;0,9984;0,9902;1;1;0,9922;0,9634;0,9957;1;1;1;0,9812;0,9828;0,979;1;0,9943
mean;psi_8;10;10;HC;HC;2000;TRUE;0,9909;0,9681;1;0,9747;0,9845;0,8586;0,9913;0,9966;0,9146;0,9947;0,9812;0,9806;0,9691;1;0,9795
mean;psi_9;2;2;HC;HC;2000;TRUE;0,7565;0,8135;1;0,9747;0,938;0,9738;0,8918;0,7912;0,7744;0,9521;0,6808;0,6903;0,3971;0,9642;0,7851
mean;psi_9;3;3;HC;HC;2000;TRUE;0,7561;0,8135;1;0,9747;0,938;0,9738;0,8918;0,7912;0,7744;0,9521;0,6808;0,6903;0,3971;0,9642;0,7849
mean;psi_9;4;4;HC;HC;2000;TRUE;0,7565;0,8135;1;0,9747;0,938;0,9738;0,8918;0,7912;0,7744;0,9521;0,6808;0,6903;0,3971;0,9642;0,7851
mean;psi_9;5;5;HC;HC;2000;TRUE;0,7565;0,8135;1;0,9747;0,938;0,9738;0,8918;0,7912;0,7744;0,9521;0,6808;0,6903;0,3971;0,9642;0,7851
mean;psi_10;2;2;HC;HC;2000;TRUE;0,8977;0,9209;1;1;0,9612;0,9738;0,9394;0,9562;0,8384;0,9894;0,9061;0,8559;0,8147;0,9796;0,9093
mean;psi_10;3;3;HC;HC;2000;TRUE;0,8977;0,9209;1;1;0,9612;0,9738;0,9394;0,9562;0,8384;0,9894;0,9061;0,8559;0,8147;0,9796;0,9093
mean;psi_10;4;4;HC;HC;2000;TRUE;0,8977;0,9209;1;1;0,9612;0,9738;0,9394;0,9562;0,8384;0,9894;0,9061;0,8559;0,8147;0,9796;0,9093
mean;psi_10;5;5;HC;HC;2000;TRUE;0,8977;0,9209;1;1;0,9612;0,9738;0,9394;0,9562;0,8384;0,9894;0,9061;0,8559;0,8147;0,9796;0,9093
mean;psi_11;2;2;HC;HC;2000;TRUE;0,483;0,5128;1;0,7848;0,6589;0,8586;0,7662;0,4343;0,1159;0,9654;0,1761;0,4108;0,0567;0,3069;0,4979
mean;psi_11;3;3;HC;HC;2000;TRUE;0,8089;0,8457;1;0,7848;0,8062;0,712;0,8788;0,9091;0,8293;0,8537;0,8897;0,8237;0,9485;0,427;0,8274
mean;psi_11;4;4;HC;HC;2000;TRUE;0,8287;0,806;1;0,6329;0,7364;0,801;0,8485;0,9293;0,5854;0,8351;0,892;0,8022;0,9598;0,164;0,8173
mean;psi_11;5;5;HC;HC;2000;TRUE;0,8454;0,7977;1;0,9114;0,845;0,8325;0,8571;0,8114;0,6646;0,8511;0,7653;0,7849;0,8577;0,3021;0,8214
mean;psi_11;6;6;HC;HC;2000;TRUE;0,483;0,5128;1;0,7848;0,6589;0,8586;0,7662;0,4343;0,1159;0,9654;0,1761;0,4108;0,0567;0,3069;0,4979
mean;psi_12;2;2;HC;HC;2000;TRUE;0,7189;0,6958;0,8421;0,7342;0,6822;0,644;0,6667;0,7306;0,5335;0,7872;0,669;0,7656;0,7461;0,6313;0,7073
mean;psi_12;3;3;HC;HC;2000;TRUE;0,7831;0,7328;0,8421;0,8608;0,7907;0,7173;0,71;0,7609;0,625;0,7952;0,7113;0,7355;0,8298;0,6973;0,7579
mean;psi_12;4;4;HC;HC;2000;TRUE;0,7641;0,7182;0,8421;0,8734;0,7364;0,6492;0,7273;0,7811;0,5396;0,7739;0,6408;0,8172;0,8559;0,7283;0,7411
mean;psi_12;5;5;HC;HC;2000;TRUE;0,7791;0,7379;0,8421;0,8734;0,8295;0,6702;0,7446;0,7407;0,5945;0,8005;0,662;0,828;0,8898;0,6333;0,7584
mean;psi_13;2;2;HC;HC;2000;TRUE;0,9956;0,9988;1;0,9873;1;1;1;1;0,997;0,9973;1;1;0,9683;1;0,9972
mean;psi_13;3;3;HC;HC;2000;TRUE;0,9956;0,9957;1;0,9873;1;0,9948;1;0,9933;0,9939;0,992;1;0,9957;0,9742;1;0,9957
mean;psi_13;4;4;HC;HC;2000;TRUE;0,4552;0,5277;0,8421;0,6329;0,4031;0,4084;0,5974;0,4579;0,5976;0,6543;0,5117;0,4538;0,4364;0,5866;0,4916
mean;psi_13;5;5;HC;HC;2000;TRUE;0,9972;0,9996;1;0,9873;1;1;1;1;1;1;1;1;0,9814;1;0,9984
mean;psi_14;2;2;HC;HC;2000;TRUE;0,8707;0,9374;0,9474;0,7848;0,845;0,8639;0,9437;0,8721;0,9939;0,9362;0,9624;0,9957;0,9834;0,8176;0,9042
mean;psi_14;3;3;HC;HC;2000;TRUE;0,9207;0,952;0,8947;0,8608;0,8837;0,8901;0,961;0,9057;0,997;0,9441;0,9718;0,9957;0,9861;0,8751;0,9364
mean;psi_14;4;4;HC;HC;1570;TRUE;0,9992;0,9992;1;1;1;1;1;0,9966;1;0,9973;1;1;1;1;0,9992
mean;psi_14;5;5;HC;HC;2000;TRUE;0,8672;0,9343;0,7895;0,7468;0,845;0,8586;0,9437;0,8687;0,9939;0,9362;0,9624;0,9957;0,9834;0,8156;0,9008
mean;psi_15;3;3;HC;HC;2000;TRUE;0,5428;0,558;0,8947;0,6962;0,5659;0,7696;0,6537;0,5387;0,4299;0,7899;0,4296;0,4172;0,1728;0,4554;0,5505
mean;psi_15;4;4;HC;HC;2000;TRUE;0,9001;0,8906;0,9474;0,9494;0,8527;0,9058;0,8528;0,9158;0,8933;0,8963;0,9014;0,8688;0,8805;0,8402;0,8953
mean;psi_15;5;5;HC;HC;2000;TRUE;0,8374;0,7855;0,8421;0,7089;0,7287;0,7696;0,7619;0,7205;0,7896;0,8032;0,8685;0,7785;0,875;0,6574;0,8114
mean;psi_15;6;6;HC;HC;2000;TRUE;0,8921;0,88;0,8947;0,8101;0,8605;0,8325;0,8268;0,8754;0,8994;0,9122;0,8991;0,8882;0,9051;0,7913;0,886
mean;psi_15;7;7;HC;HC;2000;TRUE;0,8121;0,767;0,8421;0,8101;0,6744;0,822;0,7143;0,7744;0,7409;0,8059;0,7887;0,7484;0,8532;0,7937;0,7895
mean;psi_16;2;2;HC;HC;2000;TRUE;0,9223;0,9406;0,9474;0,962;0,8682;0,911;0,9437;0,9596;0,9573;0,9255;0,939;0,957;0,9863;0,9866;0,9315
mean;psi_16;3;3;HC;HC;2000;TRUE;0,9136;0,9299;0,9474;0,9494;0,8372;0,8901;0,9264;0,9495;0,939;0,9149;0,9343;0,9591;0,9861;0,9583;0,9218
mean;psi_16;4;4;HC;HC;2000;TRUE;0,9841;0,9819;1;0,962;0,9922;1;0,9957;0,9899;0,9604;0,9947;0,9789;0,9699;0,9941;0,9686;0,983
mean;psi_16;5;5;HC;HC;2000;TRUE;0,9865;0,9882;1;1;1;0,9948;0,9913;0,9966;0,9817;0,9947;0,9906;0,9699;0,9952;0,9706;0,9874
mean;psi_16;6;6;HC;HC;2000;TRUE;0,8473;0,893;0,9474;0,9241;0,7442;0,7906;0,8788;0,8956;0,9299;0,875;0,8991;0,957;0,9818;0,5957;0,8702
max;psi_1;2;2;all;all;255;TRUE;1;1;1;1;1;1;1;1;1;1;1;1;1;1;1
max;psi_1;3;3;all;all;2000;TRUE;0,9833;0,9816;0,8876;0,9316;0,9774;0,9714;0,9857;0,9838;0,993;0,9703;0,9938;0,9875;0,9901;0,998;0,9591
max;psi_1;4;4;all;all;89;TRUE;1;0,9996;1;1;1;0,9964;0,9986;1;1;1;1;1;1;1;0,9994
max;psi_2;2;2;all;all;2000;TRUE;0,8126;0,6748;0,4382;0,4786;0,608;0,5964;0,6291;0,6759;0,7578;0,5906;0,7648;0,7209;0,9271;0,6137;0,6875
max;psi_2;3;3;all;all;611;TRUE;1;1;1;1;1;1;1;1;1;1;1;1;1;1;1
max;psi_2;4;4;all;all;981;TRUE;1;1;1;1;1;1;1;1;1;1;1;1;1;1;1
max;psi_2;5;5;all;all;311;TRUE;0,9997;0,9999;1;1;0,9975;1;1;1;1;1;1;1;0,9996;1;0,9998
max;psi_3;2;2;all;all;2000;TRUE;0,9898;0,9827;0,9663;0,953;0,9799;0,9375;0,9929;0,9873;0,996;0,9851;0,9914;0,9805;0,9865;0,998;0,9741
max;psi_3;3;3;all;all;2000;TRUE;0,9814;0,9734;0,9438;0,9359;0,9849;0,9321;0,9501;0,9815;0,9899;0,9685;0,9907;0,9777;0,9836;1;0,9484
max;psi_3;4;4;all;all;2000;TRUE;0,9942;0,9907;1;0,9658;0,9874;0,95;1;0,9942;1;0,9983;0,9938;0,9889;0,9891;1;0,9881
max;psi_3;5;5;all;all;2000;TRUE;0,9814;0,9734;0,9438;0,9359;0,9849;0,9321;0,9501;0,9815;0,9899;0,9685;0,9907;0,9777;0,9836;1;0,9484
max;psi_3;6;6;all;all;1806;TRUE;0,9999;0,9999;1;0,9957;1;1;1;1;1;1;1;1;0,9998;1;0,9998
max;psi_4;2;2;all;all;2000;TRUE;0,884;0,9003;0,9663;0,9017;0,8467;0,8821;0,8887;0,912;0,9085;0,9003;0,8972;0,9137;0,9223;0,8356;0,919
max;psi_4;3;3;all;all;2000;TRUE;0,9976;0,9973;1;1;0,9849;0,9982;1;0,9988;1;0,9974;0,9953;0,9972;0,9994;1;0,9929
max;psi_4;4;4;all;all;1572;TRUE;0,9999;0,9984;1;1;0,9899;1;1;1;1;0,9983;0,9977;0,9979;0,9994;1;0,998
max;psi_4;5;5;all;all;2000;TRUE;0,9991;0,9965;1;0,9957;0,9849;0,9946;0,9957;0,9988;0,998;0,9965;0,9969;0,9979;0,999;1;0,9943
max;psi_4;6;6;all;all;2000;TRUE;0,9987;0,9958;1;1;0,9799;0,9964;0,9971;0,9988;1;0,9921;0,9977;0,9951;0,9988;1;0,9929
max;psi_5;2;2;all;all;2000;TRUE;0,9825;0,9827;0,8764;0,9573;0,995;0,9786;0,9444;0,9826;0,993;0,9755;0,9969;0,9965;0,9946;1;0,9532
max;psi_5;3;3;all;all;2000;TRUE;0,9825;0,9827;0,8764;0,9573;0,995;0,9786;0,9444;0,9826;0,993;0,9755;0,9969;0,9965;0,9946;1;0,9532
max;psi_5;4;4;all;all;2000;TRUE;0,9825;0,9827;0,8764;0,9573;0,995;0,9786;0,9444;0,9826;0,993;0,9755;0,9969;0,9965;0,9946;1;0,9532
max;psi_5;5;5;all;all;1204;TRUE;0,9995;0,9997;0,9775;1;1;1;1;1;1;1;1;1;0,9996;1;0,9992
max;psi_5;6;6;all;all;946;TRUE;1;0,9996;1;1;1;1;1;0,9988;1;0,9983;1;1;1;1;0,9994
max;psi_6;2;2;all;all;2000;TRUE;0,9186;0,9223;0,9888;0,9487;0,9121;0,8625;0,8688;0,897;0,9296;0,9134;0,9502;0,9582;0,9386;0,9087;0,9141
max;psi_6;3;3;all;all;2000;TRUE;0,9186;0,9223;0,9888;0,9487;0,9121;0,8625;0,8688;0,897;0,9296;0,9134;0,9502;0,9582;0,9386;0,9087;0,9141
max;psi_6;4;4;all;all;2000;TRUE;0,9921;0,9826;0,9663;0,9615;0,9849;0,9589;0,9872;0,9861;0,9739;0,9808;0,9953;0,9875;0,9879;0,9978;0,9761
max;psi_6;5;5;all;all;2000;TRUE;0,9983;0,9981;1;0,9957;1;0,9964;1;1;1;0,9939;0,9992;0,9972;0,9994;1;0,9951
max;psi_6;6;6;all;all;1357;TRUE;0,9999;0,9999;1;1;1;1;1;1;1;1;1;0,9993;1;1;0,9996
max;psi_7;6;6;all;all;2000;TRUE;0,9945;0,9384;0,9438;0,9444;0,9523;0,9679;0,9629;0,9699;0,8965;0,9834;0,8411;0,9708;0,9812;0,9781;0,9388
max;psi_7;7;7;all;all;2000;TRUE;0,991;0,96;0,9551;0,953;0,9422;0,9714;0,97;0,9641;0,9317;0,9834;0,9533;0,9617;0,9966;0,9911;0,9382
max;psi_7;8;8;all;all;2000;TRUE;0,981;0,957;0,9551;0,8248;0,9196;0,9571;0,9529;0,9595;0,9698;0,9755;0,9657;0,9582;0,9897;0,9721;0,9447
max;psi_7;9;9;all;all;2000;TRUE;0,992;0,976;0,9888;0,9573;0,9221;0,9643;0,9829;0,9884;0,9859;0,9816;0,9798;0,9722;0,9964;0,9937;0,9615
max;psi_7;10;10;all;all;2000;TRUE;0,9444;0,8683;0,9326;0,8291;0,8467;0,8964;0,9101;0,9028;0,8543;0,9029;0,8396;0,8323;0,9324;0,915;0,8698
max;psi_8;6;6;all;all;2000;TRUE;0,9504;0,9472;0,8315;0,859;0,902;0,8393;0,9287;0,9699;0,9739;0,9598;0,9759;0,9645;0,9608;1;0,8856
max;psi_8;7;7;all;all;2000;TRUE;0,9504;0,9472;0,8315;0,859;0,902;0,8393;0,9287;0,9699;0,9739;0,9598;0,9759;0,9645;0,9608;1;0,8856
max;psi_8;8;8;all;all;2000;TRUE;0,9878;0,9783;0,9775;0,9359;0,9196;0,9018;0,99;0,9907;0,9889;0,9895;0,9938;0,9882;0,9723;1;0,9767
max;psi_8;9;9;all;all;1095;TRUE;0,9997;0,9997;1;1;0,9975;0,9982;1;1;1;1;1;1;0,9992;1;1
max;psi_8;10;10;all;all;894;TRUE;0,9999;0,9996;1;1;0,9975;0,9964;1;1;1;1;1;1;0,9998;1;0,9994
max;psi_9;2;2;all;all;2000;TRUE;0,714;0,7176;0,9663;0,9573;0,9146;0,875;0,8245;0,7199;0,6804;0,7017;0,6534;0,5894;0,3971;0,9642;0,7851
max;psi_9;3;3;all;all;2000;TRUE;0,8899;0,8639;0,9663;0,953;0,8819;0,8839;0,8331;0,8738;0,8312;0,8941;0,8396;0,8594;0,7935;0,9642;0,872
max;psi_9;4;4;all;all;2000;TRUE;0,8879;0,8579;0,9663;0,9573;0,902;0,8714;0,8388;0,8414;0,8211;0,8941;0,831;0,8573;0,7856;0,9631;0,869
max;psi_9;5;5;all;all;2000;TRUE;0,9467;0,921;0,9775;0,9829;0,9548;0,9411;0,9101;0,9375;0,8945;0,9283;0,9034;0,9137;0,8936;0,9735;0,9336
max;psi_10;2;2;all;all;2000;TRUE;0,9057;0,8971;0,9663;0,9786;0,9347;0,9214;0,9073;0,8889;0,8553;0,909;0,891;0,8845;0,8147;0,9796;0,9093
max;psi_10;3;3;all;all;2000;TRUE;0,9057;0,8971;0,9663;0,9786;0,9347;0,9214;0,9073;0,8889;0,8553;0,909;0,891;0,8845;0,8147;0,9796;0,9093
max;psi_10;4;4;all;all;2000;TRUE;0,9057;0,8971;0,9663;0,9786;0,9347;0,9214;0,9073;0,8889;0,8553;0,909;0,891;0,8845;0,8147;0,9796;0,9093
max;psi_10;5;5;all;all;2000;TRUE;0,9057;0,8971;0,9663;0,9786;0,9347;0,9214;0,9073;0,8889;0,8553;0,909;0,891;0,8845;0,8147;0,9796;0,9093
max;psi_11;2;2;all;all;2000;TRUE;0,452;0,3381;0,5056;0,5;0,4422;0,4607;0,3894;0,331;0,2653;0,371;0,2827;0,2777;0,0807;0,7018;0,399
max;psi_11;3;3;all;all;2000;TRUE;0,6845;0,8162;0,8652;0,7521;0,7211;0,7732;0,8188;0,8183;0,8452;0,8023;0,8505;0,8246;0,9784;0,4337;0,8428
max;psi_11;4;4;all;all;2000;TRUE;0,7839;0,7895;0,7978;0,7137;0,7261;0,75;0,8003;0,8102;0,798;0,8031;0,7967;0,7933;0,98;0,4321;0,9486
max;psi_11;5;5;all;all;2000;TRUE;0,9382;0,8019;0,764;0,7222;0,6935;0,7732;0,7946;0,8333;0,8131;0,8198;0,8139;0,8107;0,9693;0,77;0,8681
max;psi_11;6;6;all;all;2000;TRUE;0,7463;0,8304;0,7079;0,6624;0,6935;0,6804;0,8431;0,8461;0,9116;0,7944;0,8894;0,8657;0,9683;0,6931;0,7061
max;psi_12;2;2;all;all;2000;TRUE;0,9018;0,8013;0,809;0,7778;0,7312;0,7625;0,766;0,7905;0,792;0,8163;0,8131;0,8469;0,9219;0,8103;0,8203
max;psi_12;3;3;all;all;2000;TRUE;0,9049;0,8265;0,8202;0,7991;0,7814;0,8018;0,8046;0,8137;0,802;0,8478;0,8209;0,8768;0,9447;0,8643;0,7865
max;psi_12;4;4;all;all;2000;TRUE;0,9082;0,8348;0,8427;0,7692;0,7663;0,7929;0,806;0,8438;0,8171;0,8539;0,845;0,8768;0,9437;0,8127;0,8566
max;psi_12;5;5;all;all;2000;TRUE;0,9419;0,8751;0,8876;0,8291;0,7889;0,8214;0,8573;0,8877;0,8884;0,8863;0,9003;0,8873;0,9594;0,8818;0,8829
max;psi_13;2;2;all;all;2000;TRUE;0,8543;0,851;0,9663;0,9487;0,9246;0,8857;0,8645;0,8681;0,809;0,8626;0,8458;0,8017;0,7035;0,9953;0,8586
max;psi_13;3;3;all;all;2000;TRUE;0,8242;0,8232;0,9663;0,9103;0,8568;0,875;0,8402;0,8275;0,7889;0,8495;0,7975;0,7857;0,6633;0,986;0,8214
max;psi_13;4;4;all;all;2000;TRUE;0,5557;0,4558;0,573;0,4872;0,4246;0,3875;0,475;0,4132;0,4613;0,4646;0,4938;0,4502;0,4364;0,5866;0,4916
max;psi_13;5;5;all;all;2000;TRUE;0,9152;0,8977;1;0,9829;0,9422;0,9357;0,9215;0,9144;0,8804;0,9125;0,8746;0,8497;0,8038;0,9951;0,9198
max;psi_14;2;2;all;all;2000;TRUE;0,9846;0,9238;0,8876;0,9316;0,9095;0,9089;0,9215;0,9155;0,9327;0,9239;0,9252;0,9332;0,9933;0,8992;0,9688
max;psi_14;3;3;all;all;2000;TRUE;0,9293;0,8714;0,764;0,7821;0,8216;0,8429;0,8702;0,8519;0,8945;0,8766;0,8855;0,897;0,9834;0,8156;0,9008
max;psi_14;4;4;all;all;2000;TRUE;0,993;0,9979;0,9775;1;1;0,9875;1;0,9965;1;0,9983;0,9984;1;0,998;1;0,9885
max;psi_14;5;5;all;all;2000;TRUE;0,9293;0,8714;0,764;0,7821;0,8216;0,8429;0,8702;0,8519;0,8945;0,8766;0,8855;0,897;0,9834;0,8156;0,9008
max;psi_15;3;3;all;all;2000;TRUE;0,9724;0,9716;0,9663;0,9615;0,9598;0,9589;0,9629;0,963;0,9769;0,9764;0,979;0,977;0,9725;0,9929;0,9506
max;psi_15;4;4;all;all;2000;TRUE;0,9309;0,8848;0,8989;0,8376;0,8543;0,8464;0,8545;0,8773;0,8925;0,9046;0,9019;0,8977;0,9152;0,9306;0,8766
max;psi_15;5;5;all;all;2000;TRUE;0,9992;0,9994;1;1;1;0,9982;1;0,9988;1;1;0,9984;0,9993;0,9984;1;0,9994
max;psi_15;6;6;all;all;2000;TRUE;0,9942;0,9901;1;1;0,9925;0,9911;0,9857;0,9884;0,9889;0,9948;0,9899;0,9875;0,9843;1;0,9921
max;psi_15;7;7;all;all;2000;TRUE;0,9833;0,9731;0,9888;0,9786;0,9548;0,9482;0,9486;0,9688;0,9829;0,9755;0,9844;0,9819;0,9723;0,9984;0,9637
max;psi_16;2;2;all;all;2000;TRUE;0,7791;0,7529;0,5393;0,6325;0,7035;0,7464;0,7076;0,7639;0,8291;0,6763;0,7975;0,7857;0,9631;0,5957;0,7391
max;psi_16;3;3;all;all;2000;TRUE;0,9173;0,8536;0,8315;0,8376;0,7764;0,8214;0,8502;0,8461;0,8734;0,8661;0,8403;0,8859;0,982;0,7878;0,8854
max;psi_16;4;4;all;all;2000;TRUE;0,9833;0,9753;1;0,9872;0,9447;0,975;0,9843;0,9537;0,9869;0,9886;0,9587;0,9854;0,9907;0,987;0,9601
max;psi_16;5;5;all;all;2000;TRUE;0,991;0,9821;1;1;0,9598;0,9911;0,9914;0,963;0,9879;0,9956;0,9657;0,9875;0,9929;0,9874;0,9793
max;psi_16;6;6;all;all;2000;TRUE;0,9914;0,9838;0,9888;1;0,9673;0,9911;0,9914;0,9641;0,991;0,9965;0,9665;0,991;0,9927;0,9872;0,9828
sum;psi_1;2;2;all;all;216;TRUE;0,9999;0,9994;1;1;1;1;1;0,9988;0,999;0,9991;0,9992;0,9993;1;0,999;0,9998
sum;psi_1;3;3;all;all;2000;TRUE;0,9996;0,9997;1;1;1;1;1;1;0,999;1;0,9992;1;0,9998;1;0,9992
sum;psi_1;4;4;all;all;431;TRUE;0,9999;0,9999;1;1;1;1;1;1;1;1;0,9992;1;1;1;0,9996
sum;psi_2;2;2;all;all;2000;TRUE;0,99;0,9586;1;1;1;1;0,9558;0,956;0,9548;0,9554;0,9548;0,9332;0,9998;0,937;0,9854
sum;psi_2;3;3;all;all;2000;TRUE;0,8525;0,7528;0,6854;0,6838;0,6658;0,6446;0,7546;0,7211;0,7859;0,7533;0,7835;0,8017;0,9473;0,6349;0,8238
sum;psi_2;4;4;all;all;2000;TRUE;0,9381;0,9188;0,8876;0,8675;0,8593;0,8393;0,9173;0,9074;0,9447;0,9204;0,9431;0,9429;0,953;0,9532;0,8787
sum;psi_2;5;5;all;all;2000;TRUE;0,9441;0,9381;0,9213;0,8547;0,8794;0,8714;0,9415;0,9225;0,9658;0,9423;0,9618;0,9589;0,9621;0,97;0,8912
sum;psi_3;2;2;all;all;2000;TRUE;0,9814;0,9734;0,9438;0,9359;0,9849;0,9321;0,9501;0,9815;0,9899;0,9685;0,9907;0,9777;0,9836;1;0,9484
sum;psi_3;3;3;all;all;2000;TRUE;0,9814;0,9734;0,9438;0,9359;0,9849;0,9321;0,9501;0,9815;0,9899;0,9685;0,9907;0,9777;0,9836;1;0,9484
sum;psi_3;4;4;all;all;2000;TRUE;0,9917;0,9897;0,9888;0,9615;0,9874;0,9429;0,9971;0,9907;0,997;0,9921;1;0,993;0,9875;1;0,9846
sum;psi_3;5;5;all;all;1817;TRUE;0,9997;0,9955;0,9888;0,9957;0,9975;0,9982;0,9957;0,9919;0,9899;0,9983;0,9953;0,9979;0,9986;0,9964;0,9976
sum;psi_3;6;6;all;all;2000;TRUE;0,9875;0,9883;0,9101;0,9444;0,9849;0,9339;0,9943;0,9884;1;0,9974;1;0,9937;0,9839;1;0,9799
sum;psi_4;2;2;all;all;2000;TRUE;0,8784;0,9238;0,9775;0,9017;0,8844;0,9089;0,9044;0,9375;0,9397;0,9108;0,9276;0,9381;0,9187;0,8848;0,9008
sum;psi_4;3;3;all;all;2000;TRUE;0,9119;0,8757;0,7865;0,8333;0,799;0,825;0,8345;0,8785;0,8915;0,8469;0,9081;0,9304;0,9082;0,9447;0,8276
sum;psi_4;4;4;all;all;2000;TRUE;0,884;0,9003;0,9663;0,9017;0,8467;0,8821;0,8887;0,912;0,9085;0,9003;0,8972;0,9137;0,9223;0,8356;0,919
sum;psi_4;5;5;all;all;2000;TRUE;0,9317;0,926;0,9663;0,9274;0,8844;0,9268;0,9044;0,9213;0,9176;0,9248;0,9346;0,9471;0,9233;0,9656;0,8975
sum;psi_4;6;6;all;all;2000;TRUE;0,884;0,9003;0,9663;0,9017;0,8467;0,8821;0,8887;0,912;0,9085;0,9003;0,8972;0,9137;0,9223;0,8356;0,919
sum;psi_5;2;2;all;all;2000;TRUE;0,9825;0,9827;0,8764;0,9573;0,995;0,9786;0,9444;0,9826;0,993;0,9755;0,9969;0,9965;0,9946;1;0,9532
sum;psi_5;3;3;all;all;1732;TRUE;0,9999;0,9975;0,9888;1;1;0,9982;1;1;1;0,993;1;0,9937;0,9998;1;0,9962
sum;psi_5;4;4;all;all;2000;TRUE;0,982;0,9827;0,8764;0,9573;0,995;0,9786;0,9444;0,9826;0,993;0,9755;0,9969;0,9965;0,9946;0,9996;0,953
sum;psi_5;5;5;all;all;2000;TRUE;0,9825;0,9827;0,8764;0,9573;0,995;0,9786;0,9444;0,9826;0,993;0,9755;0,9969;0,9965;0,9946;1;0,9532
sum;psi_5;6;6;all;all;1167;TRUE;0,9993;0,9982;0,9888;1;1;1;1;1;1;0,9948;1;0,9951;0,9996;1;0,9966
sum;psi_6;2;2;all;all;2000;TRUE;0,9186;0,9223;0,9888;0,9487;0,9121;0,8625;0,8688;0,897;0,9296;0,9134;0,9502;0,9582;0,9386;0,9087;0,9141
sum;psi_6;3;3;all;all;2000;TRUE;0,9222;0,9239;0,9888;0,9487;0,9121;0,8589;0,8745;0,9005;0,9367;0,9151;0,9502;0,9576;0,9384;0,9075;0,9234
sum;psi_6;4;4;all;all;2000;TRUE;0,9626;0,9683;0,9888;0,9701;0,9523;0,9321;0,9444;0,9421;0,9779;0,9694;0,9813;0,9937;0,9526;0,9996;0,9443
sum;psi_6;5;5;all;all;2000;TRUE;0,9177;0,9255;0,9888;0,9444;0,9121;0,8625;0,8745;0,897;0,9367;0,9195;0,9525;0,9617;0,9386;0,9052;0,9214
sum;psi_6;6;6;all;all;2000;TRUE;0,9634;0,9448;0,9888;0,9701;0,9422;0,9125;0,9173;0,9051;0,9467;0,9405;0,965;0,9729;0,9487;0,9696;0,9437
sum;psi_7;6;6;all;all;2000;TRUE;0,8285;0,7756;0,8315;0,8077;0,8241;0,8625;0,9087;0,8009;0,6844;0,7332;0,7298;0,7773;0,7089;0,9299;0,7659
sum;psi_7;7;7;all;all;2000;TRUE;0,7657;0,7948;0,8539;0,8974;0,8668;0,9179;0,903;0,8426;0,6623;0,9125;0,7017;0,7063;0,7008;0,8457;0,7948
sum;psi_7;8;8;all;all;2000;TRUE;0,8288;0,7914;0,8876;0,8462;0,8593;0,8857;0,9087;0,831;0,6824;0,8084;0,7227;0,7634;0,6938;0,9573;0,778
sum;psi_7;9;9;all;all;2000;TRUE;0,8159;0,8095;0,8539;0,8547;0,8291;0,875;0,9044;0,8333;0,7296;0,8373;0,7679;0,778;0,6803;0,9704;0,7869
sum;psi_7;10;10;all;all;2000;TRUE;0,7136;0,7007;0,8315;0,7436;0,6859;0,7179;0,8616;0,8009;0,592;0,7174;0,595;0,7008;0,6395;0,7959;0,6856
sum;psi_8;6;6;all;all;2000;TRUE;0,9954;0,9831;1;0,9744;0,9698;0,9446;0,9943;0,9884;0,9829;0,9939;0,9813;0,9868;0,9899;0,9943;0,9834
sum;psi_8;7;7;all;all;2000;TRUE;0,9916;0,9872;0,9888;0,9744;0,9447;0,9589;0,9914;0,9884;0,998;0,9965;0,9891;0,9923;0,9843;0,9959;0,9878
sum;psi_8;8;8;all;all;2000;TRUE;0,9925;0,9868;1;0,9444;0,9497;0,9286;0,99;0,9873;0,999;0,993;0,9992;0,9993;0,9834;0,9982;0,9872
sum;psi_8;9;9;all;all;2000;TRUE;0,9965;0,9901;1;0,9701;0,9698;0,9661;0,9943;0,9942;0,9879;0,9991;0,9938;0,9944;0,9883;1;0,9915
sum;psi_8;10;10;all;all;2000;TRUE;0,9958;0,992;1;0,9658;0,9623;0,9446;0,9971;0,9954;1;0,9983;1;1;0,9869;1;0,9947
sum;psi_9;2;2;all;all;979;TRUE;0,9999;0,9999;1;1;1;1;0,9986;1;1;1;1;1;1;1;0,9996
sum;psi_9;3;3;all;all;2000;TRUE;0,9984;0,999;1;1;1;0,9964;0,9971;0,9988;0,999;0,9991;0,9992;1;0,9988;1;0,9972
sum;psi_9;4;4;all;all;927;TRUE;0,9996;0,9999;1;1;1;1;1;1;1;1;0,9992;1;0,9992;1;1
sum;psi_9;5;5;all;all;2000;TRUE;0,9018;0,8846;0,9663;0,9615;0,9271;0,9071;0,883;0,8819;0,8603;0,9134;0,8481;0,8754;0,8098;0,9747;0,8945
sum;psi_10;2;2;all;all;2000;TRUE;0,9057;0,8971;0,9663;0,9786;0,9347;0,9214;0,9073;0,8889;0,8553;0,909;0,891;0,8845;0,8147;0,9796;0,9093
sum;psi_10;3;3;all;all;2000;TRUE;0,9057;0,8971;0,9663;0,9786;0,9347;0,9214;0,9073;0,8889;0,8553;0,909;0,891;0,8845;0,8147;0,9796;0,9093
sum;psi_10;4;4;all;all;2000;TRUE;0,9057;0,8971;0,9663;0,9786;0,9347;0,9214;0,9073;0,8889;0,8553;0,909;0,891;0,8845;0,8147;0,9796;0,9093
sum;psi_10;5;5;all;all;2000;TRUE;0,9056;0,8971;0,9663;0,9786;0,9347;0,9214;0,9073;0,8889;0,8553;0,909;0,891;0,8845;0,8147;0,9796;0,9091
sum;psi_11;2;2;all;all;2000;TRUE;0,972;0,9415;0,8427;0,8718;0,7965;0,8946;0,9387;0,9525;0,9467;0,972;0,9595;0,968;0,9725;0,9553;0,9417
sum;psi_11;3;3;all;all;2000;TRUE;0,9206;0,8177;0,8202;0,6966;0,7085;0,7607;0,8302;0,8611;0,8422;0,825;0,8287;0,8246;0,9511;0,8457;0,8084
sum;psi_11;4;4;all;all;2000;TRUE;0,9996;0,9916;1;1;1;0,9982;0,9914;0,9884;0,9879;0,986;0,993;0,9923;0,9998;0,9893;0,9974
sum;psi_11;5;5;all;all;2000;TRUE;0,9993;0,9949;1;0,9957;0,9849;0,9929;0,9986;0,9977;0,998;0,9948;0,9984;0,9896;0,9988;1;0,9925
sum;psi_11;6;6;all;all;1520;TRUE;0,9999;0,9927;1;0,9872;0,9523;0,9821;0,9986;1;0,995;0,9921;0,9992;0,9944;0,9992;0,9949;0,9947
sum;psi_12;2;2;all;all;2000;TRUE;0,9796;0,9491;0,9438;0,9402;0,9196;0,9375;0,9458;0,9537;0,9558;0,9414;0,9603;0,9541;0,9818;0,9484;0,9623
sum;psi_12;3;3;all;all;2000;TRUE;0,9376;0,9232;0,9326;0,9103;0,892;0,8964;0,8959;0,9306;0,9447;0,9073;0,9517;0,9248;0,9653;0,9257;0,8999
sum;psi_12;4;4;all;all;2000;TRUE;0,8623;0,9389;0,8427;0,8846;0,8543;0,8714;0,8987;0,9421;0,9588;0,944;0,9821;0,9645;0,958;0,8623;0,8835
sum;psi_12;5;5;all;all;2000;TRUE;0,9236;0,9363;0,8764;0,8632;0,8719;0,8839;0,8745;0,9491;0,9578;0,9423;0,9751;0,9582;0,9576;0,9623;0,8704
sum;psi_13;2;2;all;all;2000;TRUE;0,9612;0,9534;0,9888;0,9915;0,9623;0,9679;0,9472;0,9398;0,9508;0,9685;0,9478;0,9429;0,9265;0,9949;0,9502
sum;psi_13;3;3;all;all;2000;TRUE;0,8472;0,8385;0,9663;0,9615;0,9397;0,9321;0,8944;0,875;0,7869;0,8705;0,7578;0,7794;0,6647;0,9943;0,8689
sum;psi_13;4;4;all;all;2000;TRUE;0,9913;0,9905;1;0,9915;0,9874;0,9875;0,9715;0,9931;0,996;0,986;0,9953;0,9951;0,9933;1;0,9795
sum;psi_13;5;5;all;all;1489;TRUE;0,9996;0,9994;1;1;1;1;1;1;1;0,9983;0,9992;0,9986;0,9994;1;0,999
sum;psi_14;2;2;all;all;2000;TRUE;0,9293;0,8714;0,764;0,7821;0,8216;0,8429;0,8702;0,8519;0,8945;0,8766;0,8855;0,897;0,9834;0,8156;0,9008
sum;psi_14;3;3;all;all;2000;TRUE;0,9332;0,8723;0,764;0,7821;0,8241;0,8446;0,8702;0,853;0,8955;0,8775;0,8863;0,8977;0,9834;0,8226;0,901
sum;psi_14;4;4;all;all;2000;TRUE;0,9293;0,8714;0,764;0,7821;0,8216;0,8429;0,8702;0,8519;0,8945;0,8766;0,8855;0,897;0,9834;0,8156;0,9008
sum;psi_14;5;5;all;all;2000;TRUE;0,9989;0,9974;1;0,9957;0,9925;0,9964;0,9971;0,9977;0,997;0,9983;0,9992;0,9972;0,9978;0,998;0,9986
sum;psi_15;3;3;all;all;2000;TRUE;0,8455;0,8206;0,7978;0,7821;0,6985;0,7536;0,7903;0,8113;0,8281;0,8495;0,8559;0,849;0,8853;0,8133;0,8003
sum;psi_15;4;4;all;all;2000;TRUE;0,8561;0,8289;0,7865;0,765;0,7513;0,7875;0,816;0,8241;0,8382;0,8443;0,859;0,8434;0,9071;0,8129;0,8072
sum;psi_15;5;5;all;all;2000;TRUE;0,8849;0,8348;0,764;0,8162;0,7764;0,7857;0,8231;0,8194;0,8482;0,8416;0,8621;0,8532;0,9092;0,8457;0,8236
sum;psi_15;6;6;all;all;2000;TRUE;0,8601;0,8291;0,7528;0,7821;0,7312;0,7875;0,8003;0,8137;0,8683;0,8399;0,8559;0,8483;0,8977;0,8002;0,8353
sum;psi_15;7;7;all;all;2000;TRUE;0,8635;0,845;0,7865;0,859;0,7688;0,7946;0,8359;0,8368;0,8563;0,8504;0,8762;0,8566;0,9104;0,8153;0,8369
sum;psi_16;2;2;all;all;2000;TRUE;0,8743;0,9316;0,7416;0,8846;0,8618;0,8786;0,9258;0,934;0,9688;0,9038;0,9509;0,9715;0,9742;0,8933;0,843
sum;psi_16;3;3;all;all;2000;TRUE;0,977;0,867;0,9326;0,8846;0,8241;0,875;0,8773;0,8495;0,8754;0,8845;0,8302;0,8873;0,9893;0,8368;0,9374
sum;psi_16;4;4;all;all;2000;TRUE;0,9496;0,9226;0,8989;0,9274;0,8618;0,8964;0,9244;0,9028;0,9417;0,9291;0,9104;0,9541;0,9822;0,9397;0,886
sum;psi_16;5;5;all;all;2000;TRUE;0,9145;0,9683;0,9888;0,9744;0,9296;0,9571;0,98;0,9491;0,9608;0,9869;0,9587;0,9861;0,9867;0,8933;0,9457
sum;psi_16;6;6;all;all;2000;TRUE;0,9433;0,9552;0,9326;0,9573;0,8894;0,9179;0,9572;0,9387;0,9729;0,9703;0,9416;0,9861;0,9822;0,9721;0,8939
mean;psi_1;2;2;all;all;43;TRUE;1;1;1;1;1;1;1;1;1;1;1;1;1;1;1
mean;psi_1;3;3;all;all;81;TRUE;0,9996;1;1;1;1;1;1;1;1;1;1;1;0,9998;1;0,9996
mean;psi_1;4;4;all;all;42;TRUE;1;1;1;1;1;1;1;1;1;1;1;1;1;1;1
mean;psi_2;2;2;all;all;2000;TRUE;0,9981;0,9996;1;1;1;1;1;0,9988;1;0,9991;0,9992;1;0,9974;1;0,9992
mean;psi_2;3;3;all;all;2000;TRUE;0,9322;0,8716;0,6517;0,6966;0,8869;0,8804;0,8117;0,8576;0,9638;0,8171;0,9299;0,8713;0,9526;0,9468;0,8051
mean;psi_2;4;4;all;all;914;TRUE;0,9997;0,9997;1;1;1;0,9982;1;1;1;0,9991;1;1;1;1;0,9992
mean;psi_2;5;5;all;all;808;TRUE;0,9999;0,9999;1;1;1;1;1;1;1;0,9991;1;1;0,9998;1;0,9998
mean;psi_3;2;2;all;all;2000;TRUE;0,9814;0,9734;0,9438;0,9359;0,9849;0,9321;0,9501;0,9815;0,9899;0,9685;0,9907;0,9777;0,9836;1;0,9484
mean;psi_3;3;3;all;all;2000;TRUE;0,9814;0,9734;0,9438;0,9359;0,9849;0,9321;0,9501;0,9815;0,9899;0,9685;0,9907;0,9777;0,9836;1;0,9484
mean;psi_3;4;4;all;all;2000;TRUE;0,9814;0,9734;0,9438;0,9359;0,9849;0,9321;0,9501;0,9815;0,9899;0,9685;0,9907;0,9777;0,9836;1;0,9484
mean;psi_3;5;5;all;all;2000;TRUE;0,9917;0,9827;0,9888;0,953;0,9874;0,9429;0,9857;0,9884;0,9899;0,9886;0,9907;0,9798;0,9873;1;0,9741
mean;psi_3;6;6;all;all;2000;TRUE;0,9814;0,9734;0,9438;0,9359;0,9849;0,9321;0,9501;0,9815;0,9899;0,9685;0,9907;0,9777;0,9836;1;0,9484
mean;psi_4;2;2;all;all;2000;TRUE;0,8786;0,9323;0,9551;0,9316;0,8769;0,9089;0,9215;0,9433;0,9417;0,9344;0,9307;0,9471;0,9209;0,886;0,9107
mean;psi_4;3;3;all;all;2000;TRUE;0,8843;0,9018;0,9663;0,9103;0,8543;0,8893;0,8916;0,9132;0,9085;0,8994;0,8972;0,9137;0,9221;0,8376;0,9198
mean;psi_4;4;4;all;all;2000;TRUE;0,884;0,9003;0,9663;0,9017;0,8467;0,8821;0,8887;0,912;0,9085;0,9003;0,8972;0,9137;0,9223;0,8356;0,919
mean;psi_4;5;5;all;all;2000;TRUE;0,9941;0,9935;1;1;0,9799;0,9982;0,9971;0,9965;0,998;0,986;0,9945;0,9923;0,9931;1;0,9883
mean;psi_4;6;6;all;all;2000;TRUE;0,884;0,9003;0,9663;0,9017;0,8467;0,8821;0,8887;0,912;0,9085;0,9003;0,8972;0,9137;0,9223;0,8356;0,919
mean;psi_5;2;2;all;all;2000;TRUE;0,9825;0,9827;0,8764;0,9573;0,995;0,9786;0,9444;0,9826;0,993;0,9755;0,9969;0,9965;0,9946;1;0,9532
mean;psi_5;3;3;all;all;2000;TRUE;0,9825;0,9827;0,8764;0,9573;0,995;0,9786;0,9444;0,9826;0,993;0,9755;0,9969;0,9965;0,9946;1;0,9532
mean;psi_5;4;4;all;all;2000;TRUE;0,9825;0,9827;0,8764;0,9573;0,995;0,9786;0,9444;0,9826;0,993;0,9755;0,9969;0,9965;0,9946;1;0,9532
mean;psi_5;5;5;all;all;568;TRUE;1;1;1;1;1;1;1;1;1;1;1;1;1;1;1
mean;psi_5;6;6;all;all;1149;TRUE;0,9996;1;1;1;1;1;1;1;1;1;1;1;1;1;0,9994
mean;psi_6;2;2;all;all;2000;TRUE;0,9199;0,9407;0,9888;0,953;0,9171;0,8714;0,8987;0,9271;0,9558;0,9379;0,9642;0,9687;0,9386;0,9384;0,9145
mean;psi_6;3;3;all;all;2000;TRUE;0,9186;0,9223;0,9888;0,9487;0,9121;0,8625;0,8688;0,897;0,9296;0,9134;0,9502;0,9582;0,9386;0,9087;0,9141
mean;psi_6;4;4;all;all;2000;TRUE;0,9575;0,9528;0,9888;0,9872;0,9196;0,8929;0,923;0,934;0,9638;0,9563;0,972;0,9756;0,9405;0,9941;0,9307
mean;psi_6;5;5;all;all;2000;TRUE;0,9186;0,9223;0,9888;0,9487;0,9121;0,8625;0,8688;0,897;0,9296;0,9134;0,9502;0,9582;0,9386;0,9087;0,9141
mean;psi_6;6;6;all;all;2000;TRUE;0,9762;0,9585;0,9438;0,9658;0,9774;0,9018;0,9401;0,9514;0,9568;0,9361;0,9875;0,9812;0,9562;0,9826;0,9627
mean;psi_7;6;6;all;all;2000;TRUE;0,8221;0,7995;0,9551;0,9103;0,8241;0,8732;0,9572;0,8762;0,6392;0,937;0,6674;0,7328;0,6908;0,9913;0,7494
mean;psi_7;7;7;all;all;2000;TRUE;0,8571;0,8397;0,9551;0,9402;0,892;0,9375;0,9772;0,9097;0,7216;0,9633;0,7352;0,7314;0,6976;0,9927;0,854
mean;psi_7;8;8;all;all;2000;TRUE;0,9215;0,8448;0,9326;0,9444;0,8543;0,9536;0,9772;0,9109;0,5889;0,8915;0,8201;0,8358;0,8276;0,9907;0,8292
mean;psi_7;9;9;all;all;2000;TRUE;0,7569;0,7589;0,8989;0,7735;0,7538;0,8411;0,8545;0,8333;0,6533;0,8898;0,662;0,6813;0,6669;0,818;0,7885
mean;psi_7;10;10;all;all;2000;TRUE;0,9546;0,8732;0,9775;0,9444;0,9095;0,8982;0,8944;0,9155;0,802;0,9668;0,8396;0,8045;0,8627;0,9891;0,8878
mean;psi_8;6;6;all;all;2000;TRUE;0,9912;0,9822;0,9888;0,9487;0,9347;0,9321;0,99;0,9919;0,9889;0,9974;0,9875;0,9889;0,9782;1;0,9816
mean;psi_8;7;7;all;all;2000;TRUE;0,9949;0,9896;0,9888;0,9744;0,9573;0,9643;0,9929;0,9942;0,992;0,9983;0,9938;0,9944;0,9855;1;0,9911
mean;psi_8;8;8;all;all;2000;TRUE;0,9962;0,9907;0,9888;0,9744;0,9598;0,9679;0,9914;0,9942;1;0,9965;0,9938;0,9944;0,9849;1;0,9953
mean;psi_8;9;9;all;all;2000;TRUE;0,9946;0,9883;0,9888;0,9658;0,9447;0,9446;0,9914;0,9942;1;0,9991;0,9938;0,9944;0,9808;1;0,9935
mean;psi_8;10;10;all;all;2000;TRUE;0,996;0,992;0,9888;0,9701;0,9673;0,9732;0,9929;0,9942;1;1;0,9938;0,9944;0,9859;1;0,9959
mean;psi_9;2;2;all;all;2000;TRUE;0,714;0,7176;0,9663;0,9573;0,9146;0,875;0,8245;0,7199;0,6804;0,7017;0,6534;0,5894;0,3971;0,9642;0,7851
mean;psi_9;3;3;all;all;2000;TRUE;0,7362;0,7299;0,9551;0,953;0,907;0,8571;0,8217;0,735;0,6884;0,7209;0,6978;0,5978;0,4354;0,9623;0,8005
mean;psi_9;4;4;all;all;2000;TRUE;0,8209;0,7685;0,9213;0,9359;0,8467;0,825;0,796;0,7338;0,7508;0,7769;0,7181;0,746;0,6302;0,9267;0,8254
mean;psi_9;5;5;all;all;2000;TRUE;0,8568;0,8226;0,9438;0,9145;0,8593;0,8268;0,826;0,794;0,8161;0,8565;0,7718;0,8267;0,7309;0,9546;0,8325
mean;psi_10;2;2;all;all;2000;TRUE;0,9057;0,8971;0,9663;0,9786;0,9347;0,9214;0,9073;0,8889;0,8553;0,909;0,891;0,8845;0,8147;0,9796;0,9093
mean;psi_10;3;3;all;all;2000;TRUE;0,9057;0,8971;0,9663;0,9786;0,9347;0,9214;0,9073;0,8889;0,8553;0,909;0,891;0,8845;0,8147;0,9796;0,9093
mean;psi_10;4;4;all;all;2000;TRUE;0,9057;0,8971;0,9663;0,9786;0,9347;0,9214;0,9073;0,8889;0,8553;0,909;0,891;0,8845;0,8147;0,9796;0,9093
mean;psi_10;5;5;all;all;2000;TRUE;0,9057;0,8971;0,9663;0,9786;0,9347;0,9214;0,9073;0,8889;0,8553;0,909;0,891;0,8845;0,8147;0,9796;0,9093
mean;psi_11;2;2;all;all;2000;TRUE;0,7731;0,6231;0,5393;0,6239;0,5151;0,5161;0,602;0,5833;0,6352;0,6203;0,7009;0,6583;0,7295;0,7105;0,6508
mean;psi_11;3;3;all;all;2000;TRUE;0,6926;0,5474;0,6067;0,5684;0,5578;0,5554;0,582;0,5532;0,5497;0,5739;0,493;0,54;0,5135;0,7368;0,606
mean;psi_11;4;4;all;all;2000;TRUE;0,7445;0,7707;0,7528;0,6838;0,6106;0,6446;0,766;0,7894;0,796;0,776;0,8255;0,7996;0,9092;0,6392;0,7255
mean;psi_11;5;5;all;all;2000;TRUE;0,9562;0,8093;0,8315;0,7521;0,7261;0,7732;0,8231;0,8449;0,8472;0,7997;0,8372;0,7829;0,9788;0,7957;0,8706
mean;psi_11;6;6;all;all;2000;TRUE;0,809;0,8568;0,809;0,8162;0,7085;0,7036;0,8502;0,8924;0,9367;0,8329;0,905;0,8699;0,9661;0,8326;0,7016
mean;psi_12;2;2;all;all;2000;TRUE;0,8226;0,7245;0,6517;0,6282;0,6759;0,6786;0,7133;0,7326;0,6955;0,7358;0,7181;0,7933;0,9253;0,6548;0,7387
mean;psi_12;3;3;all;all;2000;TRUE;0,8272;0,6596;0,5955;0,5043;0,5452;0,5804;0,5949;0,6424;0,6955;0,6649;0,7157;0,714;0,8698;0,6732;0,6836
mean;psi_12;4;4;all;all;2000;TRUE;0,8336;0,7518;0,6966;0,6538;0,6658;0,7036;0,7361;0,7373;0,7196;0,783;0,7531;0,8267;0,9326;0,7254;0,7187
mean;psi_12;5;5;all;all;2000;TRUE;0,8829;0,789;0,7753;0,6752;0,6859;0,7643;0,7418;0,7581;0,803;0,8101;0,8333;0,8219;0,9356;0,7734;0,797
mean;psi_13;2;2;all;all;913;TRUE;1;1;1;1;1;1;1;1;1;1;1;1;1;1;1
mean;psi_13;3;3;all;all;2000;TRUE;0,998;0,9977;1;0,9957;1;1;0,9986;1;0,999;0,9974;0,9969;0,9944;0,9946;1;0,9988
mean;psi_13;4;4;all;all;2000;TRUE;0,5557;0,4558;0,573;0,4872;0,4246;0,3875;0,475;0,4132;0,4613;0,4646;0,4938;0,4502;0,4364;0,5866;0,4916
mean;psi_13;5;5;all;all;931;TRUE;0,9999;1;1;1;1;1;1;1;1;1;1;1;1;1;0,9998
mean;psi_14;2;2;all;all;2000;TRUE;0,9293;0,8714;0,764;0,7821;0,8216;0,8429;0,8702;0,8519;0,8945;0,8766;0,8855;0,897;0,9834;0,8156;0,9008
mean;psi_14;3;3;all;all;2000;TRUE;0,9293;0,8714;0,764;0,7821;0,8216;0,8429;0,8702;0,8519;0,8945;0,8766;0,8855;0,897;0,9834;0,8156;0,9008
mean;psi_14;4;4;all;all;1770;TRUE;0,9996;0,9669;0,9663;0,9658;0,9673;0,9679;0,9672;0,9676;0,9668;0,9668;0,9665;0,9666;0,9998;0,9496;0,9996
mean;psi_14;5;5;all;all;2000;TRUE;0,9983;0,9992;1;0,9957;1;1;1;0,9977;1;0,9983;0,9992;1;1;1;0,9962
mean;psi_15;3;3;all;all;2000;TRUE;0,8297;0,7359;0,7978;0,7436;0,7864;0,7357;0,7461;0,7396;0,6915;0,7629;0,7025;0,7488;0,7634;0,8631;0,7197
mean;psi_15;4;4;all;all;2000;TRUE;0,5061;0,4897;0,7753;0,7436;0,6206;0,6339;0,5264;0,4977;0,4161;0,5424;0,4089;0,3967;0,1508;0,7959;0,5455
mean;psi_15;5;5;all;all;2000;TRUE;0,8719;0,7533;0,6742;0,7137;0,6709;0,675;0,7575;0,7465;0,7286;0,7865;0,7632;0,8017;0,8821;0,8261;0,727
mean;psi_15;6;6;all;all;2000;TRUE;0,9634;0,9491;0,9775;0,9444;0,9271;0,9286;0,9372;0,9479;0,9558;0,9501;0,9626;0,9513;0,9425;0,9927;0,9332
mean;psi_15;7;7;all;all;2000;TRUE;0,8196;0,8188;0,7753;0,7393;0,701;0,7143;0,796;0,7685;0,8653;0,8661;0,8396;0,8608;0,8656;0,8589;0,7332
mean;psi_16;2;2;all;all;2000;TRUE;0,7791;0,7529;0,5393;0,6325;0,7035;0,7464;0,7076;0,7639;0,8291;0,6763;0,7975;0,7857;0,9631;0,5957;0,7391
mean;psi_16;3;3;all;all;2000;TRUE;0,9562;0,8654;0,8202;0,8419;0,8015;0,8393;0,8602;0,8727;0,8744;0,8661;0,8707;0,8866;0,9806;0,8447;0,9052
mean;psi_16;4;4;all;all;2000;TRUE;0,9624;0,9602;0,9213;0,9615;0,8844;0,9143;0,9486;0,9711;0,9709;0,9633;0,9743;0,9777;0,9849;0,983;0,9159
mean;psi_16;5;5;all;all;2000;TRUE;0,9862;0,963;0,9888;0,9658;0,9322;0,975;0,9715;0,941;0,9688;0,9764;0,9517;0,9694;0,9911;0,9678;0,9644
mean;psi_16;6;6;all;all;2000;TRUE;0,9944;0,9791;0,9663;0,9872;0,9623;0,9875;0,9886;0,9711;0,9799;0,993;0,9634;0,9826;0,9945;0,982;0,9834
