aggregation;formula;dimension;layers;train_source;train_size_range;test_source;test_size_range;num_epochs;has_progress_log;final_train_acc;final_test_acc;acc_size_1-10;acc_size_11-20;acc_size_21-30;acc_size_31-40;acc_size_41-50;acc_size_51-60;acc_size_61-70;acc_size_71-80;acc_size_81-90;acc_size_91-100;acc_set_RG;acc_set_CG;acc_set_HC
max;psi_1;2;2;RG;1-50;RG;51-100;219;TRUE;1;1;;;;;;1;1;1;1;1;1;1;1
max;psi_1;2;2;RG;1-50;RG;51-100;782;TRUE;0,9908;1;;;;;;1;1;1;1;1;0,9976;1;0,9931
max;psi_1;3;3;RG;1-50;RG;51-100;486;TRUE;1;1;;;;;;1;1;1;1;1;1;1;1
max;psi_1;4;4;RG;1-50;RG;51-100;1617;TRUE;0,9969;1;;;;;;1;1;1;1;1;0,9992;1;0,9957
max;psi_2;2;2;RG;1-50;RG;51-100;2000;TRUE;0,9497;0,996;;;;;;0,9928;0,9969;0,9892;0,9988;1;0,9839;1;0,9297
max;psi_2;3;3;RG;1-50;RG;51-100;2000;TRUE;0,9878;0,9992;;;;;;0,9964;1;1;0,9988;1;0,9962;1;0,9923
max;psi_2;4;4;RG;1-50;RG;51-100;2000;TRUE;0,7849;0,977;;;;;;0,9404;0,9815;0,969;0,9976;0,9831;0,9271;0,6137;0,6875
max;psi_2;5;5;RG;1-50;RG;51-100;1845;TRUE;0,9947;1;;;;;;1;1;1;1;1;0,9986;1;0,999
max;psi_3;2;2;RG;1-50;RG;51-100;2000;TRUE;0,9405;0,9987;;;;;;0,991;1;1;1;1;0,9836;1;0,9484
max;psi_3;3;3;RG;1-50;RG;51-100;2000;TRUE;0,9405;0,9987;;;;;;0,991;1;1;1;1;0,9836;1;0,9484
max;psi_3;4;4;RG;1-50;RG;51-100;2000;TRUE;0,9641;0,9989;;;;;;0,9928;1;1;1;1;0,9899;1;0,9822
max;psi_3;5;5;RG;1-50;RG;51-100;2000;TRUE;0,9405;0,9987;;;;;;0,991;1;1;1;1;0,9836;1;0,9484
max;psi_3;6;6;RG;1-50;RG;51-100;1283;TRUE;0,9924;1;;;;;;1;1;1;1;1;0,998;1;0,9891
max;psi_4;2;2;RG;1-50;RG;51-100;2000;TRUE;0,8802;0,9357;;;;;;0,917;0,9045;0,9313;0,9444;0,964;0,9213;0,785;0,9064
max;psi_4;3;3;RG;1-50;RG;51-100;2000;TRUE;0,8772;0,9357;;;;;;0,917;0,9045;0,9313;0,9444;0,964;0,9205;0,8356;0,902
max;psi_4;4;4;RG;1-50;RG;51-100;2000;TRUE;0,9809;0,9759;;;;;;0,9368;0,9723;0,965;1;0,9883;0,9772;0,7003;0,9615
max;psi_4;5;5;RG;1-50;RG;51-100;2000;TRUE;0,8841;0,9357;;;;;;0,917;0,9045;0,9313;0,9444;0,964;0,9223;0,8356;0,919
max;psi_4;6;6;RG;1-50;RG;51-100;2000;TRUE;0,9931;0,9831;;;;;;0,9747;0,9753;0,9677;0,9965;0,9936;0,9857;0,9994;0,9791
max;psi_5;2;2;RG;1-50;RG;51-100;2000;TRUE;0,9794;1;;;;;;1;1;1;1;1;0,9946;1;0,9532
max;psi_5;3;3;RG;1-50;RG;51-100;2000;TRUE;0,9794;1;;;;;;1;1;1;1;1;0,9946;1;0,9532
max;psi_5;4;4;RG;1-50;RG;51-100;2000;TRUE;0,9794;1;;;;;;1;1;1;1;1;0,9946;1;0,9532
max;psi_5;5;5;RG;1-50;RG;51-100;2000;TRUE;0,9786;1;;;;;;1;1;1;1;1;0,9945;0,9935;0,9516
max;psi_5;6;6;RG;1-50;RG;51-100;2000;TRUE;0,9794;1;;;;;;1;1;1;1;1;0,9946;1;0,9532
max;psi_6;2;2;RG;1-50;RG;51-100;2000;TRUE;0,8635;0,9649;;;;;;0,8773;0,9461;0,9879;0,9929;0,9862;0,9386;0,9087;0,9141
max;psi_6;3;3;RG;1-50;RG;51-100;2000;TRUE;0,8635;0,9649;;;;;;0,8773;0,9461;0,9879;0,9929;0,9862;0,9386;0,9087;0,9141
max;psi_6;4;4;RG;1-50;RG;51-100;2000;TRUE;0,8635;0,9649;;;;;;0,8773;0,9461;0,9879;0,9929;0,9862;0,9386;0,9087;0,9141
max;psi_6;5;5;RG;1-50;RG;51-100;2000;TRUE;0,8635;0,9649;;;;;;0,8773;0,9461;0,9879;0,9929;0,9862;0,9386;0,9087;0,9141
max;psi_6;6;6;RG;1-50;RG;51-100;1814;TRUE;0,9931;1;;;;;;1;1;1;1;1;0,9982;1;0,9957
max;psi_7;6;6;RG;1-50;RG;51-100;2000;TRUE;0,9207;0,6059;;;;;;1;0,6918;0,7102;0,1998;0,5975;0,6877;0,4732;0,6848
max;psi_7;7;7;RG;1-50;RG;51-100;2000;TRUE;0,9619;0,6059;;;;;;1;0,6918;0,7102;0,1998;0,5975;0,6984;0,314;0,6905
max;psi_7;8;8;RG;1-50;RG;51-100;2000;TRUE;0,9718;0,6059;;;;;;1;0,6918;0,7102;0,1998;0,5975;0,701;0,314;0,7474
max;psi_7;9;9;RG;1-50;RG;51-100;2000;TRUE;0,9252;0,6059;;;;;;1;0,6918;0,7102;0,1998;0,5975;0,6889;0,314;0,6931
max;psi_7;10;10;RG;1-50;RG;51-100;2000;TRUE;0,9382;0,6059;;;;;;1;0,6918;0,7102;0,1998;0,5975;0,6922;0,314;0,6423
max;psi_8;6;6;RG;1-50;RG;51-100;2000;TRUE;0,9153;1;;;;;;1;1;1;1;1;0,978;1;0,9251
max;psi_8;7;7;RG;1-50;RG;51-100;2000;TRUE;0,9619;1;;;;;;1;1;1;1;1;0,9901;1;0,9558
max;psi_8;8;8;RG;1-50;RG;51-100;2000;TRUE;0,9626;1;;;;;;1;1;1;1;1;0,9903;1;0,9816
max;psi_8;9;9;RG;1-50;RG;51-100;819;TRUE;0,942;1;;;;;;1;1;1;1;1;0,9849;1;0,9567
max;psi_8;10;10;RG;1-50;RG;51-100;459;TRUE;0,9954;1;;;;;;1;1;1;1;1;0,9988;1;0,9947
max;psi_9;2;2;RG;1-50;RG;51-100;2000;TRUE;0,7521;0,2726;;;;;;0,4224;0,3405;0,2466;0,2766;0,1547;0,3971;0,9642;0,7851
max;psi_9;3;3;RG;1-50;RG;51-100;2000;TRUE;0,7521;0,2726;;;;;;0,4224;0,3405;0,2466;0,2766;0,1547;0,3971;0,9642;0,7851
max;psi_9;4;4;RG;1-50;RG;51-100;2000;TRUE;0,7521;0,2726;;;;;;0,4224;0,3405;0,2466;0,2766;0,1547;0,3971;0,9642;0,7851
max;psi_9;5;5;RG;1-50;RG;51-100;2000;TRUE;0,7521;0,2726;;;;;;0,4224;0,3405;0,2466;0,2766;0,1547;0,3971;0,9642;0,7851
max;psi_10;2;2;RG;1-50;RG;51-100;2000;TRUE;0,8535;0,8011;;;;;;0,7419;0,7874;0,7965;0,7908;0,8581;0,8147;0,9796;0,9093
max;psi_10;3;3;RG;1-50;RG;51-100;2000;TRUE;0,8535;0,8011;;;;;;0,7419;0,7874;0,7965;0,7908;0,8581;0,8147;0,9796;0,9093
max;psi_10;4;4;RG;1-50;RG;51-100;2000;TRUE;0,8535;0,8011;;;;;;0,7419;0,7874;0,7965;0,7908;0,8581;0,8147;0,9796;0,9093
max;psi_10;5;5;RG;1-50;RG;51-100;2000;TRUE;0,8535;0,8011;;;;;;0,7419;0,7874;0,7965;0,7908;0,8581;0,8147;0,9796;0,9093
max;psi_11;2;2;RG;1-50;RG;51-100;2000;TRUE;0,8612;0,9898;;;;;;0,9585;0,9908;0,9919;0,9976;0,9989;0,9564;0,1836;0,7636
max;psi_11;3;3;RG;1-50;RG;51-100;2000;TRUE;0,897;1;;;;;;1;1;1;1;1;0,9732;0,3596;0,7513
max;psi_11;4;4;RG;1-50;RG;51-100;2000;TRUE;0,8986;1;;;;;;1;1;1;1;1;0,9736;0,3521;0,7393
max;psi_11;5;5;RG;1-50;RG;51-100;2000;TRUE;0,8833;0,9997;;;;;;1;1;0,9987;1;1;0,9695;0,7038;0,7187
max;psi_11;6;6;RG;1-50;RG;51-100;2000;TRUE;0,881;0,9997;;;;;;1;1;0,9987;1;1;0,9689;0,6973;0,7182
max;psi_12;2;2;RG;1-50;RG;51-100;2000;TRUE;0,3005;0,0214;;;;;;0,0596;0,0339;0,0135;0,0059;0,0106;0,0939;0,7062;0,5145
max;psi_12;3;3;RG;1-50;RG;51-100;2000;TRUE;0,8452;0,9735;;;;;;0,9404;0,9492;0,9811;0,987;0,9915;0,9402;0,7354;0,8163
max;psi_12;4;4;RG;1-50;RG;51-100;2000;TRUE;0,8863;0,9858;;;;;;0,9675;0,9692;0,9879;0,9976;0,9958;0,96;0,6926;0,8246
max;psi_12;5;5;RG;1-50;RG;51-100;2000;TRUE;0,8902;0,9855;;;;;;0,9639;0,9676;0,9906;0,9976;0,9958;0,9608;0,773;0,8394
max;psi_13;2;2;RG;1-50;RG;51-100;2000;TRUE;0,8024;0,6471;;;;;;0,6751;0,6872;0,6739;0,5957;0,6282;0,6875;0,9982;0,8523
max;psi_13;3;3;RG;1-50;RG;51-100;2000;TRUE;0,7941;0,6685;;;;;;0,7094;0,698;0,6779;0,6206;0,66;0,7011;0,999;0,8396
max;psi_13;4;4;RG;1-50;RG;51-100;2000;TRUE;0,8413;0,7304;;;;;;0,7653;0,7427;0,7574;0,7009;0,7066;0,7592;0,9982;0,8637
max;psi_13;5;5;RG;1-50;RG;51-100;2000;TRUE;0,8886;0,7459;;;;;;0,7762;0,7781;0,7655;0,7258;0,7087;0,783;0,9949;0,8756
max;psi_14;2;2;RG;1-50;RG;51-100;2000;TRUE;0,9458;0,9965;;;;;;0,9874;0,9954;0,9973;1;0,9989;0,9834;0,8156;0,9008
max;psi_14;3;3;RG;1-50;RG;51-100;2000;TRUE;0,9458;0,9965;;;;;;0,9874;0,9954;0,9973;1;0,9989;0,9834;0,8156;0,9008
max;psi_14;4;4;RG;1-50;RG;51-100;2000;TRUE;0,9458;0,9965;;;;;;0,9874;0,9954;0,9973;1;0,9989;0,9834;0,8156;0,9008
max;psi_14;5;5;RG;1-50;RG;51-100;2000;TRUE;0,984;1;;;;;;1;1;1;1;1;0,9958;0,998;0,9722
max;psi_15;3;3;RG;1-50;RG;51-100;2000;TRUE;0,7346;0,9084;;;;;;0,8394;0,8829;0,9057;0,9468;0,9343;0,8633;0,5793;0,6925
max;psi_15;4;4;RG;1-50;RG;51-100;947;TRUE;0,9985;0,9981;;;;;;0,9982;1;0,9973;0,9976;0,9979;0,9982;1;0,9897
max;psi_15;5;5;RG;1-50;RG;51-100;2000;TRUE;0,3844;0,0688;;;;;;0,1606;0,074;0,0674;0,0355;0,0424;0,1508;0,7959;0,5455
max;psi_15;6;6;RG;1-50;RG;51-100;2000;TRUE;0,9779;0,9703;;;;;;0,9585;0,963;0,9623;0,9787;0,9809;0,9723;0,9939;0,9658
max;psi_15;7;7;RG;1-50;RG;51-100;2000;TRUE;0,9977;0,9968;;;;;;0,9964;0,9969;0,996;0,9976;0,9968;0,997;1;0,983
max;psi_16;2;2;RG;1-50;RG;51-100;2000;TRUE;0,8703;0,9957;;;;;;0,9856;0,9985;0,9987;1;0,9936;0,9631;0,5957;0,7391
max;psi_16;3;3;RG;1-50;RG;51-100;2000;TRUE;0,8696;0,9957;;;;;;0,9856;0,9985;0,9987;1;0,9936;0,9629;0,5957;0,7389
max;psi_16;4;4;RG;1-50;RG;51-100;2000;TRUE;0,8703;0,9957;;;;;;0,9856;0,9985;0,9987;1;0,9936;0,9631;0,5957;0,7391
max;psi_16;5;5;RG;1-50;RG;51-100;2000;TRUE;0,8703;0,9957;;;;;;0,9856;0,9985;0,9987;1;0,9936;0,9631;0,5957;0,7391
max;psi_16;6;6;RG;1-50;RG;51-100;2000;TRUE;0,9458;0,9979;;;;;;0,9892;0,9985;0,9987;1;1;0,9843;0,8123;0,8746
sum;psi_1;2;2;RG;1-50;RG;51-100;2000;TRUE;0,5095;0,4967;;;;;;0,4838;0,5254;0,5202;0,4823;0,4788;0,5;0,3505;0,4963
sum;psi_1;3;3;RG;1-50;RG;51-100;2000;TRUE;0,9703;0,9274;;;;;;0,9422;0,9615;0,9555;0,9031;0,8951;0,9386;0,8591;0,9631
sum;psi_1;4;4;RG;1-50;RG;51-100;1743;TRUE;0,9992;0,819;;;;;;0,9964;0,9692;0,8747;0,753;0,6271;0,8658;0,9899;0,9848
sum;psi_2;2;2;RG;1-50;RG;51-100;2000;TRUE;0,9962;0,9989;;;;;;0,9982;0,9985;0,9973;1;1;0,9982;0,8666;0,9704
sum;psi_2;3;3;RG;1-50;RG;51-100;2000;TRUE;0,8505;0,9794;;;;;;0,944;0,9815;0,9704;0,9976;0,9894;0,9459;0,3817;0,8333
sum;psi_2;4;4;RG;1-50;RG;51-100;1136;TRUE;0,9992;0,9888;;;;;;0,9856;0,9923;0,9757;0,9976;0,9905;0,9915;0,8945;0,9706
sum;psi_2;5;5;RG;1-50;RG;51-100;1543;TRUE;0,9756;0,9874;;;;;;0,9747;0,9908;0,9784;0,9976;0,9905;0,9843;0,8961;0,9313
sum;psi_3;2;2;RG;1-50;RG;51-100;2000;TRUE;0,9405;0,9987;;;;;;0,991;1;1;1;1;0,9836;1;0,9484
sum;psi_3;3;3;RG;1-50;RG;51-100;2000;TRUE;0,9405;0,9987;;;;;;0,991;1;1;1;1;0,9836;0,9889;0,9516
sum;psi_3;4;4;RG;1-50;RG;51-100;2000;TRUE;0,9405;0,9987;;;;;;0,991;1;1;1;1;0,9836;1;0,9484
sum;psi_3;5;5;RG;1-50;RG;51-100;2000;TRUE;0,9405;0,9987;;;;;;0,991;1;1;1;1;0,9836;1;0,9484
sum;psi_3;6;6;RG;1-50;RG;51-100;2000;TRUE;0,9886;0,9989;;;;;;0,9928;1;1;1;1;0,9962;1;0,9915
sum;psi_4;2;2;RG;1-50;RG;51-100;2000;TRUE;0,8802;0,936;;;;;;0,9206;0,9045;0,9299;0,9444;0,964;0,9215;0,8245;0,9042
sum;psi_4;3;3;RG;1-50;RG;51-100;2000;TRUE;0,8764;0,9357;;;;;;0,917;0,9045;0,9313;0,9444;0,964;0,9203;0,8356;0,9028
sum;psi_4;4;4;RG;1-50;RG;51-100;2000;TRUE;0,8856;0,936;;;;;;0,9188;0,9045;0,9313;0,9444;0,964;0,9229;0,8141;0,8872
sum;psi_4;5;5;RG;1-50;RG;51-100;2000;TRUE;0,8825;0,9365;;;;;;0,9188;0,906;0,9313;0,9444;0,965;0,9225;0,8251;0,8931
sum;psi_4;6;6;RG;1-50;RG;51-100;2000;TRUE;0,8841;0,936;;;;;;0,917;0,9045;0,9313;0,9444;0,965;0,9225;0,8356;0,919
sum;psi_5;2;2;RG;1-50;RG;51-100;2000;TRUE;0,9794;1;;;;;;1;1;1;1;1;0,9946;1;0,9532
sum;psi_5;3;3;RG;1-50;RG;51-100;2000;TRUE;0,9786;1;;;;;;1;1;1;1;1;0,9945;0,9391;0,9404
sum;psi_5;4;4;RG;1-50;RG;51-100;2000;TRUE;0,9794;1;;;;;;1;1;1;1;1;0,9946;0,9992;0,9532
sum;psi_5;5;5;RG;1-50;RG;51-100;2000;TRUE;0,9771;1;;;;;;1;1;1;1;1;0,9941;0,9895;0,9066
sum;psi_5;6;6;RG;1-50;RG;51-100;998;TRUE;0,9794;1;;;;;;1;1;1;1;1;0,9946;1;0,9536
sum;psi_6;2;2;RG;1-50;RG;51-100;2000;TRUE;0,8635;0,9649;;;;;;0,8773;0,9461;0,9879;0,9929;0,9862;0,9386;0,5418;0,9125
sum;psi_6;3;3;RG;1-50;RG;51-100;2000;TRUE;0,8772;0,9657;;;;;;0,8917;0,9476;0,9852;0,9894;0,9852;0,9427;0,9085;0,9151
sum;psi_6;4;4;RG;1-50;RG;51-100;2000;TRUE;0,8963;0,9681;;;;;;0,9007;0,9445;0,9879;0,9929;0,9862;0,9495;0,9605;0,9281
sum;psi_6;5;5;RG;1-50;RG;51-100;2000;TRUE;0,8398;0,9652;;;;;;0,8791;0,9461;0,9879;0,9929;0,9862;0,9326;0,8439;0,8965
sum;psi_6;6;6;RG;1-50;RG;51-100;2000;TRUE;0,8635;0,9649;;;;;;0,8773;0,9461;0,9879;0,9929;0,9862;0,9386;0,9046;0,9143
sum;psi_7;6;6;RG;1-50;RG;51-100;2000;TRUE;0,6423;0,653;;;;;;0,9675;0,6826;0,6644;0,5236;0,5551;0,6502;0,6874;0,6105
sum;psi_7;7;7;RG;1-50;RG;51-100;2000;TRUE;0,9069;0,6062;;;;;;1;0,6918;0,7116;0,1998;0,5975;0,6843;0,8538;0,6923
sum;psi_7;8;8;RG;1-50;RG;51-100;2000;TRUE;0,807;0,6718;;;;;;0,9747;0,6872;0,7116;0,4019;0,6939;0,7069;0,7127;0,6235
sum;psi_7;9;9;RG;1-50;RG;51-100;2000;TRUE;0,9603;0,6059;;;;;;1;0,6918;0,7116;0,1998;0,5964;0,698;0,314;0,6727
sum;psi_7;10;10;RG;1-50;RG;51-100;2000;TRUE;0,9436;0,6062;;;;;;1;0,6918;0,7116;0,1998;0,5975;0,6938;0,7552;0,6842
sum;psi_8;6;6;RG;1-50;RG;51-100;2000;TRUE;0,8574;0,9971;;;;;;0,9801;1;1;1;1;0,9608;0,9998;0,8681
sum;psi_8;7;7;RG;1-50;RG;51-100;2000;TRUE;0,939;0,9984;;;;;;0,9892;1;1;1;1;0,983;0,9492;0,9481
sum;psi_8;8;8;RG;1-50;RG;51-100;2000;TRUE;0,9962;0,9973;;;;;;0,9819;1;1;1;1;0,997;0,9757;0,9538
sum;psi_8;9;9;RG;1-50;RG;51-100;2000;TRUE;0,9245;0,9981;;;;;;0,9874;1;1;1;1;0,979;0,947;0,9504
sum;psi_8;10;10;RG;1-50;RG;51-100;820;TRUE;0,9786;0,9981;;;;;;0,9874;1;1;1;1;0,9931;0,9518;0,9834
sum;psi_9;2;2;RG;1-50;RG;51-100;2000;TRUE;0,9634;0,9534;;;;;;0,9874;0,9676;0,9636;0,9267;0,9396;0,956;0,9822;0,9536
sum;psi_9;3;3;RG;1-50;RG;51-100;2000;TRUE;0,7521;0,2795;;;;;;0,4224;0,3405;0,2466;0,2943;0,1663;0,4023;0,9642;0,7883
sum;psi_9;4;4;RG;1-50;RG;51-100;2000;TRUE;0,7521;0,2726;;;;;;0,4224;0,3405;0,2466;0,2766;0,1547;0,3971;0,9642;0,7851
sum;psi_9;5;5;RG;1-50;RG;51-100;2000;TRUE;0,8177;0,7971;;;;;;0,7419;0,7735;0,7776;0,7754;0,8803;0,8024;0,9617;0,873
sum;psi_10;2;2;RG;1-50;RG;51-100;2000;TRUE;0,8535;0,8011;;;;;;0,7419;0,7874;0,7965;0,7908;0,8581;0,8147;0,969;0,9068
sum;psi_10;3;3;RG;1-50;RG;51-100;2000;TRUE;0,8253;0,8011;;;;;;0,7419;0,7874;0,7965;0,7908;0,8581;0,8074;0,9374;0,8463
sum;psi_10;4;4;RG;1-50;RG;51-100;2000;TRUE;0,8535;0,7845;;;;;;0,7419;0,7874;0,7965;0,7884;0,7945;0,8024;0,9704;0,9044
sum;psi_10;5;5;RG;1-50;RG;51-100;2000;TRUE;0,6964;0,8011;;;;;;0,7419;0,7874;0,7965;0,7908;0,8581;0,7739;0,6507;0,5254
sum;psi_11;2;2;RG;1-50;RG;51-100;2000;TRUE;0,9413;0,9997;;;;;;0,9982;1;1;1;1;0,9845;0,8552;0,9259
sum;psi_11;3;3;RG;1-50;RG;51-100;2000;TRUE;0,9359;1;;;;;;1;1;1;1;1;0,9834;0,3446;0,8084
sum;psi_11;4;4;RG;1-50;RG;51-100;2000;TRUE;0,2113;0,0024;;;;;;0,0036;0;0,0013;0;0,0064;0,0567;0,3069;0,4979
sum;psi_11;5;5;RG;1-50;RG;51-100;2000;TRUE;0,9306;1;;;;;;1;1;1;1;1;0,982;0,7216;0,9161
sum;psi_11;6;6;RG;1-50;RG;51-100;1594;TRUE;0,8619;0,9997;;;;;;0,9982;1;1;1;1;0,9639;0,3606;0,843
sum;psi_12;2;2;RG;1-50;RG;51-100;2000;TRUE;0,9519;0,9922;;;;;;0,9874;0,9861;0,9919;0,9976;0,9947;0,9818;0,8996;0,9532
sum;psi_12;3;3;RG;1-50;RG;51-100;2000;TRUE;0,9275;0,9877;;;;;;0,9783;0,9753;0,9919;0,9941;0,9926;0,9721;0,9012;0,9415
sum;psi_12;4;4;RG;1-50;RG;51-100;2000;TRUE;0,9443;0,989;;;;;;0,9838;0,9738;0,9892;0,9976;0,9947;0,9774;0,9461;0,9467
sum;psi_12;5;5;RG;1-50;RG;51-100;2000;TRUE;0,8665;0,9866;;;;;;0,9729;0,9707;0,9892;0,9941;0,9968;0,9554;0,7856;0,8872
sum;psi_13;2;2;RG;1-50;RG;51-100;2000;TRUE;0,8154;0,7622;;;;;;0,8231;0,7966;0,7817;0,7092;0,7352;0,7761;0,9413;0,8294
sum;psi_13;3;3;RG;1-50;RG;51-100;2000;TRUE;0,7818;0,7108;;;;;;0,7834;0,7149;0,7305;0,6844;0,6737;0,7293;0,7192;0,792
sum;psi_13;4;4;RG;1-50;RG;51-100;1833;TRUE;1;0,849;;;;;;0,9874;0,9599;0,8881;0,8215;0,6854;0,8882;0,999;0,9757
sum;psi_13;5;5;RG;1-50;RG;51-100;2000;TRUE;0,9863;0,8493;;;;;;0,9404;0,9076;0,8868;0,8014;0,7691;0,8849;0,8949;0,9255
sum;psi_14;2;2;RG;1-50;RG;51-100;2000;TRUE;0,9565;0,9979;;;;;;0,991;0,9969;0,9987;1;1;0,9871;0,8261;0,9054
sum;psi_14;3;3;RG;1-50;RG;51-100;2000;TRUE;0,9184;0,9965;;;;;;0,9874;0,9954;0,9973;1;0,9989;0,9762;0,8236;0,857
sum;psi_14;4;4;RG;1-50;RG;51-100;2000;TRUE;0,9458;0,9965;;;;;;0,9874;0,9954;0,9973;1;0,9989;0,9834;0,8156;0,9008
sum;psi_14;5;5;RG;1-50;RG;51-100;2000;TRUE;0,9458;0,9965;;;;;;0,9874;0,9954;0,9973;1;0,9989;0,9834;0,8156;0,9008
sum;psi_15;3;3;RG;1-50;RG;51-100;2000;TRUE;0,8513;0,9438;;;;;;0,8899;0,9245;0,9407;0,9669;0,9703;0,9197;0,8336;0,8361
sum;psi_15;4;4;RG;1-50;RG;51-100;2000;TRUE;0,8345;0,9408;;;;;;0,8664;0,9307;0,9394;0,9657;0,9703;0,9132;0,7785;0,8305
sum;psi_15;5;5;RG;1-50;RG;51-100;2000;TRUE;0,8535;0,9422;;;;;;0,8664;0,9322;0,9434;0,9681;0,9693;0,9191;0,7925;0,8343
sum;psi_15;6;6;RG;1-50;RG;51-100;2000;TRUE;0,8291;0,9416;;;;;;0,8664;0,926;0,942;0,9704;0,9703;0,9124;0,7787;0,8242
sum;psi_15;7;7;RG;1-50;RG;51-100;2000;TRUE;0,8268;0,9406;;;;;;0,8682;0,9307;0,938;0,9657;0,9693;0,911;0,7882;0,8134
sum;psi_16;2;2;RG;1-50;RG;51-100;2000;TRUE;0,9382;0,9981;;;;;;0,9946;0,9985;0,9987;0,9976;1;0,9826;0,8935;0,8615
sum;psi_16;3;3;RG;1-50;RG;51-100;2000;TRUE;0,9367;0,9979;;;;;;0,9892;0,9985;0,9987;1;1;0,982;0,7412;0,8406
sum;psi_16;4;4;RG;1-50;RG;51-100;2000;TRUE;0,9542;0,9979;;;;;;0,9892;0,9985;0,9987;1;1;0,9865;0,8419;0,8529
sum;psi_16;5;5;RG;1-50;RG;51-100;2000;TRUE;0,9359;0,9979;;;;;;0,9892;0,9985;0,9987;1;1;0,9818;0,5957;0,8702
sum;psi_16;6;6;RG;1-50;RG;51-100;2000;TRUE;0,9291;0,9979;;;;;;0,9892;0,9985;0,9987;1;1;0,98;0,5957;0,8529
mean;psi_1;2;2;RG;1-50;RG;51-100;223;TRUE;0,9962;1;;;;;;1;1;1;1;1;0,999;1;0,9941
mean;psi_1;7;7;RG;1-50;RG;51-100;2000;TRUE;0,5095;0,4964;;;;;;0,4838;0,5254;0,5202;0,4823;0,4778;0,4998;0,3505;0,4973
mean;psi_1;3;3;RG;1-50;RG;51-100;1657;TRUE;0,9931;1;;;;;;1;1;1;1;1;0,9982;1;0,9812
mean;psi_1;10;10;RG;1-50;RG;51-100;2000;TRUE;0,5095;0,4964;;;;;;0,4838;0,5254;0,5202;0,4823;0,4778;0,4998;0,3505;0,4973
mean;psi_1;4;4;RG;1-50;RG;51-100;331;TRUE;0,9924;1;;;;;;1;1;1;1;1;0,998;0,7609;0,9899
mean;psi_1;13;13;RG;1-50;RG;51-100;2000;TRUE;0,5095;0,4964;;;;;;0,4838;0,5254;0,5202;0,4823;0,4778;0,4998;0,3505;0,4973
mean;psi_2;2;2;RG;1-50;RG;51-100;2000;TRUE;0,8696;0,9799;;;;;;0,9495;0,9815;0,969;0,9976;0,9894;0,9512;0,6137;0,8284
mean;psi_2;7;7;RG;1-50;RG;51-100;1201;TRUE;0,9924;1;;;;;;1;1;1;1;1;0,998;0,9887;0,9737
mean;psi_2;3;3;RG;1-50;RG;51-100;2000;TRUE;0,7849;0,977;;;;;;0,9404;0,9815;0,969;0,9976;0,9831;0,9271;0,6137;0,6875
mean;psi_2;10;10;RG;1-50;RG;51-100;638;TRUE;0,9977;0,9989;;;;;;1;1;0,9973;1;0,9979;0,9986;1;0,9901
mean;psi_2;4;4;RG;1-50;RG;51-100;1650;TRUE;0,9748;0,9997;;;;;;1;1;0,9987;1;1;0,9933;1;0,9502
mean;psi_2;13;13;RG;1-50;RG;51-100;2000;TRUE;0,9985;0,9997;;;;;;1;1;1;0,9988;1;0,9994;0,8364;0,9791
mean;psi_2;5;5;RG;1-50;RG;51-100;1871;TRUE;0,9969;0,9997;;;;;;1;1;1;1;0,9989;0,999;1;0,9785
mean;psi_2;16;16;RG;1-50;RG;51-100;2000;TRUE;0,8505;0,9791;;;;;;0,944;0,9815;0,969;0,9976;0,9894;0,9457;0,6137;0,8187
mean;psi_3;2;2;RG;1-50;RG;51-100;2000;TRUE;0,9367;0,9987;;;;;;0,991;1;1;1;1;0,9826;0,9255;0,9435
mean;psi_3;7;7;RG;1-50;RG;51-100;2000;TRUE;0,9405;0,9987;;;;;;0,991;1;1;1;1;0,9836;1;0,9484
mean;psi_3;3;3;RG;1-50;RG;51-100;2000;TRUE;0,9405;0,9987;;;;;;0,991;1;1;1;1;0,9836;1;0,9484
mean;psi_3;10;10;RG;1-50;RG;51-100;2000;TRUE;0,9405;0,9987;;;;;;0,991;1;1;1;1;0,9836;1;0,9484
mean;psi_3;4;4;RG;1-50;RG;51-100;2000;TRUE;0,923;0,9987;;;;;;0,991;1;1;1;1;0,979;0,7145;0,8572
mean;psi_3;13;13;RG;1-50;RG;51-100;2000;TRUE;0,9405;0,9987;;;;;;0,991;1;1;1;1;0,9836;1;0,9484
mean;psi_3;5;5;RG;1-50;RG;51-100;2000;TRUE;0,9405;0,9987;;;;;;0,991;1;1;1;1;0,9836;1;0,9484
mean;psi_3;16;16;RG;1-50;RG;51-100;2000;TRUE;0,9405;0,9987;;;;;;0,991;1;1;1;1;0,9836;1;0,9484
mean;psi_3;6;6;RG;1-50;RG;51-100;2000;TRUE;0,9405;0,9987;;;;;;0,991;1;1;1;1;0,9836;1;0,9484
mean;psi_3;19;19;RG;1-50;RG;51-100;2000;TRUE;0,9405;0,9987;;;;;;0,991;1;1;1;1;0,9836;1;0,9484
mean;psi_4;2;2;RG;1-50;RG;51-100;2000;TRUE;0,8841;0,9357;;;;;;0,917;0,9045;0,9313;0,9444;0,964;0,9223;0,8356;0,919
mean;psi_4;7;7;RG;1-50;RG;51-100;2000;TRUE;0,8841;0,9357;;;;;;0,917;0,9045;0,9313;0,9444;0,964;0,9223;0,8356;0,919
mean;psi_4;3;3;RG;1-50;RG;51-100;2000;TRUE;0,8841;0,9357;;;;;;0,917;0,9045;0,9313;0,9444;0,964;0,9223;0,8356;0,919
mean;psi_4;10;10;RG;1-50;RG;51-100;2000;TRUE;0,8841;0,9357;;;;;;0,917;0,9045;0,9313;0,9444;0,964;0,9223;0,8356;0,919
mean;psi_4;4;4;RG;1-50;RG;51-100;2000;TRUE;0,8841;0,9357;;;;;;0,917;0,9045;0,9313;0,9444;0,964;0,9223;0,8356;0,919
mean;psi_4;13;13;RG;1-50;RG;51-100;2000;TRUE;0,8841;0,9357;;;;;;0,917;0,9045;0,9313;0,9444;0,964;0,9223;0,8356;0,919
mean;psi_4;5;5;RG;1-50;RG;51-100;2000;TRUE;0,8841;0,9357;;;;;;0,917;0,9045;0,9313;0,9444;0,964;0,9223;0,8356;0,919
mean;psi_4;16;16;RG;1-50;RG;51-100;2000;TRUE;0,8841;0,9357;;;;;;0,917;0,9045;0,9313;0,9444;0,964;0,9223;0,8356;0,919
mean;psi_4;6;6;RG;1-50;RG;51-100;2000;TRUE;0,8841;0,9357;;;;;;0,917;0,9045;0,9313;0,9444;0,964;0,9223;0,8356;0,919
mean;psi_4;19;19;RG;1-50;RG;51-100;2000;TRUE;0,8841;0,9357;;;;;;0,917;0,9045;0,9313;0,9444;0,964;0,9223;0,8356;0,919
mean;psi_5;2;2;RG;1-50;RG;51-100;2000;TRUE;0,9794;1;;;;;;1;1;1;1;1;0,9946;1;0,9532
mean;psi_5;7;7;RG;1-50;RG;51-100;1549;TRUE;0,9794;1;;;;;;1;1;1;1;1;0,9946;1;0,9532
mean;psi_5;3;3;RG;1-50;RG;51-100;2000;TRUE;0,9794;1;;;;;;1;1;1;1;1;0,9946;1;0,9532
mean;psi_5;10;10;RG;1-50;RG;51-100;1729;TRUE;0,9794;1;;;;;;1;1;1;1;1;0,9946;1;0,9532
mean;psi_5;4;4;RG;1-50;RG;51-100;2000;TRUE;0,9794;1;;;;;;1;1;1;1;1;0,9946;1;0,9532
mean;psi_5;13;13;RG;1-50;RG;51-100;2000;TRUE;0,9794;1;;;;;;1;1;1;1;1;0,9946;1;0,9532
mean;psi_5;5;5;RG;1-50;RG;51-100;2000;TRUE;0,9794;1;;;;;;1;1;1;1;1;0,9946;1;0,9532
mean;psi_5;16;16;RG;1-50;RG;51-100;737;TRUE;0,9794;1;;;;;;1;1;1;1;1;0,9946;1;0,9532
mean;psi_5;6;6;RG;1-50;RG;51-100;1106;TRUE;0,9794;1;;;;;;1;1;1;1;1;0,9946;1;0,9532
mean;psi_5;19;19;RG;1-50;RG;51-100;1008;TRUE;0,9794;1;;;;;;1;1;1;1;1;0,9946;1;0,9532
mean;psi_6;2;2;RG;1-50;RG;51-100;2000;TRUE;0,8635;0,9649;;;;;;0,8773;0,9461;0,9879;0,9929;0,9862;0,9386;0,9087;0,9141
mean;psi_6;7;7;RG;1-50;RG;51-100;2000;TRUE;0,9527;0,97;;;;;;0,9116;0,9584;0,9852;0,9882;0,9841;0,9655;0,9923;0,9682
mean;psi_6;3;3;RG;1-50;RG;51-100;2000;TRUE;0,8635;0,9649;;;;;;0,8773;0,9461;0,9879;0,9929;0,9862;0,9386;0,9087;0,9141
mean;psi_6;10;10;RG;1-50;RG;51-100;2000;TRUE;0,8635;0,9649;;;;;;0,8773;0,9461;0,9879;0,9929;0,9862;0,9386;0,9087;0,9141
mean;psi_6;4;4;RG;1-50;RG;51-100;2000;TRUE;0,8635;0,9649;;;;;;0,8773;0,9461;0,9879;0,9929;0,9862;0,9386;0,9087;0,9141
mean;psi_6;13;13;RG;1-50;RG;51-100;2000;TRUE;0,942;0,9791;;;;;;0,935;0,9784;0,9865;0,9965;0,9841;0,9695;0,9036;0,9494
mean;psi_6;5;5;RG;1-50;RG;51-100;2000;TRUE;0,8635;0,9649;;;;;;0,8773;0,9461;0,9879;0,9929;0,9862;0,9386;0,9087;0,9141
mean;psi_6;16;16;RG;1-50;RG;51-100;2000;TRUE;0,8635;0,9649;;;;;;0,8773;0,9461;0,9879;0,9929;0,9862;0,9386;0,9087;0,9141
mean;psi_6;6;6;RG;1-50;RG;51-100;2000;TRUE;0,8635;0,9649;;;;;;0,8773;0,9461;0,9879;0,9929;0,9862;0,9386;0,9087;0,9141
mean;psi_6;19;19;RG;1-50;RG;51-100;2000;TRUE;0,8635;0,9649;;;;;;0,8773;0,9461;0,9879;0,9929;0,9862;0,9386;0,9087;0,9141
mean;psi_7;6;6;RG;1-50;RG;51-100;2000;TRUE;0,9489;0,6166;;;;;;1;0,6918;0,7102;0,247;0,5975;0,7029;0,7052;0,7981
mean;psi_7;19;19;RG;1-50;RG;51-100;2000;TRUE;0,9344;0,6059;;;;;;1;0,6918;0,7102;0,1998;0,5975;0,6912;0,314;0,6798
mean;psi_7;7;7;RG;1-50;RG;51-100;2000;TRUE;0,9588;0,6059;;;;;;1;0,6918;0,7102;0,1998;0,5975;0,6976;0,314;0,6881
mean;psi_7;22;22;RG;1-50;RG;51-100;2000;TRUE;0,9519;0,6059;;;;;;1;0,6918;0,7102;0,1998;0,5975;0,6958;0,314;0,6858
mean;psi_7;8;8;RG;1-50;RG;51-100;2000;TRUE;0,9344;0,6059;;;;;;1;0,6918;0,7102;0,1998;0,5975;0,6912;0,314;0,7024
mean;psi_7;25;25;RG;1-50;RG;51-100;2000;TRUE;0,939;0,6059;;;;;;1;0,6918;0,7102;0,1998;0,5975;0,6924;0,314;0,7349
mean;psi_7;9;9;RG;1-50;RG;51-100;2000;TRUE;0,9588;0,6059;;;;;;1;0,6918;0,7102;0,1998;0,5975;0,6976;0,314;0,6865
mean;psi_7;28;28;RG;1-50;RG;51-100;2000;TRUE;0,9535;0,6059;;;;;;1;0,6918;0,7102;0,1998;0,5975;0,6962;0,314;0,7367
mean;psi_7;10;10;RG;1-50;RG;51-100;2000;TRUE;0,968;0,6059;;;;;;1;0,6918;0,7102;0,1998;0,5975;0,7;0,314;0,7166
mean;psi_7;31;31;RG;1-50;RG;51-100;2000;TRUE;0,9275;0,6059;;;;;;1;0,6918;0,7102;0,1998;0,5975;0,6895;0,314;0,6796
mean;psi_8;6;6;RG;1-50;RG;51-100;2000;TRUE;0,8574;0,9971;;;;;;0,9801;1;1;1;1;0,9608;1;0,8856
mean;psi_8;19;19;RG;1-50;RG;51-100;797;TRUE;0,9954;0,9997;;;;;;0,9982;1;1;1;1;0,9986;0,8893;0,9662
mean;psi_8;7;7;RG;1-50;RG;51-100;2000;TRUE;0,9565;0,9976;;;;;;0,9838;1;1;1;1;0,9869;0,8978;0,9321
mean;psi_8;22;22;RG;1-50;RG;51-100;2000;TRUE;0,9969;1;;;;;;1;1;1;1;1;0,9992;0,9417;0,9791
mean;psi_8;8;8;RG;1-50;RG;51-100;2000;TRUE;0,9939;0,9997;;;;;;0,9982;1;1;1;1;0,9982;0,8842;0,9384
mean;psi_8;25;25;RG;1-50;RG;51-100;1557;TRUE;0,9962;1;;;;;;1;1;1;1;1;0,999;1;0,9808
mean;psi_8;9;9;RG;1-50;RG;51-100;2000;TRUE;0,9855;0,9979;;;;;;0,9856;1;1;1;1;0,9946;0,8398;0,9599
mean;psi_8;28;28;RG;1-50;RG;51-100;824;TRUE;0,9588;1;;;;;;1;1;1;1;1;0,9893;0,7927;0,8781
mean;psi_8;10;10;RG;1-50;RG;51-100;1594;TRUE;0,9962;0,9987;;;;;;0,991;1;1;1;1;0,998;0,6477;0,9034
mean;psi_8;31;31;RG;1-50;RG;51-100;942;TRUE;1;0,9997;;;;;;0,9982;1;1;1;1;0,9998;0,998;0,9941
mean;psi_9;2;2;RG;1-50;RG;51-100;2000;TRUE;0,7521;0,2726;;;;;;0,4224;0,3405;0,2466;0,2766;0,1547;0,3971;0,9642;0,7851
mean;psi_9;7;7;RG;1-50;RG;51-100;2000;TRUE;0,7521;0,2726;;;;;;0,4224;0,3405;0,2466;0,2766;0,1547;0,3971;0,9642;0,7851
mean;psi_9;3;3;RG;1-50;RG;51-100;2000;TRUE;0,7521;0,2726;;;;;;0,4224;0,3405;0,2466;0,2766;0,1547;0,3971;0,9642;0,7851
mean;psi_9;10;10;RG;1-50;RG;51-100;2000;TRUE;0,7521;0,2726;;;;;;0,4224;0,3405;0,2466;0,2766;0,1547;0,3971;0,9642;0,7851
mean;psi_9;4;4;RG;1-50;RG;51-100;2000;TRUE;0,7521;0,2726;;;;;;0,4224;0,3405;0,2466;0,2766;0,1547;0,3971;0,9642;0,7851
mean;psi_9;13;13;RG;1-50;RG;51-100;2000;TRUE;0,7521;0,2726;;;;;;0,4224;0,3405;0,2466;0,2766;0,1547;0,3971;0,9642;0,7851
mean;psi_9;5;5;RG;1-50;RG;51-100;2000;TRUE;0,7521;0,2726;;;;;;0,4224;0,3405;0,2466;0,2766;0,1547;0,3971;0,9642;0,7851
mean;psi_9;16;16;RG;1-50;RG;51-100;2000;TRUE;0,7521;0,2726;;;;;;0,4224;0,3405;0,2466;0,2766;0,1547;0,3971;0,9642;0,7851
mean;psi_10;2;2;RG;1-50;RG;51-100;2000;TRUE;0,8535;0,8011;;;;;;0,7419;0,7874;0,7965;0,7908;0,8581;0,8147;0,9796;0,9093
mean;psi_10;7;7;RG;1-50;RG;51-100;2000;TRUE;0,8535;0,8011;;;;;;0,7419;0,7874;0,7965;0,7908;0,8581;0,8147;0,9796;0,9093
mean;psi_10;3;3;RG;1-50;RG;51-100;2000;TRUE;0,8535;0,8011;;;;;;0,7419;0,7874;0,7965;0,7908;0,8581;0,8147;0,9719;0,9087
mean;psi_10;10;10;RG;1-50;RG;51-100;2000;TRUE;0,8535;0,8011;;;;;;0,7419;0,7874;0,7965;0,7908;0,8581;0,8147;0,9796;0,9093
mean;psi_10;4;4;RG;1-50;RG;51-100;2000;TRUE;0,8535;0,8011;;;;;;0,7419;0,7874;0,7965;0,7908;0,8581;0,8147;0,9796;0,9093
mean;psi_10;13;13;RG;1-50;RG;51-100;2000;TRUE;0,8535;0,8011;;;;;;0,7419;0,7874;0,7965;0,7908;0,8581;0,8147;0,9796;0,9093
mean;psi_10;5;5;RG;1-50;RG;51-100;2000;TRUE;0,8535;0,8011;;;;;;0,7419;0,7874;0,7965;0,7908;0,8581;0,8147;0,9796;0,9093
mean;psi_10;16;16;RG;1-50;RG;51-100;2000;TRUE;0,8535;0,8011;;;;;;0,7419;0,7874;0,7965;0,7908;0,8581;0,8147;0,9796;0,9093
mean;psi_11;2;2;RG;1-50;RG;51-100;2000;TRUE;0,8574;1;;;;;;1;1;1;1;1;0,9629;0,6428;0,6476
mean;psi_11;7;7;RG;1-50;RG;51-100;2000;TRUE;0,8734;0,9997;;;;;;1;1;0,9987;1;1;0,9669;0,6931;0,679
mean;psi_11;3;3;RG;1-50;RG;51-100;2000;TRUE;0,8596;0,9997;;;;;;1;1;0,9987;1;1;0,9633;0,5232;0,6694
mean;psi_11;10;10;RG;1-50;RG;51-100;2000;TRUE;0,8734;0,9997;;;;;;1;1;0,9987;1;1;0,9669;0,6931;0,6871
mean;psi_11;4;4;RG;1-50;RG;51-100;2000;TRUE;0,881;0,9997;;;;;;1;1;0,9987;1;1;0,9689;0,6807;0,6603
mean;psi_11;13;13;RG;1-50;RG;51-100;2000;TRUE;0,8764;0,9997;;;;;;1;1;0,9987;1;1;0,9677;0,6931;0,668
mean;psi_11;5;5;RG;1-50;RG;51-100;2000;TRUE;0,8665;0,9997;;;;;;1;1;0,9987;1;1;0,9651;0,6451;0,6599
mean;psi_11;16;16;RG;1-50;RG;51-100;2000;TRUE;0,8719;0,9997;;;;;;1;1;0,9987;1;1;0,9665;0,6931;0,6676
mean;psi_11;6;6;RG;1-50;RG;51-100;2000;TRUE;0,8764;0,9997;;;;;;1;1;0,9987;1;1;0,9677;0,6931;0,6877
mean;psi_11;19;19;RG;1-50;RG;51-100;2000;TRUE;0,8886;0,9997;;;;;;1;1;0,9987;1;1;0,9709;0,6931;0,6536
mean;psi_12;2;2;RG;1-50;RG;51-100;2000;TRUE;0,595;0,8817;;;;;;0,7852;0,7781;0,8747;0,9456;0,9576;0,8072;0,3948;0,5761
mean;psi_12;7;7;RG;1-50;RG;51-100;2000;TRUE;0,7925;0,9813;;;;;;0,9458;0,9661;0,9879;0,9941;0,9958;0,9322;0,6104;0,6253
mean;psi_12;3;3;RG;1-50;RG;51-100;2000;TRUE;0,6316;0,5882;;;;;;0,556;0,621;0,6146;0,6028;0,5508;0,5995;0,4349;0,5611
mean;psi_12;10;10;RG;1-50;RG;51-100;2000;TRUE;0,8207;0,9813;;;;;;0,9458;0,9661;0,9879;0,9941;0,9958;0,9396;0,6663;0,6235
mean;psi_12;4;4;RG;1-50;RG;51-100;2000;TRUE;0,7986;0,9815;;;;;;0,9477;0,9676;0,9865;0,9941;0,9958;0,934;0,4051;0,6636
mean;psi_12;13;13;RG;1-50;RG;51-100;2000;TRUE;0,7521;0,9807;;;;;;0,944;0,9661;0,9865;0,9941;0,9958;0,9213;0,2938;0,559
mean;psi_12;5;5;RG;1-50;RG;51-100;2000;TRUE;0,7788;0,9807;;;;;;0,944;0,9661;0,9865;0,9941;0,9958;0,9283;0,4244;0,6297
mean;psi_12;16;16;RG;1-50;RG;51-100;2000;TRUE;0,8169;0,981;;;;;;0,9458;0,9661;0,9865;0,9941;0,9958;0,9384;0,3387;0,6073
mean;psi_13;2;2;RG;1-50;RG;51-100;2000;TRUE;0,9977;0,9633;;;;;;0,9982;0,9784;0,9636;0,9539;0,9407;0,9723;1;0,9982
mean;psi_13;7;7;RG;1-50;RG;51-100;2000;TRUE;0,9573;0,9448;;;;;;0,9513;0,9538;0,9515;0,9421;0,9322;0,9481;1;0,971
mean;psi_13;3;3;RG;1-50;RG;51-100;2000;TRUE;0,9954;0,9502;;;;;;0,9892;0,9753;0,9501;0,9385;0,9206;0,962;1;0,9953
mean;psi_13;10;10;RG;1-50;RG;51-100;2000;TRUE;0,6262;0,6214;;;;;;0,5848;0,6163;0,6806;0,6324;0,59;0,6227;0,6991;0,701
mean;psi_13;4;4;RG;1-50;RG;51-100;711;TRUE;0,9985;0,9912;;;;;;1;0,9954;1;0,9894;0,9778;0,9931;1;0,9986
mean;psi_13;13;13;RG;1-50;RG;51-100;2000;TRUE;0,9649;0,9558;;;;;;0,9675;0,9599;0,9528;0,9362;0,9661;0,9582;1;0,9429
mean;psi_13;5;5;RG;1-50;RG;51-100;2000;TRUE;0,9954;0,9917;;;;;;1;0,9954;0,9865;0,9905;0,9894;0,9927;1;0,9925
mean;psi_13;16;16;RG;1-50;RG;51-100;1761;TRUE;0,9939;0,9979;;;;;;0,9982;0,9969;0,9987;0,9988;0,9968;0,9968;1;0,9868
mean;psi_14;2;2;RG;1-50;RG;51-100;2000;TRUE;0,9458;0,9965;;;;;;0,9874;0,9954;0,9973;1;0,9989;0,9834;0,8156;0,9008
mean;psi_14;7;7;RG;1-50;RG;51-100;2000;TRUE;0,9458;0,9965;;;;;;0,9874;0,9954;0,9973;1;0,9989;0,9834;0,8156;0,9008
mean;psi_14;3;3;RG;1-50;RG;51-100;2000;TRUE;0,9458;0,9965;;;;;;0,9874;0,9954;0,9973;1;0,9989;0,9834;0,8156;0,9008
mean;psi_14;10;10;RG;1-50;RG;51-100;2000;TRUE;0,9458;0,9965;;;;;;0,9874;0,9954;0,9973;1;0,9989;0,9834;0,8156;0,9008
mean;psi_14;4;4;RG;1-50;RG;51-100;2000;TRUE;0,9458;0,9965;;;;;;0,9874;0,9954;0,9973;1;0,9989;0,9834;0,8156;0,9008
mean;psi_14;13;13;RG;1-50;RG;51-100;2000;TRUE;0,9764;0,9992;;;;;;0,9964;0,9985;1;1;1;0,9933;0,839;0,9332
mean;psi_14;5;5;RG;1-50;RG;51-100;2000;TRUE;0,9458;0,9965;;;;;;0,9874;0,9954;0,9973;1;0,9989;0,9834;0,8156;0,9008
mean;psi_14;16;16;RG;1-50;RG;51-100;2000;TRUE;0,9458;0,9965;;;;;;0,9874;0,9954;0,9973;1;0,9989;0,9834;0,8156;0,9008
mean;psi_15;3;3;RG;1-50;RG;51-100;2000;TRUE;0,7231;0,7724;;;;;;0,7545;0,7658;0,7844;0,7849;0,7669;0,7596;0,7599;0,7464
mean;psi_15;10;10;RG;1-50;RG;51-100;2000;TRUE;0,688;0,9339;;;;;;0,8466;0,926;0,9326;0,9645;0,964;0,87;0,1073;0,5268
mean;psi_15;4;4;RG;1-50;RG;51-100;2000;TRUE;0,8139;0,8303;;;;;;0,7762;0,7843;0,8396;0,8688;0,8517;0,826;0,5446;0,7426
mean;psi_15;13;13;RG;1-50;RG;51-100;2000;TRUE;0,7002;0,9339;;;;;;0,8466;0,926;0,9326;0,9645;0,964;0,8732;0,2041;0,5283
mean;psi_15;5;5;RG;1-50;RG;51-100;2000;TRUE;0,7201;0,9347;;;;;;0,852;0,926;0,9313;0,9645;0,965;0,8789;0,7176;0,6921
mean;psi_15;16;16;RG;1-50;RG;51-100;2000;TRUE;0,704;0,9339;;;;;;0,8466;0,926;0,9326;0,9645;0,964;0,8742;0,2041;0,5228
mean;psi_15;6;6;RG;1-50;RG;51-100;2000;TRUE;0,6995;0,9339;;;;;;0,8466;0,926;0,9326;0,9645;0,964;0,873;0,2826;0,663
mean;psi_15;19;19;RG;1-50;RG;51-100;2000;TRUE;0,6964;0,9339;;;;;;0,8466;0,926;0,9326;0,9645;0,964;0,8722;0,2041;0,523
mean;psi_15;7;7;RG;1-50;RG;51-100;2000;TRUE;0,8909;0,9606;;;;;;0,9134;0,9692;0,9542;0,9716;0,9778;0,9425;0,8907;0,8544
mean;psi_15;22;22;RG;1-50;RG;51-100;2000;TRUE;0,8063;0,9349;;;;;;0,8592;0,9199;0,9367;0,9622;0,964;0,9015;0,4224;0,6
mean;psi_16;2;2;RG;1-50;RG;51-100;2000;TRUE;0,9336;0,9979;;;;;;0,9892;0,9985;0,9987;1;1;0,9812;0,5957;0,8677
mean;psi_16;7;7;RG;1-50;RG;51-100;2000;TRUE;0,9359;0,9979;;;;;;0,9892;0,9985;0,9987;1;1;0,9818;0,5957;0,8702
mean;psi_16;3;3;RG;1-50;RG;51-100;2000;TRUE;0,9397;0,9981;;;;;;0,991;0,9985;0,9987;1;1;0,983;0,8344;0,8781
mean;psi_16;10;10;RG;1-50;RG;51-100;2000;TRUE;0,9359;0,9979;;;;;;0,9892;0,9985;0,9987;1;1;0,9818;0,5957;0,8702
mean;psi_16;4;4;RG;1-50;RG;51-100;2000;TRUE;0,9908;0,9997;;;;;;0,9982;1;1;1;1;0,9974;0,9872;0,9548
mean;psi_16;13;13;RG;1-50;RG;51-100;2000;TRUE;0,9359;0,9979;;;;;;0,9892;0,9985;0,9987;1;1;0,9818;0,5957;0,8702
mean;psi_16;5;5;RG;1-50;RG;51-100;2000;TRUE;0,9275;0,9979;;;;;;0,9892;0,9985;0,9987;1;1;0,9796;0,5957;0,8525
mean;psi_16;16;16;RG;1-50;RG;51-100;2000;TRUE;0,9359;0,9979;;;;;;0,9892;0,9985;0,9987;1;1;0,9818;0,5957;0,8702
mean;psi_16;6;6;RG;1-50;RG;51-100;2000;TRUE;0,9641;0,9981;;;;;;0,991;0,9985;0,9987;1;1;0,9893;0,5957;0,9001
mean;psi_16;19;19;RG;1-50;RG;51-100;2000;TRUE;0,9359;0,9979;;;;;;0,9892;0,9985;0,9987;1;1;0,9818;0,5957;0,8702
max;psi_1;2;2;CG;1-50;CG;51-100;204;TRUE;1;1;;;;;;1;1;1;1;1;0,9915;1;0,9684
max;psi_1;3;3;CG;1-50;CG;51-100;412;TRUE;1;1;;;;;;1;1;1;1;1;0,9998;1;0,9976
max;psi_1;4;4;CG;1-50;CG;51-100;1154;TRUE;0,9992;1;;;;;;1;1;1;1;1;0,9453;0,9998;0,9702
max;psi_2;2;2;CG;1-50;CG;51-100;2000;TRUE;0,9953;0,9952;;;;;;0,9946;0,9954;0,9947;0,9953;0,9958;0,5436;0,9953;0,6131
max;psi_2;3;3;CG;1-50;CG;51-100;2000;TRUE;0,615;0,6133;;;;;;0,6022;0,6006;0,6082;0,6189;0,6273;0,9271;0,6137;0,6875
max;psi_2;4;4;CG;1-50;CG;51-100;868;TRUE;1;1;;;;;;1;1;1;1;1;0,9352;1;0,7468
max;psi_2;5;5;CG;1-50;CG;51-100;2000;TRUE;0,9765;0,9704;;;;;;0,9624;0,9647;0,9697;0,9709;0,9791;0,5511;0,9719;0,5044
max;psi_3;2;2;CG;1-50;CG;51-100;1;FALSE;1;1;;;;;;1;1;1;1;1;0,9778;1;0,9153
max;psi_3;3;3;CG;1-50;CG;51-100;1;FALSE;1;1;;;;;;1;1;1;1;1;0,9836;1;0,9484
max;psi_3;4;4;CG;1-50;CG;51-100;1;FALSE;1;1;;;;;;1;1;1;1;1;0,9836;1;0,9484
max;psi_3;5;5;CG;1-50;CG;51-100;1;FALSE;1;1;;;;;;1;1;1;1;1;0,9836;1;0,9484
max;psi_3;6;6;CG;1-50;CG;51-100;1;FALSE;1;1;;;;;;1;1;1;1;1;0,9836;1;0,9484
max;psi_4;2;2;CG;1-50;CG;51-100;2000;TRUE;0,9045;0,8879;;;;;;0,914;0,914;0,8905;0,8753;0,8643;0,8845;0,8921;0,8424
max;psi_4;3;3;CG;1-50;CG;51-100;2000;TRUE;0,971;0,964;;;;;;0,9427;0,9478;0,9631;0,9732;0,9802;0,8864;0,9658;0,8594
max;psi_4;4;4;CG;1-50;CG;51-100;2000;TRUE;0,9781;0,9635;;;;;;0,9552;0,9585;0,9551;0,9674;0,9749;0,9166;0,9672;0,8738
max;psi_4;5;5;CG;1-50;CG;51-100;2000;TRUE;0,9969;0,9934;;;;;;1;1;0,9868;0,9918;0,9916;0,8884;0,9943;0,6867
max;psi_4;6;6;CG;1-50;CG;51-100;2000;TRUE;0,9961;0,9921;;;;;;0,9982;0,9985;0,9868;0,9907;0,9896;0,9217;0,9931;0,9099
max;psi_5;2;2;CG;1-50;CG;51-100;1;FALSE;1;1;;;;;;1;1;1;1;1;0,9945;1;0,9494
max;psi_5;3;3;CG;1-50;CG;51-100;1;FALSE;1;1;;;;;;1;1;1;1;1;0,9946;1;0,9532
max;psi_5;4;4;CG;1-50;CG;51-100;1;FALSE;1;1;;;;;;1;1;1;1;1;0,9946;1;0,9532
max;psi_5;5;5;CG;1-50;CG;51-100;1;FALSE;1;1;;;;;;1;1;1;1;1;0,9946;1;0,9532
max;psi_5;6;6;CG;1-50;CG;51-100;1;FALSE;1;1;;;;;;1;1;1;1;1;0,9946;1;0,9532
max;psi_6;2;2;CG;1-50;CG;51-100;2000;TRUE;0,9257;0,903;;;;;;0,8907;0,8955;0,9024;0,9091;0,9102;0,9386;0,9087;0,9141
max;psi_6;3;3;CG;1-50;CG;51-100;2000;TRUE;0,9977;0,9968;;;;;;0,9982;0,9985;0,996;0,9953;0,9969;0,939;0,997;0,9141
max;psi_6;4;4;CG;1-50;CG;51-100;1500;TRUE;1;0,9976;;;;;;1;1;0,996;0,9965;0,9969;0,9384;0,9982;0,922
max;psi_6;5;5;CG;1-50;CG;51-100;2000;TRUE;0,9859;0,9902;;;;;;0,9928;0,9939;0,9881;0,9883;0,9896;0,9386;0,9891;0,9086
max;psi_6;6;6;CG;1-50;CG;51-100;2000;TRUE;0,9257;0,903;;;;;;0,8907;0,8955;0,9024;0,9091;0,9102;0,9386;0,9087;0,9141
max;psi_7;6;6;CG;1-50;CG;51-100;2000;TRUE;0,6698;0,6915;;;;;;0,7079;0,7112;0,6873;0,683;0,6795;0,3264;0,686;0,4888
max;psi_7;7;7;CG;1-50;CG;51-100;2000;TRUE;0,964;0,9937;;;;;;0,9875;0,9923;0,9947;0,9953;0,9958;0,6361;0,9862;0,6459
max;psi_7;8;8;CG;1-50;CG;51-100;2000;TRUE;0,9859;0,9952;;;;;;1;1;0,9921;0,993;0,9937;0,6786;0,9929;0,7207
max;psi_7;9;9;CG;1-50;CG;51-100;2000;TRUE;0,6698;0,6915;;;;;;0,7079;0,7112;0,6873;0,683;0,6795;0,3264;0,686;0,4888
max;psi_7;10;10;CG;1-50;CG;51-100;2000;TRUE;0,9898;0,9952;;;;;;1;1;0,9921;0,993;0,9937;0,6413;0,9939;0,7403
max;psi_8;6;6;CG;1-50;CG;51-100;1;FALSE;1;1;;;;;;1;1;1;1;1;0,9608;1;0,8856
max;psi_8;7;7;CG;1-50;CG;51-100;1;FALSE;1;1;;;;;;1;1;1;1;1;0,9608;1;0,8856
max;psi_8;8;8;CG;1-50;CG;51-100;1;FALSE;1;1;;;;;;1;1;1;1;1;0,9608;1;0,8856
max;psi_8;9;9;CG;1-50;CG;51-100;1;FALSE;1;1;;;;;;1;1;1;1;1;0,9608;1;0,8856
max;psi_8;10;10;CG;1-50;CG;51-100;1;FALSE;1;1;;;;;;1;1;1;1;1;0,9608;1;0,8856
max;psi_9;2;2;CG;1-50;CG;51-100;2000;TRUE;0,9624;0,9648;;;;;;0,9695;0,9739;0,9697;0,9615;0,9551;0,3971;0,9642;0,7851
max;psi_9;3;3;CG;1-50;CG;51-100;2000;TRUE;0,9624;0,9648;;;;;;0,9695;0,9739;0,9697;0,9615;0,9551;0,3971;0,9642;0,7851
max;psi_9;4;4;CG;1-50;CG;51-100;2000;TRUE;0,9624;0,9648;;;;;;0,9695;0,9739;0,9697;0,9615;0,9551;0,3971;0,9642;0,7851
max;psi_9;5;5;CG;1-50;CG;51-100;2000;TRUE;0,9624;0,9648;;;;;;0,9695;0,9739;0,9697;0,9615;0,9551;0,3971;0,9642;0,7851
max;psi_10;2;2;CG;1-50;CG;51-100;2000;TRUE;0,9765;0,9807;;;;;;0,9857;0,9892;0,9828;0,9767;0,9739;0,8147;0,9796;0,9093
max;psi_10;3;3;CG;1-50;CG;51-100;2000;TRUE;0,9765;0,9807;;;;;;0,9857;0,9892;0,9828;0,9767;0,9739;0,8147;0,9796;0,9093
max;psi_10;4;4;CG;1-50;CG;51-100;2000;TRUE;0,9765;0,9807;;;;;;0,9857;0,9892;0,9828;0,9767;0,9739;0,8082;0,9796;0,873
max;psi_10;5;5;CG;1-50;CG;51-100;2000;TRUE;0,9765;0,9807;;;;;;0,9857;0,9892;0,9828;0,9767;0,9739;0,8147;0,9796;0,9093
max;psi_11;2;2;CG;1-50;CG;51-100;2000;TRUE;0,8599;0,8345;;;;;;0,8351;0,8433;0,8364;0,8322;0,8288;0,0694;0,8409;0,2664
max;psi_11;3;3;CG;1-50;CG;51-100;2000;TRUE;0,903;0,8641;;;;;;0,8746;0,8725;0,8615;0,859;0,8591;0,9033;0,8739;0,6538
max;psi_11;4;4;CG;1-50;CG;51-100;2000;TRUE;0,7254;0,738;;;;;;0,7599;0,7634;0,7414;0,7296;0,7129;0,1209;0,7348;0,3016
max;psi_11;5;5;CG;1-50;CG;51-100;2000;TRUE;0,8615;0,8372;;;;;;0,8387;0,8464;0,8391;0,8345;0,8309;0,1944;0,8433;0,4894
max;psi_11;6;6;CG;1-50;CG;51-100;2000;TRUE;0,867;0,8594;;;;;;0,8889;0,8909;0,8602;0,8462;0,8319;0,1718;0,8613;0,3423
max;psi_12;2;2;CG;1-50;CG;51-100;2000;TRUE;0,7058;0,7063;;;;;;0,7025;0,7112;0,7098;0,7075;0,7015;0,0939;0,7062;0,5145
max;psi_12;3;3;CG;1-50;CG;51-100;2000;TRUE;0,7058;0,7063;;;;;;0,7025;0,7112;0,7098;0,7075;0,7015;0,0939;0,7062;0,5145
max;psi_12;4;4;CG;1-50;CG;51-100;2000;TRUE;0,9382;0,9128;;;;;;0,9409;0,9401;0,9116;0,9009;0,8894;0,7721;0,9192;0,6496
max;psi_12;5;5;CG;1-50;CG;51-100;2000;TRUE;0,9382;0,9125;;;;;;0,9409;0,9416;0,9103;0,8998;0,8894;0,691;0,919;0,6929
max;psi_13;2;2;CG;1-50;CG;51-100;2000;TRUE;0,9953;0,996;;;;;;0,9946;0,9954;0,996;0,9965;0,9969;0,6318;0,9959;0,8104
max;psi_13;3;3;CG;1-50;CG;51-100;2000;TRUE;0,9648;0,9754;;;;;;0,9731;0,977;0,9789;0,9755;0,9729;0,4465;0,9727;0,4541
max;psi_13;4;4;CG;1-50;CG;51-100;2000;TRUE;0,5806;0,5887;;;;;;0,5753;0,5776;0,5871;0,5944;0,6002;0,4364;0,5866;0,4916
max;psi_13;5;5;CG;1-50;CG;51-100;2000;TRUE;0,9977;0,9981;;;;;;0,9964;0,9969;0,9987;0,9988;0,999;0,5854;0,998;0,6688
max;psi_14;2;2;CG;1-50;CG;51-100;2000;TRUE;0,8044;0,8195;;;;;;0,819;0,8172;0,8179;0,8205;0,8215;0,9834;0,8156;0,9008
max;psi_14;3;3;CG;1-50;CG;51-100;2000;TRUE;0,8631;0,8723;;;;;;0,871;0,871;0,872;0,873;0,8737;0,9778;0,87;0,8833
max;psi_14;4;4;CG;1-50;CG;51-100;2000;TRUE;0,9922;0,9984;;;;;;0,9982;0,9985;0,9974;0,9988;0,999;0,9766;0,9968;0,8376
max;psi_14;5;5;CG;1-50;CG;51-100;2000;TRUE;0,8044;0,8195;;;;;;0,819;0,8172;0,8179;0,8205;0,8215;0,9834;0,8156;0,9008
max;psi_15;3;3;CG;1-50;CG;51-100;2000;TRUE;0,7864;0,7991;;;;;;0,7975;0,7972;0,8034;0,7984;0,7985;0,1508;0,7959;0,5455
max;psi_15;4;4;CG;1-50;CG;51-100;2000;TRUE;0,7864;0,7991;;;;;;0,7975;0,7972;0,8034;0,7984;0,7985;0,1508;0,7959;0,5455
max;psi_15;5;5;CG;1-50;CG;51-100;2000;TRUE;0,9562;0,9712;;;;;;0,9659;0,9708;0,9749;0,9732;0,9697;0,153;0,9674;0,5479
max;psi_15;6;6;CG;1-50;CG;51-100;2000;TRUE;0,9914;0,9926;;;;;;0,9928;0,9923;0,9908;0,993;0,9937;0,4546;0,9923;0,6441
max;psi_15;7;7;CG;1-50;CG;51-100;2000;TRUE;0,989;0,9939;;;;;;0,9928;0,9954;0,9921;0,9942;0,9948;0,2271;0,9927;0,5742
max;psi_16;2;2;CG;1-50;CG;51-100;2000;TRUE;0,6103;0,5908;;;;;;0,5645;0,6022;0,6082;0,5664;0,6065;0,9631;0,5957;0,7391
max;psi_16;3;3;CG;1-50;CG;51-100;2000;TRUE;0,9961;0,9844;;;;;;0,957;1;1;0,9592;1;0,9705;0,9874;0,8189
max;psi_16;4;4;CG;1-50;CG;51-100;2000;TRUE;0,9945;0,9833;;;;;;0,9534;0,9969;1;0,9592;1;0,9631;0,9862;0,7533
max;psi_16;5;5;CG;1-50;CG;51-100;2000;TRUE;0,9914;0,9833;;;;;;0,9534;0,9969;1;0,9592;1;0,9602;0,9854;0,7324
max;psi_16;6;6;CG;1-50;CG;51-100;2000;TRUE;0,9914;0,9833;;;;;;0,9534;0,9969;1;0,9592;1;0,9633;0,9854;0,7334
sum;psi_1;2;2;CG;1-50;CG;51-100;2000;TRUE;0,9953;0,996;;;;;;0,9982;0,9908;0,9921;0,9988;0,999;0,698;0,9959;0,8694
sum;psi_1;3;3;CG;1-50;CG;51-100;1190;TRUE;1;1;;;;;;1;1;1;1;1;0,7053;1;0,8546
sum;psi_1;4;4;CG;1-50;CG;51-100;620;TRUE;1;0,9966;;;;;;0,9982;0,9969;0,996;0,9965;0,9958;0,6205;0,9974;0,8353
sum;psi_2;2;2;CG;1-50;CG;51-100;2000;TRUE;0,9914;0,9931;;;;;;0,991;0,9923;0,9934;0,9942;0,9937;0,8859;0,9927;0,7045
sum;psi_2;3;3;CG;1-50;CG;51-100;2000;TRUE;0,9859;0,9707;;;;;;0,9552;0,9555;0,9683;0,9779;0,9854;0,8292;0,9745;0,7318
sum;psi_2;4;4;CG;1-50;CG;51-100;1312;TRUE;0,9992;0,9987;;;;;;0,9982;0,9985;0,9987;0,9988;0,999;0,8823;0,9988;0,7569
sum;psi_2;5;5;CG;1-50;CG;51-100;2000;TRUE;0,9937;0,9971;;;;;;0,9982;0,9985;0,996;0,9965;0,9969;0,235;0,9962;0,4351
sum;psi_3;2;2;CG;1-50;CG;51-100;75;TRUE;1;0,9958;;;;;;0,9964;0,9954;0,996;0,9953;0,9958;0,9836;0,9968;0,9477
sum;psi_3;3;3;CG;1-50;CG;51-100;31;TRUE;0,9977;0,9987;;;;;;0,9982;0,9985;0,9987;0,9988;0,999;0,3419;0,9984;0,8209
sum;psi_3;4;4;CG;1-50;CG;51-100;1;FALSE;1;1;;;;;;1;1;1;1;1;0,9836;1;0,9457
sum;psi_3;5;5;CG;1-50;CG;51-100;1;FALSE;1;1;;;;;;1;1;1;1;1;0,9836;1;0,9484
sum;psi_3;6;6;CG;1-50;CG;51-100;3;FALSE;1;0,9989;;;;;;1;1;1;0,9988;0,9969;0,4231;0,9992;0,8371
sum;psi_4;2;2;CG;1-50;CG;51-100;2000;TRUE;0,9765;0,9884;;;;;;0,9857;0,9892;0,9868;0,9895;0,9896;0,5977;0,9854;0,7193
sum;psi_4;3;3;CG;1-50;CG;51-100;2000;TRUE;0,9859;0,9976;;;;;;0,9964;0,9969;0,996;0,9988;0,999;0,7529;0,9947;0,8564
sum;psi_4;4;4;CG;1-50;CG;51-100;2000;TRUE;0,9977;0,9913;;;;;;0,9928;0,9923;0,9908;0,9907;0,9906;0,9142;0,9929;0,8683
sum;psi_4;5;5;CG;1-50;CG;51-100;2000;TRUE;0,9906;0,9942;;;;;;0,9946;0,9985;0,9934;0,993;0,9927;0,2501;0,9933;0,7421
sum;psi_4;6;6;CG;1-50;CG;51-100;2000;TRUE;0,9859;0,9876;;;;;;0,9928;0,9923;0,9815;0,9883;0,9854;0,9134;0,9872;0,8096
sum;psi_5;2;2;CG;1-50;CG;51-100;13;TRUE;1;0,9981;;;;;;1;0,9985;0,9974;0,9977;0,9979;0,9946;0,9986;0,9532
sum;psi_5;3;3;CG;1-50;CG;51-100;10;TRUE;0,9992;1;;;;;;1;1;1;1;1;0,9667;0,9998;0,9143
sum;psi_5;4;4;CG;1-50;CG;51-100;1;FALSE;1;1;;;;;;1;1;1;1;1;0,9946;1;0,9532
sum;psi_5;5;5;CG;1-50;CG;51-100;1;FALSE;1;1;;;;;;1;1;1;1;1;0,9946;1;0,9532
sum;psi_5;6;6;CG;1-50;CG;51-100;4;FALSE;1;1;;;;;;1;1;1;1;1;0,9061;1;0,8339
sum;psi_6;2;2;CG;1-50;CG;51-100;2000;TRUE;0,9257;0,903;;;;;;0,8907;0,8955;0,9024;0,9091;0,9102;0,9386;0,9087;0,9141
sum;psi_6;3;3;CG;1-50;CG;51-100;2000;TRUE;0,9468;0,9273;;;;;;0,914;0,9201;0,9274;0,9324;0,9353;0,939;0,9322;0,9137
sum;psi_6;4;4;CG;1-50;CG;51-100;2000;TRUE;0,9804;0,9812;;;;;;0,9839;0,9862;0,9842;0,979;0,976;0,9362;0,981;0,9087
sum;psi_6;5;5;CG;1-50;CG;51-100;2000;TRUE;0,9789;0,9633;;;;;;0,9498;0,9539;0,9578;0,9685;0,977;0,9386;0,9672;0,8991
sum;psi_6;6;6;CG;1-50;CG;51-100;2000;TRUE;0,9961;0,9955;;;;;;0,9964;0,9985;0,9934;0,9953;0,9948;0,9386;0,9957;0,9143
sum;psi_7;6;6;CG;1-50;CG;51-100;1406;TRUE;0,9984;0,9966;;;;;;1;1;0,9947;0,9953;0,9948;0,6328;0,997;0,654
sum;psi_7;7;7;CG;1-50;CG;51-100;582;TRUE;0,9851;0,9976;;;;;;1;1;0,996;0,9977;0,9958;0,6827;0,9945;0,6729
sum;psi_7;8;8;CG;1-50;CG;51-100;2000;TRUE;0,9984;0,996;;;;;;1;1;0,9934;0,9942;0,9948;0,4911;0,9966;0,6324
sum;psi_7;9;9;CG;1-50;CG;51-100;756;TRUE;0,9969;0,996;;;;;;1;1;0,9934;0,9942;0,9948;0,6572;0,9962;0,6865
sum;psi_7;10;10;CG;1-50;CG;51-100;2000;TRUE;0,9851;0,9931;;;;;;0,9892;0,9908;0,9934;0,9942;0,9958;0,6619;0,9911;0,7083
sum;psi_8;6;6;CG;1-50;CG;51-100;1;FALSE;1;1;;;;;;1;1;1;1;1;0,2463;1;0,6873
sum;psi_8;7;7;CG;1-50;CG;51-100;1;FALSE;1;1;;;;;;1;1;1;1;1;0,9608;1;0,8843
sum;psi_8;8;8;CG;1-50;CG;51-100;1;FALSE;1;1;;;;;;1;1;1;1;1;0,5818;1;0,8384
sum;psi_8;9;9;CG;1-50;CG;51-100;1;FALSE;1;0,9979;;;;;;1;1;0,9974;0,9965;0,9969;0,9019;0,9984;0,8833
sum;psi_8;10;10;CG;1-50;CG;51-100;1;FALSE;1;1;;;;;;1;1;1;1;1;0,9608;1;0,8854
sum;psi_9;2;2;CG;1-50;CG;51-100;2000;TRUE;0,9624;0,9648;;;;;;0,9695;0,9739;0,9697;0,9615;0,9551;0,3971;0,9642;0,7851
sum;psi_9;3;3;CG;1-50;CG;51-100;2000;TRUE;0,9828;0,9818;;;;;;0,9875;0,9892;0,9828;0,979;0,9749;0,561;0,982;0,8477
sum;psi_9;4;4;CG;1-50;CG;51-100;2000;TRUE;0,9624;0,9648;;;;;;0,9695;0,9739;0,9697;0,9615;0,9551;0,3971;0,9642;0,7851
sum;psi_9;5;5;CG;1-50;CG;51-100;2000;TRUE;0,9969;0,9836;;;;;;0,991;0,9908;0,9842;0,9802;0,977;0,7477;0,987;0,8505
sum;psi_10;2;2;CG;1-50;CG;51-100;2000;TRUE;0,9765;0,9807;;;;;;0,9857;0,9892;0,9828;0,9767;0,9739;0,8147;0,9796;0,9093
sum;psi_10;3;3;CG;1-50;CG;51-100;2000;TRUE;0,9765;0,9807;;;;;;0,9857;0,9892;0,9828;0,9767;0,9739;0,8082;0,9796;0,9036
sum;psi_10;4;4;CG;1-50;CG;51-100;2000;TRUE;0,9765;0,9807;;;;;;0,9857;0,9892;0,9828;0,9767;0,9739;0,8147;0,9796;0,9093
sum;psi_10;5;5;CG;1-50;CG;51-100;2000;TRUE;0,9765;0,9807;;;;;;0,9857;0,9892;0,9828;0,9767;0,9739;0,8147;0,9796;0,9093
sum;psi_11;2;2;CG;1-50;CG;51-100;2000;TRUE;0,3725;0,3566;;;;;;0,3584;0,3594;0,3562;0,3555;0,3549;0,066;0,3606;0,4849
sum;psi_11;3;3;CG;1-50;CG;51-100;1627;TRUE;0,9922;0,9952;;;;;;0,9946;0,9954;0,9947;0,9953;0,9958;0,9982;0,9945;0,9972
sum;psi_11;4;4;CG;1-50;CG;51-100;2000;TRUE;0,9844;0,9984;;;;;;0,9982;0,9969;0,9974;0,9988;1;0,914;0,9949;0,6777
sum;psi_11;5;5;CG;1-50;CG;51-100;385;TRUE;0,9953;0,9989;;;;;;1;0,9985;0,9987;0,9988;0,999;0,8894;0,998;0,8823
sum;psi_11;6;6;CG;1-50;CG;51-100;2000;TRUE;0,9945;0,9995;;;;;;0,9982;1;1;0,9988;1;0,9802;0,9982;0,9212
sum;psi_12;2;2;CG;1-50;CG;51-100;2000;TRUE;0,9577;0,9609;;;;;;0,9642;0,9647;0,9578;0,9604;0,9593;0,1183;0,9601;0,5467
sum;psi_12;3;3;CG;1-50;CG;51-100;2000;TRUE;0,9656;0,9752;;;;;;0,9695;0,977;0,971;0,9779;0,9781;0,8807;0,9727;0,8521
sum;psi_12;4;4;CG;1-50;CG;51-100;2000;TRUE;0,9875;0,9942;;;;;;0,991;0,9908;0,9934;0,9965;0,9969;0,9604;0,9925;0,8849
sum;psi_12;5;5;CG;1-50;CG;51-100;2000;TRUE;0,9937;0,9997;;;;;;1;0,9985;1;1;1;0,9499;0,9982;0,8479
sum;psi_13;2;2;CG;1-50;CG;51-100;695;TRUE;1;1;;;;;;1;1;1;1;1;0,7323;1;0,8617
sum;psi_13;3;3;CG;1-50;CG;51-100;2000;TRUE;0,8279;0,7595;;;;;;0,8315;0,7665;0,7507;0,7424;0,7349;0,435;0,7767;0,4497
sum;psi_13;4;4;CG;1-50;CG;51-100;2000;TRUE;0,9961;0,9976;;;;;;1;1;0,996;0,9965;0,9969;0,43;0,9972;0,4128
sum;psi_13;5;5;CG;1-50;CG;51-100;2000;TRUE;0,9773;0,982;;;;;;0,9749;0,9785;0,9802;0,9767;0,9948;0,5973;0,9808;0,636
sum;psi_14;2;2;CG;1-50;CG;51-100;2000;TRUE;0,9468;0,9466;;;;;;0,948;0,9478;0,9446;0,9464;0,9468;0,9705;0,9467;0,8252
sum;psi_14;3;3;CG;1-50;CG;51-100;2000;TRUE;0,9977;1;;;;;;1;1;1;1;1;0,9723;0,9994;0,795
sum;psi_14;4;4;CG;1-50;CG;51-100;1758;TRUE;0,9914;0,9981;;;;;;0,9982;0,9985;0,9987;0,9965;0,999;0,8631;0,9964;0,7857
sum;psi_14;5;5;CG;1-50;CG;51-100;2000;TRUE;0,9945;0,9997;;;;;;1;1;1;0,9988;1;0,9834;0,9984;0,9048
sum;psi_15;3;3;CG;1-50;CG;51-100;2000;TRUE;0,7864;0,7991;;;;;;0,7975;0,7972;0,8034;0,7984;0,7985;0,1508;0,7959;0,5455
sum;psi_15;4;4;CG;1-50;CG;51-100;2000;TRUE;0,8482;0,8755;;;;;;0,8746;0,8817;0,876;0,8834;0,8643;0,6268;0,8686;0,6338
sum;psi_15;5;5;CG;1-50;CG;51-100;2000;TRUE;0,982;0,9876;;;;;;0,9857;0,9892;0,9855;0,9883;0,9885;0,868;0,9862;0,7421
sum;psi_15;6;6;CG;1-50;CG;51-100;2000;TRUE;0,8044;0,8144;;;;;;0,8136;0,8111;0,8153;0,8135;0,8173;0,4645;0,8119;0,6303
sum;psi_15;7;7;CG;1-50;CG;51-100;2000;TRUE;0,9898;0,9847;;;;;;0,9928;0,9954;0,9908;0,986;0,9666;0,6175;0,986;0,6854
sum;psi_16;2;2;CG;1-50;CG;51-100;2000;TRUE;0,9069;0,8879;;;;;;0,8674;0,9032;0,8984;0,866;0,9008;0,3817;0,8927;0,6117
sum;psi_16;3;3;CG;1-50;CG;51-100;2000;TRUE;0,9515;0,9358;;;;;;0,9068;0,9493;0,9525;0,9114;0,952;0,8032;0,9397;0,6763
sum;psi_16;4;4;CG;1-50;CG;51-100;2000;TRUE;0,9953;0,9844;;;;;;0,957;1;1;0,9592;1;0,9475;0,9872;0,6783
sum;psi_16;5;5;CG;1-50;CG;51-100;2000;TRUE;0,9906;0,9833;;;;;;0,9534;0,9969;1;0,9592;1;0,9629;0,9852;0,716
sum;psi_16;6;6;CG;1-50;CG;51-100;2000;TRUE;0,9804;0,9833;;;;;;0,9534;0,9969;1;0,9592;1;0,9824;0,9826;0,8556
mean;psi_1;2;2;CG;1-50;CG;51-100;333;TRUE;0,9992;1;;;;;;1;1;1;1;1;0,9629;0,9998;0,9332
mean;psi_1;7;7;CG;1-50;CG;51-100;246;TRUE;1;1;;;;;;1;1;1;1;1;0,9958;1;0,986
mean;psi_1;3;3;CG;1-50;CG;51-100;2000;TRUE;0,9961;0,9987;;;;;;0,9982;0,9985;0,9987;0,9988;0,999;0,9667;0,998;0,9151
mean;psi_1;10;10;CG;1-50;CG;51-100;1013;TRUE;0,9992;0,9884;;;;;;1;1;0,9868;0,9837;0,9791;0,9584;0,9911;0,7938
mean;psi_1;4;4;CG;1-50;CG;51-100;2000;TRUE;0,9648;0,9498;;;;;;0,9319;0,9309;0,9485;0,9615;0,9635;0,9526;0,9536;0,8878
mean;psi_1;13;13;CG;1-50;CG;51-100;1822;TRUE;1;0,9995;;;;;;1;1;0,9987;1;0,999;0,8557;0,9996;0,8049
mean;psi_2;2;2;CG;1-50;CG;51-100;2000;TRUE;0,9984;0,9995;;;;;;0,9982;0,9985;1;1;1;0,7935;0,9992;0,7091
mean;psi_2;7;7;CG;1-50;CG;51-100;2000;TRUE;0,615;0,6133;;;;;;0,6022;0,6006;0,6082;0,6189;0,6273;0,9271;0,6137;0,6875
mean;psi_2;3;3;CG;1-50;CG;51-100;2000;TRUE;0,9969;1;;;;;;1;1;1;1;1;0,9366;0,9992;0,7304
mean;psi_2;10;10;CG;1-50;CG;51-100;807;TRUE;1;1;;;;;;1;1;1;1;1;0,9516;1;0,8252
mean;psi_2;4;4;CG;1-50;CG;51-100;979;TRUE;1;1;;;;;;1;1;1;1;1;0,9435;1;0,7768
mean;psi_2;13;13;CG;1-50;CG;51-100;2000;TRUE;0,615;0,6133;;;;;;0,6022;0,6006;0,6082;0,6189;0,6273;0,9271;0,6137;0,6875
mean;psi_2;5;5;CG;1-50;CG;51-100;2000;TRUE;0,615;0,6133;;;;;;0,6022;0,6006;0,6082;0,6189;0,6273;0,9271;0,6137;0,6875
mean;psi_2;16;16;CG;1-50;CG;51-100;2000;TRUE;0,8106;0,8213;;;;;;0,819;0,8264;0,8206;0,8217;0,8194;0,8038;0,8186;0,663
mean;psi_3;2;2;CG;1-50;CG;51-100;1;FALSE;1;1;;;;;;1;1;1;1;1;0,9836;1;0,9484
mean;psi_3;7;7;CG;1-50;CG;51-100;1;FALSE;1;1;;;;;;1;1;1;1;1;0,9836;1;0,9484
mean;psi_3;3;3;CG;1-50;CG;51-100;1;FALSE;1;1;;;;;;1;1;1;1;1;0,9836;1;0,9484
mean;psi_3;10;10;CG;1-50;CG;51-100;1;FALSE;1;1;;;;;;1;1;1;1;1;0,9836;1;0,9484
mean;psi_3;4;4;CG;1-50;CG;51-100;1;FALSE;1;1;;;;;;1;1;1;1;1;0,9836;1;0,9484
mean;psi_3;13;13;CG;1-50;CG;51-100;1;FALSE;1;1;;;;;;1;1;1;1;1;0,9836;1;0,9484
mean;psi_3;5;5;CG;1-50;CG;51-100;1;FALSE;1;1;;;;;;1;1;1;1;1;0,9836;1;0,9484
mean;psi_3;16;16;CG;1-50;CG;51-100;1;FALSE;1;1;;;;;;1;1;1;1;1;0,9836;1;0,9484
mean;psi_3;6;6;CG;1-50;CG;51-100;1;FALSE;1;1;;;;;;1;1;1;1;1;0,9836;1;0,9484
mean;psi_3;19;19;CG;1-50;CG;51-100;1;FALSE;1;1;;;;;;1;1;1;1;1;0,9836;1;0,9484
mean;psi_4;2;2;CG;1-50;CG;51-100;2000;TRUE;0,9742;0,9789;;;;;;0,9839;0,9908;0,9776;0,9767;0,9708;0,912;0,9777;0,8311
mean;psi_4;7;7;CG;1-50;CG;51-100;2000;TRUE;0,885;0,8837;;;;;;0,8925;0,8909;0,8852;0,8788;0,8768;0,9225;0,884;0,9206
mean;psi_4;3;3;CG;1-50;CG;51-100;2000;TRUE;0,8928;0,8863;;;;;;0,8961;0,894;0,8879;0,8811;0,8789;0,9037;0,888;0,7881
mean;psi_4;10;10;CG;1-50;CG;51-100;2000;TRUE;0,838;0,8348;;;;;;0,8441;0,8418;0,8364;0,8298;0,8278;0,9037;0,8356;0,7879
mean;psi_4;4;4;CG;1-50;CG;51-100;2000;TRUE;0,9757;0,9646;;;;;;0,948;0,9524;0,9604;0,972;0,9791;0,9011;0,9674;0,7877
mean;psi_4;13;13;CG;1-50;CG;51-100;2000;TRUE;0,9812;0,9659;;;;;;0,9498;0,9539;0,9617;0,9732;0,9802;0,9037;0,9698;0,7863
mean;psi_4;5;5;CG;1-50;CG;51-100;2000;TRUE;0,9773;0,9659;;;;;;0,9462;0,9508;0,9644;0,9744;0,9812;0,9197;0,9688;0,9044
mean;psi_4;16;16;CG;1-50;CG;51-100;2000;TRUE;0,838;0,8348;;;;;;0,8441;0,8418;0,8364;0,8298;0,8278;0,8757;0,8356;0,6682
mean;psi_4;6;6;CG;1-50;CG;51-100;2000;TRUE;0,838;0,8348;;;;;;0,8441;0,8418;0,8364;0,8298;0,8278;0,8843;0,8356;0,7041
mean;psi_4;19;19;CG;1-50;CG;51-100;2000;TRUE;0,838;0,8348;;;;;;0,8441;0,8418;0,8364;0,8298;0,8278;0,8726;0,8356;0,6674
mean;psi_5;2;2;CG;1-50;CG;51-100;1;FALSE;1;1;;;;;;1;1;1;1;1;0,9946;1;0,9532
mean;psi_5;7;7;CG;1-50;CG;51-100;1;FALSE;1;1;;;;;;1;1;1;1;1;0,9946;1;0,9532
mean;psi_5;3;3;CG;1-50;CG;51-100;494;TRUE;1;1;;;;;;1;1;1;1;1;0,9927;1;0,9504
mean;psi_5;10;10;CG;1-50;CG;51-100;1;FALSE;1;1;;;;;;1;1;1;1;1;0,9946;1;0,9532
mean;psi_5;4;4;CG;1-50;CG;51-100;1;FALSE;1;1;;;;;;1;1;1;1;1;0,9946;1;0,9532
mean;psi_5;13;13;CG;1-50;CG;51-100;1;FALSE;1;1;;;;;;1;1;1;1;1;0,9946;1;0,9532
mean;psi_5;5;5;CG;1-50;CG;51-100;1;FALSE;1;1;;;;;;1;1;1;1;1;0,9946;1;0,9532
mean;psi_5;16;16;CG;1-50;CG;51-100;1;FALSE;1;1;;;;;;1;1;1;1;1;0,9946;1;0,9532
mean;psi_5;6;6;CG;1-50;CG;51-100;1;FALSE;1;1;;;;;;1;1;1;1;1;0,9946;1;0,9532
mean;psi_5;19;19;CG;1-50;CG;51-100;1;FALSE;1;1;;;;;;1;1;1;1;1;0,9946;1;0,9532
mean;psi_6;2;2;CG;1-50;CG;51-100;2000;TRUE;0,9476;0,9371;;;;;;0,9444;0,9447;0,938;0,9347;0,929;0,9386;0,9397;0,9147
mean;psi_6;7;7;CG;1-50;CG;51-100;2000;TRUE;0,9257;0,903;;;;;;0,8907;0,8955;0,9024;0,9091;0,9102;0,9386;0,9087;0,9141
mean;psi_6;3;3;CG;1-50;CG;51-100;2000;TRUE;0,9257;0,903;;;;;;0,8907;0,8955;0,9024;0,9091;0,9102;0,9386;0,9087;0,9141
mean;psi_6;10;10;CG;1-50;CG;51-100;2000;TRUE;0,9257;0,903;;;;;;0,8907;0,8955;0,9024;0,9091;0,9102;0,9386;0,9087;0,9141
mean;psi_6;4;4;CG;1-50;CG;51-100;2000;TRUE;0,9257;0,903;;;;;;0,8907;0,8955;0,9024;0,9091;0,9102;0,9386;0,9087;0,9141
mean;psi_6;13;13;CG;1-50;CG;51-100;2000;TRUE;0,9257;0,903;;;;;;0,8907;0,8955;0,9024;0,9091;0,9102;0,9386;0,9087;0,9141
mean;psi_6;5;5;CG;1-50;CG;51-100;2000;TRUE;0,9257;0,903;;;;;;0,8907;0,8955;0,9024;0,9091;0,9102;0,9386;0,9087;0,9141
mean;psi_6;16;16;CG;1-50;CG;51-100;2000;TRUE;0,9257;0,903;;;;;;0,8907;0,8955;0,9024;0,9091;0,9102;0,9386;0,9087;0,9141
mean;psi_6;6;6;CG;1-50;CG;51-100;2000;TRUE;0,9257;0,903;;;;;;0,8907;0,8955;0,9024;0,9091;0,9102;0,9386;0,9087;0,9141
mean;psi_6;19;19;CG;1-50;CG;51-100;2000;TRUE;0,9257;0,903;;;;;;0,8907;0,8955;0,9024;0,9091;0,9102;0,9386;0,9087;0,9141
mean;psi_7;6;6;CG;1-50;CG;51-100;1223;TRUE;0,9875;0,9942;;;;;;0,991;0,9923;0,9947;0,9953;0,9958;0,6258;0,9925;0,6875
mean;psi_7;19;19;CG;1-50;CG;51-100;2000;TRUE;0,6698;0,6915;;;;;;0,7079;0,7112;0,6873;0,683;0,6795;0,3264;0,686;0,4888
mean;psi_7;7;7;CG;1-50;CG;51-100;2000;TRUE;0,9781;0,9921;;;;;;0,9946;0,9954;0,9894;0,9907;0,9916;0,6603;0,9885;0,6293
mean;psi_7;22;22;CG;1-50;CG;51-100;2000;TRUE;0,6698;0,6915;;;;;;0,7079;0,7112;0,6873;0,683;0,6795;0,3264;0,686;0,4888
mean;psi_7;8;8;CG;1-50;CG;51-100;2000;TRUE;0,9937;0,9913;;;;;;1;1;0,9855;0,9872;0,9885;0,678;0,9919;0,5503
mean;psi_7;25;25;CG;1-50;CG;51-100;2000;TRUE;0,6698;0,6915;;;;;;0,7079;0,7112;0,6873;0,683;0,6795;0,3264;0,686;0,4888
mean;psi_7;9;9;CG;1-50;CG;51-100;2000;TRUE;0,6698;0,6915;;;;;;0,7079;0,7112;0,6873;0,683;0,6795;0,3264;0,686;0,4888
mean;psi_7;28;28;CG;1-50;CG;51-100;2000;TRUE;0,6698;0,6915;;;;;;0,7079;0,7112;0,6873;0,683;0,6795;0,3264;0,686;0,4888
mean;psi_7;10;10;CG;1-50;CG;51-100;2000;TRUE;0,6698;0,6915;;;;;;0,7079;0,7112;0,6873;0,683;0,6795;0,3264;0,686;0,4888
mean;psi_7;31;31;CG;1-50;CG;51-100;2000;TRUE;0,6698;0,6915;;;;;;0,7079;0,7112;0,6873;0,683;0,6795;0,3264;0,686;0,4888
mean;psi_8;6;6;CG;1-50;CG;51-100;1;FALSE;1;1;;;;;;1;1;1;1;1;0,9608;1;0,8856
mean;psi_8;19;19;CG;1-50;CG;51-100;1;FALSE;1;1;;;;;;1;1;1;1;1;0,9608;1;0,8856
mean;psi_8;7;7;CG;1-50;CG;51-100;1;FALSE;1;1;;;;;;1;1;1;1;1;0,9608;1;0,8856
mean;psi_8;22;22;CG;1-50;CG;51-100;1;FALSE;1;1;;;;;;1;1;1;1;1;0,9608;1;0,8856
mean;psi_8;8;8;CG;1-50;CG;51-100;1;FALSE;1;1;;;;;;1;1;1;1;1;0,9608;1;0,8856
mean;psi_8;25;25;CG;1-50;CG;51-100;1;FALSE;1;1;;;;;;1;1;1;1;1;0,9608;1;0,8856
mean;psi_8;9;9;CG;1-50;CG;51-100;1;FALSE;1;1;;;;;;1;1;1;1;1;0,9608;1;0,8856
mean;psi_8;28;28;CG;1-50;CG;51-100;1;FALSE;1;1;;;;;;1;1;1;1;1;0,9608;1;0,8856
mean;psi_8;10;10;CG;1-50;CG;51-100;1;FALSE;1;1;;;;;;1;1;1;1;1;0,9608;1;0,8856
mean;psi_8;31;31;CG;1-50;CG;51-100;1;FALSE;1;1;;;;;;1;1;1;1;1;0,9608;1;0,8856
mean;psi_9;2;2;CG;1-50;CG;51-100;2000;TRUE;0,9624;0,9648;;;;;;0,9695;0,9739;0,9697;0,9615;0,9551;0,3785;0,9642;0,652
mean;psi_9;7;7;CG;1-50;CG;51-100;2000;TRUE;0,9624;0,9648;;;;;;0,9695;0,9739;0,9697;0,9615;0,9551;0,3971;0,9642;0,7851
mean;psi_9;3;3;CG;1-50;CG;51-100;2000;TRUE;0,9624;0,9648;;;;;;0,9695;0,9739;0,9697;0,9615;0,9551;0,3971;0,9642;0,7851
mean;psi_9;10;10;CG;1-50;CG;51-100;2000;TRUE;0,9624;0,9648;;;;;;0,9695;0,9739;0,9697;0,9615;0,9551;0,3971;0,9642;0,7851
mean;psi_9;4;4;CG;1-50;CG;51-100;2000;TRUE;0,9624;0,9648;;;;;;0,9695;0,9739;0,9697;0,9615;0,9551;0,3971;0,9642;0,7851
mean;psi_9;13;13;CG;1-50;CG;51-100;2000;TRUE;0,9624;0,9648;;;;;;0,9695;0,9739;0,9697;0,9615;0,9551;0,3971;0,9642;0,7851
mean;psi_9;5;5;CG;1-50;CG;51-100;2000;TRUE;0,9624;0,9648;;;;;;0,9695;0,9739;0,9697;0,9615;0,9551;0,3971;0,9642;0,7851
mean;psi_9;16;16;CG;1-50;CG;51-100;2000;TRUE;0,9624;0,9648;;;;;;0,9695;0,9739;0,9697;0,9615;0,9551;0,3971;0,9642;0,7851
mean;psi_10;2;2;CG;1-50;CG;51-100;2000;TRUE;0,9765;0,9807;;;;;;0,9857;0,9892;0,9828;0,9767;0,9739;0,7705;0,9796;0,8307
mean;psi_10;7;7;CG;1-50;CG;51-100;2000;TRUE;0,9765;0,9807;;;;;;0,9857;0,9892;0,9828;0,9767;0,9739;0,8147;0,9796;0,9093
mean;psi_10;3;3;CG;1-50;CG;51-100;2000;TRUE;0,9765;0,9807;;;;;;0,9857;0,9892;0,9828;0,9767;0,9739;0,8147;0,9796;0,9093
mean;psi_10;10;10;CG;1-50;CG;51-100;2000;TRUE;0,9765;0,9807;;;;;;0,9857;0,9892;0,9828;0,9767;0,9739;0,8147;0,9796;0,9093
mean;psi_10;4;4;CG;1-50;CG;51-100;2000;TRUE;0,9765;0,9807;;;;;;0,9857;0,9892;0,9828;0,9767;0,9739;0,8147;0,9796;0,9093
mean;psi_10;13;13;CG;1-50;CG;51-100;2000;TRUE;0,9765;0,9807;;;;;;0,9857;0,9892;0,9828;0,9767;0,9739;0,8147;0,9796;0,9093
mean;psi_10;5;5;CG;1-50;CG;51-100;2000;TRUE;0,9765;0,9807;;;;;;0,9857;0,9892;0,9828;0,9767;0,9739;0,8147;0,9796;0,9093
mean;psi_10;16;16;CG;1-50;CG;51-100;2000;TRUE;0,9765;0,9807;;;;;;0,9857;0,9892;0,9828;0,9767;0,9739;0,8147;0,9796;0,9093
mean;psi_11;2;2;CG;1-50;CG;51-100;2000;TRUE;0,7574;0,761;;;;;;0,7688;0,7481;0,7704;0,7751;0,7453;0,2305;0,7601;0,4944
mean;psi_11;7;7;CG;1-50;CG;51-100;2000;TRUE;0,7246;0,6915;;;;;;0,6882;0,6928;0,6913;0,6911;0,6931;0,1439;0,6999;0,3488
mean;psi_11;3;3;CG;1-50;CG;51-100;2000;TRUE;0,8638;0,8467;;;;;;0,8423;0,8495;0,8456;0,8473;0,8476;0,2023;0,851;0,3618
mean;psi_11;10;10;CG;1-50;CG;51-100;2000;TRUE;0,6839;0,6963;;;;;;0,6953;0,6943;0,6966;0,697;0,6973;0,9582;0,6931;0,68
mean;psi_11;4;4;CG;1-50;CG;51-100;2000;TRUE;0,8764;0,8647;;;;;;0,8799;0,8925;0,8694;0,8543;0,8424;0,0652;0,8676;0,4796
mean;psi_11;13;13;CG;1-50;CG;51-100;2000;TRUE;0,9218;0,9249;;;;;;0,9355;0,9447;0,9142;0,9184;0,9196;0,0569;0,9241;0,4817
mean;psi_11;5;5;CG;1-50;CG;51-100;2000;TRUE;0,8537;0,8113;;;;;;0,81;0,8126;0,8113;0,8112;0,8111;0,9526;0,822;0,5742
mean;psi_11;16;16;CG;1-50;CG;51-100;2000;TRUE;0,6839;0,6963;;;;;;0,6953;0,6943;0,6966;0,697;0,6973;0,96;0,6931;0,7122
mean;psi_11;6;6;CG;1-50;CG;51-100;2000;TRUE;0,9319;0,9096;;;;;;0,9462;0,9432;0,9103;0,8951;0,8779;0,3423;0,9152;0,3012
mean;psi_11;19;19;CG;1-50;CG;51-100;2000;TRUE;0,6839;0,6963;;;;;;0,6953;0,6943;0,6966;0,697;0,6973;0,9461;0,6931;0,6765
mean;psi_12;2;2;CG;1-50;CG;51-100;2000;TRUE;0,7058;0,7063;;;;;;0,7025;0,7112;0,7098;0,7075;0,7015;0,0941;0,7062;0,509
mean;psi_12;7;7;CG;1-50;CG;51-100;2000;TRUE;0,9476;0,9429;;;;;;0,948;0,9447;0,942;0,9417;0,9405;0,5212;0,9441;0,4651
mean;psi_12;3;3;CG;1-50;CG;51-100;2000;TRUE;0,7058;0,7063;;;;;;0,7025;0,7112;0,7098;0,7075;0,7015;0,0908;0,7062;0,4809
mean;psi_12;10;10;CG;1-50;CG;51-100;2000;TRUE;0,7254;0,7341;;;;;;0,7348;0,7419;0,7348;0,7319;0,7296;0,5206;0,7319;0,5515
mean;psi_12;4;4;CG;1-50;CG;51-100;2000;TRUE;0,8811;0,867;;;;;;0,8638;0,8786;0,8668;0,8683;0,8601;0,1793;0,8706;0,4871
mean;psi_12;13;13;CG;1-50;CG;51-100;2000;TRUE;0,9061;0,8818;;;;;;0,905;0,9109;0,8826;0,8718;0,857;0,1706;0,888;0,5017
mean;psi_12;5;5;CG;1-50;CG;51-100;2000;TRUE;0,7058;0,7063;;;;;;0,7025;0,7112;0,7098;0,7075;0,7015;0,0939;0,7062;0,5145
mean;psi_12;16;16;CG;1-50;CG;51-100;2000;TRUE;0,9351;0,9088;;;;;;0,9373;0,9386;0,9063;0,8963;0,8852;0,5579;0,9154;0,59
mean;psi_13;2;2;CG;1-50;CG;51-100;528;TRUE;1;0,9992;;;;;;1;1;0,9987;0,9988;0,999;0,799;0,9994;0,8066
mean;psi_13;7;7;CG;1-50;CG;51-100;667;TRUE;1;1;;;;;;1;1;1;1;1;0,7806;1;0,8955
mean;psi_13;3;3;CG;1-50;CG;51-100;2000;TRUE;0,989;0,9913;;;;;;0,991;0,9923;0,9934;0,9907;0,9896;0,7374;0,9907;0,8513
mean;psi_13;10;10;CG;1-50;CG;51-100;2000;TRUE;0,5806;0,5887;;;;;;0,5753;0,5776;0,5871;0,5944;0,6002;0,4364;0,5866;0,4916
mean;psi_13;4;4;CG;1-50;CG;51-100;2000;TRUE;0,9523;0,9736;;;;;;0,9695;0,9739;0,9776;0,9744;0,9718;0,6805;0,9682;0,6763
mean;psi_13;13;13;CG;1-50;CG;51-100;2000;TRUE;0,8059;0,7967;;;;;;0,7885;0,7911;0,7942;0,7995;0,8048;0,5751;0,7991;0,607
mean;psi_13;5;5;CG;1-50;CG;51-100;2000;TRUE;0,8388;0,8414;;;;;;0,8387;0,8418;0,8404;0,8427;0,8424;0,5692;0,8407;0,6557
mean;psi_13;16;16;CG;1-50;CG;51-100;2000;TRUE;0,8341;0,8274;;;;;;0,8369;0,8449;0,8285;0,8205;0,8152;0,5559;0,8291;0,636
mean;psi_14;2;2;CG;1-50;CG;51-100;2000;TRUE;0,8044;0,8195;;;;;;0,819;0,8172;0,8179;0,8205;0,8215;0,9808;0,8156;0,8813
mean;psi_14;7;7;CG;1-50;CG;51-100;2000;TRUE;0,9961;0,9987;;;;;;0,9982;0,9985;0,9987;0,9988;0,999;0,9834;0,998;0,9149
mean;psi_14;3;3;CG;1-50;CG;51-100;2000;TRUE;0,9452;0,9485;;;;;;0,948;0,9478;0,9485;0,9487;0,9489;0,9843;0,9476;0,9131
mean;psi_14;10;10;CG;1-50;CG;51-100;2000;TRUE;0,8044;0,8195;;;;;;0,819;0,8172;0,8179;0,8205;0,8215;0,9834;0,8156;0,9008
mean;psi_14;4;4;CG;1-50;CG;51-100;2000;TRUE;0,9937;0,9984;;;;;;0,9982;0,9985;0,9974;0,9988;0,999;0,9847;0,9972;0,9145
mean;psi_14;13;13;CG;1-50;CG;51-100;2000;TRUE;0,8044;0,8195;;;;;;0,819;0,8172;0,8179;0,8205;0,8215;0,9834;0,8156;0,9008
mean;psi_14;5;5;CG;1-50;CG;51-100;2000;TRUE;0,9945;0,9981;;;;;;0,9982;0,9985;0,9974;0,9977;0,999;0,9756;0,9972;0,8392
mean;psi_14;16;16;CG;1-50;CG;51-100;2000;TRUE;0,8044;0,8195;;;;;;0,819;0,8172;0,8179;0,8205;0,8215;0,9834;0,8156;0,9008
mean;psi_15;3;3;CG;1-50;CG;51-100;2000;TRUE;0,9515;0,9699;;;;;;0,9642;0,9708;0,9736;0,9709;0,9687;0,1651;0,9652;0,5475
mean;psi_15;10;10;CG;1-50;CG;51-100;2000;TRUE;0,8803;0,8969;;;;;;0,8943;0,8955;0,9011;0,8963;0,8967;0,212;0,8927;0,5601
mean;psi_15;4;4;CG;1-50;CG;51-100;2000;TRUE;0,9053;0,926;;;;;;0,9247;0,9278;0,9288;0,9242;0,9248;0,3173;0,9208;0,6451
mean;psi_15;13;13;CG;1-50;CG;51-100;2000;TRUE;0,9937;0,995;;;;;;0,9946;0,9954;0,9934;0,9953;0,9958;0,5268;0,9947;0,6026
mean;psi_15;5;5;CG;1-50;CG;51-100;2000;TRUE;0,9906;0,9934;;;;;;0,991;0,9923;0,9934;0,9942;0,9948;0,2392;0,9927;0,6077
mean;psi_15;16;16;CG;1-50;CG;51-100;2000;TRUE;0,7864;0,7991;;;;;;0,7975;0,7972;0,8034;0,7984;0,7985;0,1508;0,7959;0,5455
mean;psi_15;6;6;CG;1-50;CG;51-100;2000;TRUE;0,7864;0,7991;;;;;;0,7975;0,7972;0,8034;0,7984;0,7985;0,1508;0,7959;0,5455
mean;psi_15;19;19;CG;1-50;CG;51-100;2000;TRUE;0,7864;0,7991;;;;;;0,7975;0,7972;0,8034;0,7984;0,7985;0,1508;0,7959;0,5455
mean;psi_15;7;7;CG;1-50;CG;51-100;2000;TRUE;0,9851;0,9934;;;;;;0,991;0,9939;0,9934;0,9942;0,9937;0,237;0,9913;0,5264
mean;psi_15;22;22;CG;1-50;CG;51-100;2000;TRUE;0,7864;0,7991;;;;;;0,7975;0,7972;0,8034;0,7984;0,7985;0,1508;0,7959;0,5455
mean;psi_16;2;2;CG;1-50;CG;51-100;2000;TRUE;0,9883;0,9828;;;;;;0,9534;0,9969;0,9974;0,9592;1;0,9653;0,9842;0,7426
mean;psi_16;7;7;CG;1-50;CG;51-100;2000;TRUE;0,9914;0,9833;;;;;;0,9534;0,9969;1;0,9592;1;0,9631;0,9854;0,7399
mean;psi_16;3;3;CG;1-50;CG;51-100;2000;TRUE;0,9906;0,9833;;;;;;0,9534;0,9969;1;0,9592;1;0,9633;0,9852;0,7446
mean;psi_16;10;10;CG;1-50;CG;51-100;2000;TRUE;0,9249;0,9278;;;;;;0,8961;0,9401;0,9446;0,9044;0,9457;0,9649;0,9271;0,6725
mean;psi_16;4;4;CG;1-50;CG;51-100;2000;TRUE;0,9953;0,9844;;;;;;0,957;1;1;0,9592;1;0,9637;0,9872;0,7409
mean;psi_16;13;13;CG;1-50;CG;51-100;2000;TRUE;0,9249;0,9278;;;;;;0,8961;0,9401;0,9446;0,9044;0,9457;0,9631;0,9271;0,7395
mean;psi_16;5;5;CG;1-50;CG;51-100;2000;TRUE;0,9914;0,9833;;;;;;0,9534;0,9969;1;0,9592;1;0,9631;0,9854;0,7421
mean;psi_16;16;16;CG;1-50;CG;51-100;2000;TRUE;0,6103;0,5908;;;;;;0,5645;0,6022;0,6082;0,5664;0,6065;0,9631;0,5957;0,7391
mean;psi_16;6;6;CG;1-50;CG;51-100;2000;TRUE;0,9961;0,9878;;;;;;0,9677;0,9969;0,9987;0,972;0,999;0,9826;0,9899;0,8854
mean;psi_16;19;19;CG;1-50;CG;51-100;2000;TRUE;0,6103;0,5908;;;;;;0,5645;0,6022;0,6082;0,5664;0,6065;0,9631;0,5957;0,7391
max;psi_1;2;2;HC;1-50;HC;51-100;1800;TRUE;1;1;;;;;;1;1;1;1;1;1;1;1
max;psi_1;3;3;HC;1-50;HC;51-100;128;TRUE;1;1;;;;;;1;1;1;1;1;1;1;1
max;psi_1;4;4;HC;1-50;HC;51-100;327;TRUE;1;1;;;;;;1;1;1;1;1;1;1;1
max;psi_2;2;2;HC;1-50;HC;51-100;1767;TRUE;1;1;;;;;;1;1;1;1;1;1;1;1
max;psi_2;3;3;HC;1-50;HC;51-100;2000;TRUE;0,7776;0,8343;;;;;;0,809;0,8313;0,7457;0,869;0,8913;0,9455;0,6137;0,8199
max;psi_2;4;4;HC;1-50;HC;51-100;2000;TRUE;0,9984;0,9971;;;;;;1;1;0,9973;0,993;0,9968;0,999;1;0,9974
max;psi_2;5;5;HC;1-50;HC;51-100;2000;TRUE;0,6392;0,704;;;;;;0,7401;0,7147;0,506;0,8047;0,7409;0,9271;0,6137;0,6875
max;psi_3;2;2;HC;1-50;HC;51-100;2000;TRUE;0,9479;0,9486;;;;;;0,9707;0,9402;0,9374;0,9649;0,935;0,9836;1;0,9484
max;psi_3;3;3;HC;1-50;HC;51-100;2000;TRUE;0,9479;0,9486;;;;;;0,9707;0,9402;0,9374;0,9649;0,935;0,9836;1;0,9484
max;psi_3;4;4;HC;1-50;HC;51-100;2000;TRUE;0,9479;0,9486;;;;;;0,9707;0,9402;0,9374;0,9649;0,935;0,9836;1;0,9484
max;psi_3;5;5;HC;1-50;HC;51-100;2000;TRUE;0,9479;0,9486;;;;;;0,9707;0,9402;0,9374;0,9649;0,935;0,9836;1;0,9484
max;psi_3;6;6;HC;1-50;HC;51-100;2000;TRUE;0,9868;0,9809;;;;;;0,9897;0,9724;0,9827;0,9906;0,9712;0,9871;1;0,9824
max;psi_4;2;2;HC;1-50;HC;51-100;2000;TRUE;0,8942;0,9275;;;;;;0,9329;0,9187;0,964;0,9099;0,9168;0,9223;0,8356;0,919
max;psi_4;3;3;HC;1-50;HC;51-100;2000;TRUE;0,8942;0,9275;;;;;;0,9329;0,9187;0,964;0,9099;0,9168;0,9223;0,8356;0,919
max;psi_4;4;4;HC;1-50;HC;51-100;2000;TRUE;0,9953;0,9913;;;;;;0,9948;0,9877;0,9973;0,9801;0,9968;0,9796;0,952;0,9923
max;psi_4;5;5;HC;1-50;HC;51-100;2000;TRUE;0,8942;0,9275;;;;;;0,9329;0,9187;0,964;0,9099;0,9168;0,9223;0,8356;0,919
max;psi_4;6;6;HC;1-50;HC;51-100;2000;TRUE;0,8942;0,9275;;;;;;0,9329;0,9187;0,964;0,9099;0,9168;0,9223;0,8356;0,919
max;psi_5;2;2;HC;1-50;HC;51-100;2000;TRUE;0,9393;0,9579;;;;;;0,9466;0,9647;0,9521;0,9696;0,9542;0,9946;1;0,9532
max;psi_5;3;3;HC;1-50;HC;51-100;2000;TRUE;0,9393;0,9579;;;;;;0,9466;0,9647;0,9521;0,9696;0,9542;0,9946;1;0,9532
max;psi_5;4;4;HC;1-50;HC;51-100;1705;TRUE;0,9969;1;;;;;;1;1;1;1;1;0,9996;1;0,9992
max;psi_5;5;5;HC;1-50;HC;51-100;1053;TRUE;0,9969;1;;;;;;1;1;1;1;1;0,9996;1;0,9992
max;psi_5;6;6;HC;1-50;HC;51-100;2000;TRUE;0,9642;0,9674;;;;;;0,9725;0,9693;0,9574;0,9743;0,9648;0,9964;1;0,9666
max;psi_6;2;2;HC;1-50;HC;51-100;2000;TRUE;0,8896;0,9224;;;;;;0,9053;0,9279;0,9108;0,931;0,9307;0,9386;0,9087;0,9141
max;psi_6;3;3;HC;1-50;HC;51-100;2000;TRUE;0,8896;0,9224;;;;;;0,9053;0,9279;0,9108;0,931;0,9307;0,9386;0,9087;0,9141
max;psi_6;4;4;HC;1-50;HC;51-100;2000;TRUE;0,8896;0,9224;;;;;;0,9053;0,9279;0,9108;0,931;0,9307;0,9386;0,9087;0,9141
max;psi_6;5;5;HC;1-50;HC;51-100;2000;TRUE;0,9448;0,9553;;;;;;0,938;0,9586;0,9467;0,9579;0,968;0,9457;0,97;0,9526
max;psi_6;6;6;HC;1-50;HC;51-100;2000;TRUE;0,8896;0,9224;;;;;;0,9053;0,9279;0,9108;0,931;0,9307;0,9386;0,9087;0,9141
max;psi_7;6;6;HC;1-50;HC;51-100;2000;TRUE;0,9308;0,7498;;;;;;0,7762;0,7255;0,8469;0,6409;0,7719;0,7025;0,8046;0,7958
max;psi_7;7;7;HC;1-50;HC;51-100;2000;TRUE;0,944;0,7969;;;;;;0,8072;0,7592;0,8722;0,6573;0,8838;0,7008;0,8569;0,8343
max;psi_7;8;8;HC;1-50;HC;51-100;2000;TRUE;0,9059;0,8176;;;;;;0,7745;0,8374;0,8575;0,7287;0,8795;0,7013;0,8046;0,84
max;psi_7;9;9;HC;1-50;HC;51-100;2000;TRUE;0,9642;0,8406;;;;;;0,8055;0,8712;0,8802;0,7404;0,9009;0,7021;0,9532;0,872
max;psi_7;10;10;HC;1-50;HC;51-100;2000;TRUE;0,9712;0,883;;;;;;0,8726;0,8865;0,9201;0,8117;0,9222;0,7019;0,8569;0,9054
max;psi_8;6;6;HC;1-50;HC;51-100;2000;TRUE;0,9806;0,9862;;;;;;0,9811;0,9862;0,9867;0,9871;0,9883;0,9768;0,998;0,9848
max;psi_8;7;7;HC;1-50;HC;51-100;2000;TRUE;0,9938;0,9881;;;;;;0,9897;0,9862;0,9867;0,9883;0,9893;0,9943;1;0,9895
max;psi_8;8;8;HC;1-50;HC;51-100;1790;TRUE;0,9984;0,9987;;;;;;1;1;0,9973;0,9977;0,9989;0,9952;1;0,9986
max;psi_8;9;9;HC;1-50;HC;51-100;2000;TRUE;0,9611;0,964;;;;;;0,9811;0,9387;0,972;0,9778;0,952;0,9671;1;0,9633
max;psi_8;10;10;HC;1-50;HC;51-100;2000;TRUE;0,9922;0,987;;;;;;0,9983;0,9877;0,9893;0,9813;0,9829;0,9893;0,9496;0,9883
max;psi_9;2;2;HC;1-50;HC;51-100;2000;TRUE;0,8958;0,7474;;;;;;0,7952;0,796;0,7337;0,7135;0,726;0,3971;0,9642;0,7851
max;psi_9;3;3;HC;1-50;HC;51-100;2000;TRUE;0,8958;0,7474;;;;;;0,7952;0,796;0,7337;0,7135;0,726;0,3971;0,9642;0,7851
max;psi_9;4;4;HC;1-50;HC;51-100;2000;TRUE;0,8958;0,7474;;;;;;0,7952;0,796;0,7337;0,7135;0,726;0,3971;0,9642;0,7851
max;psi_9;5;5;HC;1-50;HC;51-100;2000;TRUE;0,8958;0,7474;;;;;;0,7952;0,796;0,7337;0,7135;0,726;0,3971;0,9642;0,7851
max;psi_10;2;2;HC;1-50;HC;51-100;2000;TRUE;0,9378;0,8997;;;;;;0,9122;0,8926;0,9188;0,9053;0,8763;0,8147;0,9796;0,9093
max;psi_10;3;3;HC;1-50;HC;51-100;2000;TRUE;0,9378;0,8997;;;;;;0,9122;0,8926;0,9188;0,9053;0,8763;0,8147;0,9796;0,9093
max;psi_10;4;4;HC;1-50;HC;51-100;2000;TRUE;0,9378;0,8997;;;;;;0,9122;0,8926;0,9188;0,9053;0,8763;0,8147;0,9796;0,9093
max;psi_10;5;5;HC;1-50;HC;51-100;2000;TRUE;0,9378;0,8997;;;;;;0,9122;0,8926;0,9188;0,9053;0,8763;0,8147;0,9796;0,9093
max;psi_11;2;2;HC;1-50;HC;51-100;2000;TRUE;0,8266;0,7805;;;;;;0,7143;0,8021;0,727;0,8246;0,8092;0,8641;0,3246;0,7922
max;psi_11;3;3;HC;1-50;HC;51-100;2000;TRUE;0,6773;0,4369;;;;;;0,4148;0,4049;0,5073;0,3965;0,4531;0,0567;0,3069;0,4979
max;psi_11;4;4;HC;1-50;HC;51-100;2000;TRUE;0,8305;0,7577;;;;;;0,7625;0,7439;0,7843;0,7509;0,7495;0,886;0,2723;0,7762
max;psi_11;5;5;HC;1-50;HC;51-100;2000;TRUE;0,6773;0,4369;;;;;;0,4148;0,4049;0,5073;0,3965;0,4531;0,0567;0,3069;0,4979
max;psi_11;6;6;HC;1-50;HC;51-100;2000;TRUE;0,9681;0,9738;;;;;;0,9432;0,9816;0,976;0,9731;0,9861;0,9875;0,3227;0,9723
max;psi_12;2;2;HC;1-50;HC;51-100;2000;TRUE;0,8375;0,8631;;;;;;0,8812;0,7914;0,9095;0,7965;0,9254;0,9473;0,757;0,8566
max;psi_12;3;3;HC;1-50;HC;51-100;2000;TRUE;0,7621;0,7784;;;;;;0,7126;0,7761;0,7057;0,8269;0,8348;0,8452;0,8285;0,7742
max;psi_12;4;4;HC;1-50;HC;51-100;2000;TRUE;0,5894;0,489;;;;;;0,4871;0,5153;0,5859;0,4339;0,4446;0,0939;0,7062;0,5145
max;psi_12;5;5;HC;1-50;HC;51-100;2000;TRUE;0,8561;0,8848;;;;;;0,8313;0,9018;0,9095;0,8959;0,8763;0,9407;0,7165;0,8775
max;psi_13;2;2;HC;1-50;HC;51-100;2000;TRUE;0,9285;0,8509;;;;;;0,8606;0,8328;0,9201;0,8164;0,8337;0,6377;0,9949;0,8706
max;psi_13;3;3;HC;1-50;HC;51-100;2000;TRUE;0,4844;0,494;;;;;;0,4372;0,5429;0,4394;0,5088;0,5256;0,4364;0,5866;0,4916
max;psi_13;4;4;HC;1-50;HC;51-100;2000;TRUE;0,9432;0,8337;;;;;;0,8382;0,8282;0,8256;0,8269;0,8475;0,6742;0,9931;0,8615
max;psi_13;5;5;HC;1-50;HC;51-100;2000;TRUE;0,9502;0,8655;;;;;;0,8606;0,862;0,9161;0,8491;0,8454;0,691;0,9953;0,887
max;psi_14;2;2;HC;1-50;HC;51-100;2000;TRUE;0,8561;0,9161;;;;;;0,8795;0,9448;0,9481;0,9392;0,8721;0,9834;0,8156;0,9008
max;psi_14;3;3;HC;1-50;HC;51-100;2000;TRUE;0,8561;0,9161;;;;;;0,8795;0,9448;0,9481;0,9392;0,8721;0,9834;0,8156;0,9008
max;psi_14;4;4;HC;1-50;HC;51-100;1643;TRUE;0,9992;0,9987;;;;;;0,9948;0,9985;1;0,9988;1;0,999;0,9779;0,9988
max;psi_14;5;5;HC;1-50;HC;51-100;2000;TRUE;0,8561;0,9161;;;;;;0,8795;0,9448;0,9481;0,9392;0,8721;0,9834;0,8156;0,9008
max;psi_15;3;3;HC;1-50;HC;51-100;2000;TRUE;0,6221;0,5195;;;;;;0,5232;0,5429;0,6192;0,4444;0,4893;0,1508;0,7959;0,5455
max;psi_15;4;4;HC;1-50;HC;51-100;2000;TRUE;0,9051;0,8194;;;;;;0,8451;0,8574;0,8775;0,7333;0,8092;0,7346;0,8909;0,8412
max;psi_15;5;5;HC;1-50;HC;51-100;2000;TRUE;0,7768;0,8104;;;;;;0,7762;0,819;0,8296;0,8094;0,8113;0,8367;0,7817;0,8019
max;psi_15;6;6;HC;1-50;HC;51-100;2000;TRUE;0,9992;0,9979;;;;;;0,9966;0,9969;0,9973;0,9977;1;0,9974;1;0,9982
max;psi_15;7;7;HC;1-50;HC;51-100;2000;TRUE;0,7799;0,8398;;;;;;0,7418;0,8528;0,8455;0,8819;0,8486;0,9059;0,789;0,8246
max;psi_16;2;2;HC;1-50;HC;51-100;2000;TRUE;0,9743;0,9852;;;;;;0,9793;0,9801;0,9947;0,9848;0,9851;0,9933;0,9874;0,9824
max;psi_16;3;3;HC;1-50;HC;51-100;2000;TRUE;0,9106;0,932;;;;;;0,895;0,9325;0,968;0,9251;0,9318;0,9865;0,8362;0,9265
max;psi_16;4;4;HC;1-50;HC;51-100;2000;TRUE;0,9743;0,9852;;;;;;0,9793;0,9801;0,9947;0,9848;0,9851;0,9931;0,9874;0,9824
max;psi_16;5;5;HC;1-50;HC;51-100;2000;TRUE;0,9471;0,96;;;;;;0,9725;0,9617;0,9694;0,931;0,9701;0,9865;0,9874;0,9567
max;psi_16;6;6;HC;1-50;HC;51-100;2000;TRUE;0,9743;0,9823;;;;;;0,9776;0,9724;0,9933;0,9825;0,9829;0,9921;0,9874;0,9802
sum;psi_1;2;2;HC;1-50;HC;51-100;708;TRUE;0,9992;0,9968;;;;;;0,9983;0,9985;0,9947;0,9942;0,9989;0,9709;1;0,9974
sum;psi_1;3;3;HC;1-50;HC;51-100;434;TRUE;1;0,9997;;;;;;1;1;1;0,9988;1;0,9984;0,997;0,9998
sum;psi_1;4;4;HC;1-50;HC;51-100;829;TRUE;0,9992;0,9931;;;;;;0,9931;0,9985;0,988;0,9883;0,9979;0,9683;1;0,9947
sum;psi_2;2;2;HC;1-50;HC;51-100;548;TRUE;1;1;;;;;;1;1;1;1;1;1;1;1
sum;psi_2;3;3;HC;1-50;HC;51-100;2000;TRUE;0,9487;0,9542;;;;;;0,938;0,9555;0,9308;0,9673;0,9701;0,9798;0,9567;0,9528
sum;psi_2;4;4;HC;1-50;HC;51-100;2000;TRUE;0,6415;0,6524;;;;;;0,7108;0,7086;0,466;0,6632;0,7164;0,5511;0,6137;0,6496
sum;psi_2;5;5;HC;1-50;HC;51-100;2000;TRUE;0,9969;0,964;;;;;;0,9914;0,9969;0,8535;0,9988;0,9808;0,9889;0,8532;0,9723
sum;psi_3;2;2;HC;1-50;HC;51-100;2000;TRUE;0,9479;0,9486;;;;;;0,9707;0,9402;0,9374;0,9649;0,935;0,9792;1;0,9484
sum;psi_3;3;3;HC;1-50;HC;51-100;2000;TRUE;0,9409;0,9486;;;;;;0,9707;0,9402;0,9374;0,9649;0,935;0,9834;0,9887;0,9467
sum;psi_3;4;4;HC;1-50;HC;51-100;2000;TRUE;0,9557;0,9595;;;;;;0,9707;0,9509;0,964;0,9684;0,9467;0,9836;1;0,9585
sum;psi_3;5;5;HC;1-50;HC;51-100;2000;TRUE;0,9596;0,9592;;;;;;0,9707;0,9509;0,964;0,9684;0,9456;0,9836;1;0,9593
sum;psi_3;6;6;HC;1-50;HC;51-100;2000;TRUE;0,9518;0,9574;;;;;;0,9707;0,9509;0,9601;0,9684;0,9414;0,9836;1;0,956
sum;psi_4;2;2;HC;1-50;HC;51-100;2000;TRUE;0,8935;0,9275;;;;;;0,9329;0,9202;0,9627;0,9111;0,9158;0,9223;0,8275;0,9188
sum;psi_4;3;3;HC;1-50;HC;51-100;2000;TRUE;0,8942;0,9277;;;;;;0,9329;0,9202;0,9627;0,9111;0,9168;0,9209;0,8303;0,9192
sum;psi_4;4;4;HC;1-50;HC;51-100;2000;TRUE;0,8942;0,9275;;;;;;0,9329;0,9187;0,964;0,9099;0,9168;0,9223;0,8356;0,919
sum;psi_4;5;5;HC;1-50;HC;51-100;2000;TRUE;0,9082;0,8798;;;;;;0,926;0,8988;0,9241;0,7813;0,8923;0,5107;0,8309;0,887
sum;psi_4;6;6;HC;1-50;HC;51-100;2000;TRUE;0,916;0,9357;;;;;;0,9329;0,9248;0,968;0,9135;0,9392;0,9235;0,8344;0,9307
sum;psi_5;2;2;HC;1-50;HC;51-100;2000;TRUE;0,9603;0,973;;;;;;0,9518;0,9785;0,984;0,9813;0,9659;0,9945;1;0,9698
sum;psi_5;3;3;HC;1-50;HC;51-100;2000;TRUE;0,9393;0,9579;;;;;;0,9466;0,9647;0,9521;0,9696;0,9542;0,9946;1;0,9532
sum;psi_5;4;4;HC;1-50;HC;51-100;2000;TRUE;0,9393;0,9579;;;;;;0,9466;0,9647;0,9521;0,9696;0,9542;0,9946;1;0,9532
sum;psi_5;5;5;HC;1-50;HC;51-100;1221;TRUE;0,9938;0,996;;;;;;1;1;0,9907;1;0,9915;0,9988;1;0,9955
sum;psi_5;6;6;HC;1-50;HC;51-100;258;TRUE;0,9907;0,9981;;;;;;1;1;0,996;1;0,9957;0,9988;1;0,9962
sum;psi_6;2;2;HC;1-50;HC;51-100;2000;TRUE;0,8896;0,9253;;;;;;0,9053;0,9294;0,9188;0,9322;0,9339;0,9386;0,8988;0,9163
sum;psi_6;3;3;HC;1-50;HC;51-100;2000;TRUE;0,8896;0,923;;;;;;0,9053;0,9294;0,9121;0,9322;0,9296;0,9386;0,9087;0,9145
sum;psi_6;4;4;HC;1-50;HC;51-100;2000;TRUE;0,9526;0,9558;;;;;;0,9346;0,9647;0,9441;0,9626;0,9659;0,9516;0,9111;0,955
sum;psi_6;5;5;HC;1-50;HC;51-100;2000;TRUE;0,8896;0,9224;;;;;;0,9053;0,9279;0,9121;0,9298;0,9307;0,9372;0,9006;0,9141
sum;psi_6;6;6;HC;1-50;HC;51-100;2000;TRUE;0,8896;0,9245;;;;;;0,9053;0,9294;0,9148;0,9322;0,9339;0,9386;0,9036;0,9157
sum;psi_7;6;6;HC;1-50;HC;51-100;2000;TRUE;0,937;0,8279;;;;;;0,8141;0,839;0,8615;0,7485;0,8742;0,699;0,947;0,8556
sum;psi_7;7;7;HC;1-50;HC;51-100;2000;TRUE;0,958;0,8311;;;;;;0,8021;0,8604;0,8735;0,7497;0,8689;0,6972;0,5562;0,8633
sum;psi_7;8;8;HC;1-50;HC;51-100;2000;TRUE;0,8834;0,7906;;;;;;0,7642;0,8282;0,7643;0,724;0,8625;0,6982;0,7115;0,8141
sum;psi_7;9;9;HC;1-50;HC;51-100;2000;TRUE;0,8904;0,7871;;;;;;0,7625;0,8374;0,7297;0,7298;0,8657;0,7019;0,787;0,8134
sum;psi_7;10;10;HC;1-50;HC;51-100;2000;TRUE;0,8585;0,7789;;;;;;0,7126;0,7853;0,8322;0,7099;0,8358;0,6948;0,3736;0,7991
sum;psi_8;6;6;HC;1-50;HC;51-100;2000;TRUE;0,9798;0,9857;;;;;;0,9828;0,9801;0,9867;0,9871;0,9893;0,9728;0,9909;0,9842
sum;psi_8;7;7;HC;1-50;HC;51-100;2000;TRUE;0,9938;0,973;;;;;;0,9776;0,9801;0,98;0,9649;0,967;0,7002;0,9895;0,9783
sum;psi_8;8;8;HC;1-50;HC;51-100;2000;TRUE;0,9806;0,9645;;;;;;0,9673;0,9509;0,964;0,9626;0,9744;0,9746;0,9883;0,9686
sum;psi_8;9;9;HC;1-50;HC;51-100;2000;TRUE;0,9728;0,9804;;;;;;0,957;0,9893;0,9893;0,9801;0,9819;0,9715;0,9889;0,9785
sum;psi_8;10;10;HC;1-50;HC;51-100;2000;TRUE;0,9961;0,9857;;;;;;0,9862;0,977;0,9867;0,986;0,9904;0,9847;0,9891;0,9883
sum;psi_9;2;2;HC;1-50;HC;51-100;2000;TRUE;0,9533;0,919;;;;;;0,9139;0,9248;0,9254;0,9345;0,8987;0,8813;0,9642;0,9277
sum;psi_9;3;3;HC;1-50;HC;51-100;2000;TRUE;0,9292;0,8838;;;;;;0,8881;0,8926;0,9188;0,862;0,8667;0,8036;0,9654;0,8953
sum;psi_9;4;4;HC;1-50;HC;51-100;2000;TRUE;0,9409;0,8692;;;;;;0,8933;0,8727;0,9041;0,8398;0,8507;0,7832;0,9569;0,8874
sum;psi_9;5;5;HC;1-50;HC;51-100;2000;TRUE;0,9323;0,8766;;;;;;0,864;0,8804;0,9055;0,8795;0,8561;0,7846;0,9595;0,8908
sum;psi_10;2;2;HC;1-50;HC;51-100;2000;TRUE;0,937;0,8997;;;;;;0,9122;0,8926;0,9188;0,9053;0,8763;0,8147;0,9796;0,9091
sum;psi_10;3;3;HC;1-50;HC;51-100;2000;TRUE;0,9378;0,8999;;;;;;0,9122;0,8926;0,9188;0,9064;0,8763;0,8147;0,9796;0,9095
sum;psi_10;4;4;HC;1-50;HC;51-100;2000;TRUE;0,9378;0,8907;;;;;;0,9122;0,8926;0,9041;0,8784;0,8763;0,7006;0,9796;0,9026
sum;psi_10;5;5;HC;1-50;HC;51-100;2000;TRUE;0,9378;0,8997;;;;;;0,9122;0,8926;0,9188;0,9053;0,8763;0,8145;0,9796;0,9093
sum;psi_11;2;2;HC;1-50;HC;51-100;2000;TRUE;0,8756;0,8454;;;;;;0,8589;0,8405;0,8016;0,8667;0,8561;0,955;0,2863;0,8531
sum;psi_11;3;3;HC;1-50;HC;51-100;2000;TRUE;0,8717;0,8292;;;;;;0,8468;0,8098;0,7856;0,8573;0,8412;0,9548;0,3596;0,84
sum;psi_11;4;4;HC;1-50;HC;51-100;2000;TRUE;0,9914;0,9913;;;;;;0,9966;0,9816;0,9893;0,9977;0,9904;0,9935;0,9733;0,9913
sum;psi_11;5;5;HC;1-50;HC;51-100;2000;TRUE;0,9409;0,9582;;;;;;0,9122;0,9433;0,9601;0,9848;0,9712;0,9679;0,7232;0,9538
sum;psi_11;6;6;HC;1-50;HC;51-100;2000;TRUE;0,9992;0,9955;;;;;;0,9948;0,9954;0,9947;0,9977;0,9947;0,9964;0,9899;0,9964
sum;psi_12;2;2;HC;1-50;HC;51-100;2000;TRUE;0,9401;0,9672;;;;;;0,969;0,9586;0,972;0,9602;0,9744;0,9841;0,9223;0,9603
sum;psi_12;3;3;HC;1-50;HC;51-100;2000;TRUE;0,5894;0,489;;;;;;0,4871;0,5153;0,5859;0,4339;0,4446;0,0939;0,7062;0,5145
sum;psi_12;4;4;HC;1-50;HC;51-100;2000;TRUE;0,9323;0,9463;;;;;;0,9363;0,9417;0,9667;0,931;0,9531;0,9736;0,8554;0,9427
sum;psi_12;5;5;HC;1-50;HC;51-100;2000;TRUE;0,965;0,9706;;;;;;0,9793;0,9647;0,9734;0,9602;0,9765;0,9764;0,8791;0,9692
sum;psi_13;2;2;HC;1-50;HC;51-100;2000;TRUE;0,9565;0,8904;;;;;;0,9071;0,9172;0,8415;0,8947;0,8966;0,8218;0,8976;0,9072
sum;psi_13;3;3;HC;1-50;HC;51-100;2000;TRUE;0,9518;0,9007;;;;;;0,9208;0,9294;0,8628;0,8947;0,9041;0,7858;0,9919;0,9137
sum;psi_13;4;4;HC;1-50;HC;51-100;2000;TRUE;0,9386;0,865;;;;;;0,864;0,888;0,7936;0,8865;0,887;0,7679;0,8313;0,8837
sum;psi_13;5;5;HC;1-50;HC;51-100;1787;TRUE;0,9992;0,947;;;;;;0,9673;0,9632;0,9281;0,9392;0,9456;0,8533;1;0,9603
sum;psi_14;2;2;HC;1-50;HC;51-100;2000;TRUE;0,8958;0,9222;;;;;;0,9088;0,9479;0,9534;0,9509;0,8614;0,9804;0,8214;0,9155
sum;psi_14;3;3;HC;1-50;HC;51-100;2000;TRUE;0,8561;0,9161;;;;;;0,8795;0,9448;0,9481;0,9392;0,8721;0,9834;0,8156;0,9008
sum;psi_14;4;4;HC;1-50;HC;51-100;2000;TRUE;0,8561;0,9161;;;;;;0,8795;0,9448;0,9481;0,9392;0,8721;0,9834;0,8156;0,9008
sum;psi_14;5;5;HC;1-50;HC;51-100;2000;TRUE;0,9844;0,9603;;;;;;0,9862;0,9847;0,996;0,9649;0,8945;0,9917;0,9496;0,9664
sum;psi_15;3;3;HC;1-50;HC;51-100;2000;TRUE;0,6221;0,5195;;;;;;0,5232;0,5429;0,6192;0,4444;0,4893;0,1508;0,7959;0,5455
sum;psi_15;4;4;HC;1-50;HC;51-100;2000;TRUE;0,7823;0,8441;;;;;;0,7831;0,8804;0,8682;0,8515;0,8305;0,8969;0,785;0,8284
sum;psi_15;5;5;HC;1-50;HC;51-100;2000;TRUE;0,8841;0,8936;;;;;;0,8692;0,8543;0,9148;0,9053;0,9083;0,9199;0,849;0,8912
sum;psi_15;6;6;HC;1-50;HC;51-100;2000;TRUE;0,7481;0,8335;;;;;;0,7917;0,8313;0,8682;0,8082;0,8561;0,8898;0,7821;0,8118
sum;psi_15;7;7;HC;1-50;HC;51-100;2000;TRUE;0,9743;0,9608;;;;;;0,9415;0,9571;0,9601;0,9626;0,9744;0,9562;0,852;0,9643
sum;psi_16;2;2;HC;1-50;HC;51-100;2000;TRUE;0,8927;0,9057;;;;;;0,8847;0,8972;0,9467;0,8865;0,9094;0,9853;0,8923;0,9024
sum;psi_16;3;3;HC;1-50;HC;51-100;2000;TRUE;0,8421;0,8589;;;;;;0,8124;0,8926;0,8176;0,855;0,9009;0,9485;0,7107;0,8546
sum;psi_16;4;4;HC;1-50;HC;51-100;2000;TRUE;0,9028;0,9243;;;;;;0,8864;0,9187;0,964;0,917;0,9264;0,9832;0,5947;0,9188
sum;psi_16;5;5;HC;1-50;HC;51-100;2000;TRUE;0,9627;0,9529;;;;;;0,9019;0,9509;0,9854;0,9696;0,9446;0,9907;0,5347;0,9554
sum;psi_16;6;6;HC;1-50;HC;51-100;2000;TRUE;0,9533;0,937;;;;;;0,9071;0,9433;0,9654;0,938;0,9275;0,9857;0,6297;0,9411
mean;psi_1;2;2;HC;1-50;HC;51-100;547;TRUE;1;1;;;;;;1;1;1;1;1;1;1;1
mean;psi_1;7;7;HC;1-50;HC;51-100;2000;TRUE;0,5039;0,4951;;;;;;0,475;0,5031;0,4913;0,483;0,516;0,4998;0,3505;0,4973
mean;psi_1;3;3;HC;1-50;HC;51-100;431;TRUE;1;1;;;;;;1;1;1;1;1;1;1;1
mean;psi_1;10;10;HC;1-50;HC;51-100;2000;TRUE;0,5039;0,4951;;;;;;0,475;0,5031;0,4913;0,483;0,516;0,4998;0,3505;0,4973
mean;psi_1;4;4;HC;1-50;HC;51-100;285;TRUE;1;1;;;;;;1;1;1;1;1;1;1;1
mean;psi_1;13;13;HC;1-50;HC;51-100;2000;TRUE;0,5443;0,5142;;;;;;0,4991;0,5322;0,4913;0,5111;0,532;0,5026;0,7775;0,5218
mean;psi_2;2;2;HC;1-50;HC;51-100;2000;TRUE;0,7737;0,834;;;;;;0,8072;0,8298;0,7457;0,869;0,8923;0,9457;0,6137;0,8187
mean;psi_2;7;7;HC;1-50;HC;51-100;1146;TRUE;0,9992;0,9968;;;;;;0,9931;0,9969;0,9973;0,9965;0,9989;0,9945;1;0,9974
mean;psi_2;3;3;HC;1-50;HC;51-100;2000;TRUE;0,7737;0,834;;;;;;0,8072;0,8298;0,7457;0,869;0,8923;0,9457;0,6137;0,8187
mean;psi_2;10;10;HC;1-50;HC;51-100;1377;TRUE;0,9992;0,9913;;;;;;0,9931;0,9939;0,9893;0,9906;0,9904;0,9891;1;0,9933
mean;psi_2;4;4;HC;1-50;HC;51-100;2000;TRUE;0,9736;0,9772;;;;;;0,9793;0,9755;0,976;0,9766;0,9787;0,9746;0,9964;0,9763
mean;psi_2;13;13;HC;1-50;HC;51-100;2000;TRUE;0,9992;0,9931;;;;;;0,9897;0,9923;0,9893;0,9965;0,9957;0,998;1;0,9947
mean;psi_2;5;5;HC;1-50;HC;51-100;1000;TRUE;0,9992;0,9989;;;;;;0,9983;1;0,9973;0,9988;1;0,9956;1;0,999
mean;psi_2;16;16;HC;1-50;HC;51-100;2000;TRUE;0,7737;0,834;;;;;;0,8072;0,8298;0,7457;0,869;0,8923;0,9457;0,6137;0,8187
mean;psi_3;2;2;HC;1-50;HC;51-100;2000;TRUE;0,9479;0,9486;;;;;;0,9707;0,9402;0,9374;0,9649;0,935;0,9836;1;0,9484
mean;psi_3;7;7;HC;1-50;HC;51-100;2000;TRUE;0,9479;0,9486;;;;;;0,9707;0,9402;0,9374;0,9649;0,935;0,9836;1;0,9484
mean;psi_3;3;3;HC;1-50;HC;51-100;2000;TRUE;0,9479;0,9486;;;;;;0,9707;0,9402;0,9374;0,9649;0,935;0,9836;1;0,9484
mean;psi_3;10;10;HC;1-50;HC;51-100;2000;TRUE;0,9479;0,9486;;;;;;0,9707;0,9402;0,9374;0,9649;0,935;0,9836;1;0,9484
mean;psi_3;4;4;HC;1-50;HC;51-100;2000;TRUE;0,9479;0,9486;;;;;;0,9707;0,9402;0,9374;0,9649;0,935;0,9836;1;0,9484
mean;psi_3;13;13;HC;1-50;HC;51-100;2000;TRUE;0,9479;0,9486;;;;;;0,9707;0,9402;0,9374;0,9649;0,935;0,9836;1;0,9484
mean;psi_3;5;5;HC;1-50;HC;51-100;2000;TRUE;0,9611;0,9553;;;;;;0,9742;0,9448;0,9467;0,9719;0,9424;0,9857;1;0,9567
mean;psi_3;16;16;HC;1-50;HC;51-100;2000;TRUE;0,9479;0,9486;;;;;;0,9707;0,9402;0,9374;0,9649;0,935;0,9836;1;0,9484
mean;psi_3;6;6;HC;1-50;HC;51-100;2000;TRUE;0,9479;0,9486;;;;;;0,9707;0,9402;0,9374;0,9649;0,935;0,9836;1;0,9484
mean;psi_3;19;19;HC;1-50;HC;51-100;2000;TRUE;0,9479;0,9486;;;;;;0,9707;0,9402;0,9374;0,9649;0,935;0,9836;1;0,9484
mean;psi_4;2;2;HC;1-50;HC;51-100;2000;TRUE;0,9098;0,9309;;;;;;0,9363;0,9187;0,9654;0,9181;0,92;0,9225;0,888;0,9255
mean;psi_4;7;7;HC;1-50;HC;51-100;2000;TRUE;0,8942;0,9275;;;;;;0,9329;0,9187;0,964;0,9099;0,9168;0,9223;0,8356;0,919
mean;psi_4;3;3;HC;1-50;HC;51-100;2000;TRUE;0,9075;0,9351;;;;;;0,9294;0,931;0,968;0,9263;0,9232;0,9178;0,8376;0,9281
mean;psi_4;10;10;HC;1-50;HC;51-100;2000;TRUE;0,8942;0,9275;;;;;;0,9329;0,9187;0,964;0,9099;0,9168;0,9223;0,8356;0,919
mean;psi_4;4;4;HC;1-50;HC;51-100;2000;TRUE;0,8942;0,9275;;;;;;0,9329;0,9187;0,964;0,9099;0,9168;0,9223;0,8356;0,919
mean;psi_4;13;13;HC;1-50;HC;51-100;2000;TRUE;0,8942;0,9275;;;;;;0,9329;0,9187;0,964;0,9099;0,9168;0,9223;0,8356;0,919
mean;psi_4;5;5;HC;1-50;HC;51-100;2000;TRUE;0,8942;0,9275;;;;;;0,9329;0,9187;0,964;0,9099;0,9168;0,9223;0,8356;0,919
mean;psi_4;16;16;HC;1-50;HC;51-100;2000;TRUE;0,8942;0,9275;;;;;;0,9329;0,9187;0,964;0,9099;0,9168;0,9223;0,8356;0,919
mean;psi_4;6;6;HC;1-50;HC;51-100;2000;TRUE;0,9082;0,9309;;;;;;0,9312;0,9233;0,964;0,917;0,9222;0,9219;0,835;0,9251
mean;psi_4;19;19;HC;1-50;HC;51-100;2000;TRUE;0,8942;0,9275;;;;;;0,9329;0,9187;0,964;0,9099;0,9168;0,9223;0,8356;0,919
mean;psi_5;2;2;HC;1-50;HC;51-100;2000;TRUE;0,9393;0,9579;;;;;;0,9466;0,9647;0,9521;0,9696;0,9542;0,9946;1;0,9532
mean;psi_5;7;7;HC;1-50;HC;51-100;1699;TRUE;0,9984;1;;;;;;1;1;1;1;1;0,9994;1;0,9996
mean;psi_5;3;3;HC;1-50;HC;51-100;2000;TRUE;0,9393;0,9579;;;;;;0,9466;0,9647;0,9521;0,9696;0,9542;0,9946;1;0,9532
mean;psi_5;10;10;HC;1-50;HC;51-100;787;TRUE;1;0,9976;;;;;;0,9983;0,9985;0,9947;0,9988;0,9979;0,9996;1;0,9982
mean;psi_5;4;4;HC;1-50;HC;51-100;1696;TRUE;1;1;;;;;;1;1;1;1;1;1;1;1
mean;psi_5;13;13;HC;1-50;HC;51-100;749;TRUE;1;1;;;;;;1;1;1;1;1;1;1;1
mean;psi_5;5;5;HC;1-50;HC;51-100;730;TRUE;1;0,9958;;;;;;1;1;1;0,9977;0,9851;0,999;1;0,9968
mean;psi_5;16;16;HC;1-50;HC;51-100;840;TRUE;0,9984;0,9947;;;;;;0,9966;0,9985;0,9933;0,9988;0,9883;0,9992;1;0,9957
mean;psi_5;6;6;HC;1-50;HC;51-100;2000;TRUE;0,9393;0,9579;;;;;;0,9466;0,9647;0,9521;0,9696;0,9542;0,9946;1;0,9532
mean;psi_5;19;19;HC;1-50;HC;51-100;523;TRUE;1;1;;;;;;1;1;1;1;1;1;1;1
mean;psi_6;2;2;HC;1-50;HC;51-100;2000;TRUE;0,8896;0,9224;;;;;;0,9053;0,9279;0,9108;0,931;0,9307;0,9386;0,9087;0,9141
mean;psi_6;7;7;HC;1-50;HC;51-100;2000;TRUE;0,8896;0,9224;;;;;;0,9053;0,9279;0,9108;0,931;0,9307;0,9386;0,9087;0,9141
mean;psi_6;3;3;HC;1-50;HC;51-100;2000;TRUE;0,8896;0,9224;;;;;;0,9053;0,9279;0,9108;0,931;0,9307;0,9386;0,9087;0,9141
mean;psi_6;10;10;HC;1-50;HC;51-100;2000;TRUE;0,8896;0,9224;;;;;;0,9053;0,9279;0,9108;0,931;0,9307;0,9386;0,9087;0,9141
mean;psi_6;4;4;HC;1-50;HC;51-100;2000;TRUE;0,8896;0,9224;;;;;;0,9053;0,9279;0,9108;0,931;0,9307;0,9386;0,9087;0,9141
mean;psi_6;13;13;HC;1-50;HC;51-100;2000;TRUE;0,8896;0,9224;;;;;;0,9053;0,9279;0,9108;0,931;0,9307;0,9386;0,9087;0,9141
mean;psi_6;5;5;HC;1-50;HC;51-100;2000;TRUE;0,8896;0,9224;;;;;;0,9053;0,9279;0,9108;0,931;0,9307;0,9386;0,9087;0,9141
mean;psi_6;16;16;HC;1-50;HC;51-100;2000;TRUE;0,8896;0,9224;;;;;;0,9053;0,9279;0,9108;0,931;0,9307;0,9386;0,9087;0,9141
mean;psi_6;6;6;HC;1-50;HC;51-100;2000;TRUE;0,8896;0,9224;;;;;;0,9053;0,9279;0,9108;0,931;0,9307;0,9386;0,9087;0,9141
mean;psi_6;19;19;HC;1-50;HC;51-100;2000;TRUE;0,8896;0,9224;;;;;;0,9053;0,9279;0,9108;0,931;0,9307;0,9386;0,9087;0,9141
mean;psi_7;6;6;HC;1-50;HC;51-100;2000;TRUE;0,8958;0,7493;;;;;;0,7797;0,7193;0,8522;0,6433;0,7655;0,6918;0,8421;0,7865
mean;psi_7;19;19;HC;1-50;HC;51-100;2000;TRUE;0,8709;0,7596;;;;;;0,7625;0,7132;0,8389;0,6246;0,8497;0,6932;0,5584;0,7879
mean;psi_7;7;7;HC;1-50;HC;51-100;2000;TRUE;0,9098;0,8192;;;;;;0,7849;0,8359;0,8522;0,7404;0,8742;0,698;0,932;0,8422
mean;psi_7;22;22;HC;1-50;HC;51-100;2000;TRUE;0,7667;0,7665;;;;;;0,7057;0,7868;0,8069;0,6971;0,8209;0,6627;0,5596;0,7665
mean;psi_7;8;8;HC;1-50;HC;51-100;2000;TRUE;0,8997;0,8102;;;;;;0,7866;0,8098;0,8415;0,7345;0,8689;0,7;0,805;0,8329
mean;psi_7;25;25;HC;1-50;HC;51-100;2000;TRUE;0,8546;0,731;;;;;;0,7504;0,7301;0,8455;0,607;0,7409;0,6986;0,314;0,7624
mean;psi_7;9;9;HC;1-50;HC;51-100;2000;TRUE;0,8802;0,7951;;;;;;0,7573;0,7868;0,8322;0,7298;0,8539;0,6918;0,7058;0,8167
mean;psi_7;28;28;HC;1-50;HC;51-100;2000;TRUE;0,8608;0,7609;;;;;;0,7608;0,704;0,8282;0,6351;0,8614;0,6938;0,7058;0,7863
mean;psi_7;10;10;HC;1-50;HC;51-100;2000;TRUE;0,8997;0,8258;;;;;;0,7831;0,8543;0,8602;0,7462;0,8774;0,6956;0,7058;0,8446
mean;psi_7;31;31;HC;1-50;HC;51-100;2000;TRUE;0,8515;0,7201;;;;;;0,7435;0,7224;0,8296;0,5965;0,7292;0,7006;0,314;0,7535
mean;psi_8;6;6;HC;1-50;HC;51-100;2000;TRUE;0,8826;0,8867;;;;;;0,864;0,8911;0,9028;0,9275;0,8475;0,9608;1;0,8856
mean;psi_8;19;19;HC;1-50;HC;51-100;2000;TRUE;0,9961;0,9987;;;;;;0,9931;1;0,9987;1;1;0,9837;1;0,998
mean;psi_8;7;7;HC;1-50;HC;51-100;2000;TRUE;0,8826;0,8867;;;;;;0,864;0,8911;0,9028;0,9275;0,8475;0,9608;1;0,8856
mean;psi_8;22;22;HC;1-50;HC;51-100;725;TRUE;0,9899;0,9968;;;;;;0,9845;0,9954;1;1;1;0,973;1;0,9951
mean;psi_8;8;8;HC;1-50;HC;51-100;2000;TRUE;0,9946;0,9886;;;;;;0,9931;0,9847;0,9867;0,9883;0,9904;0,9776;1;0,9901
mean;psi_8;25;25;HC;1-50;HC;51-100;1817;TRUE;0,9977;0,9995;;;;;;0,9966;1;1;1;1;0,9824;1;0,999
mean;psi_8;9;9;HC;1-50;HC;51-100;2000;TRUE;0,9914;0,9865;;;;;;0,9931;0,9877;0,9867;0,9789;0,9883;0,977;1;0,9878
mean;psi_8;28;28;HC;1-50;HC;51-100;1251;TRUE;0,9992;0,9987;;;;;;1;0,9954;1;0,9988;0,9989;0,9843;1;0,9988
mean;psi_8;10;10;HC;1-50;HC;51-100;2000;TRUE;0,9977;0,9926;;;;;;0,9931;1;0,9933;0,9895;0,9893;0,9832;1;0,9939
mean;psi_8;31;31;HC;1-50;HC;51-100;1983;TRUE;0,9992;1;;;;;;1;1;1;1;1;0,9869;1;0,9998
mean;psi_9;2;2;HC;1-50;HC;51-100;2000;TRUE;0,8958;0,7474;;;;;;0,7952;0,796;0,7337;0,7135;0,726;0,3971;0,9642;0,7851
mean;psi_9;7;7;HC;1-50;HC;51-100;2000;TRUE;0,8958;0,7474;;;;;;0,7952;0,796;0,7337;0,7135;0,726;0,3971;0,9642;0,7851
mean;psi_9;3;3;HC;1-50;HC;51-100;2000;TRUE;0,8958;0,7474;;;;;;0,7952;0,796;0,7337;0,7135;0,726;0,3971;0,9642;0,7851
mean;psi_9;10;10;HC;1-50;HC;51-100;2000;TRUE;0,8958;0,7474;;;;;;0,7952;0,796;0,7337;0,7135;0,726;0,3971;0,9642;0,7851
mean;psi_9;4;4;HC;1-50;HC;51-100;2000;TRUE;0,8958;0,7474;;;;;;0,7952;0,796;0,7337;0,7135;0,726;0,3971;0,9642;0,7851
mean;psi_9;13;13;HC;1-50;HC;51-100;2000;TRUE;0,8958;0,7474;;;;;;0,7952;0,796;0,7337;0,7135;0,726;0,3971;0,9642;0,7851
mean;psi_9;5;5;HC;1-50;HC;51-100;2000;TRUE;0,8958;0,7474;;;;;;0,7952;0,796;0,7337;0,7135;0,726;0,3971;0,9642;0,7851
mean;psi_9;16;16;HC;1-50;HC;51-100;2000;TRUE;0,8958;0,7474;;;;;;0,7952;0,796;0,7337;0,7135;0,726;0,3971;0,9642;0,7851
mean;psi_10;2;2;HC;1-50;HC;51-100;2000;TRUE;0,9378;0,8997;;;;;;0,9122;0,8926;0,9188;0,9053;0,8763;0,8147;0,9796;0,9093
mean;psi_10;7;7;HC;1-50;HC;51-100;2000;TRUE;0,9378;0,8997;;;;;;0,9122;0,8926;0,9188;0,9053;0,8763;0,8147;0,9796;0,9093
mean;psi_10;3;3;HC;1-50;HC;51-100;2000;TRUE;0,9378;0,8997;;;;;;0,9122;0,8926;0,9188;0,9053;0,8763;0,8147;0,9796;0,9093
mean;psi_10;10;10;HC;1-50;HC;51-100;2000;TRUE;0,9378;0,8997;;;;;;0,9122;0,8926;0,9188;0,9053;0,8763;0,8147;0,9796;0,9093
mean;psi_10;4;4;HC;1-50;HC;51-100;2000;TRUE;0,9378;0,8997;;;;;;0,9122;0,8926;0,9188;0,9053;0,8763;0,8147;0,9796;0,9093
mean;psi_10;13;13;HC;1-50;HC;51-100;2000;TRUE;0,9378;0,8997;;;;;;0,9122;0,8926;0,9188;0,9053;0,8763;0,8147;0,9796;0,9093
mean;psi_10;5;5;HC;1-50;HC;51-100;2000;TRUE;0,9378;0,8997;;;;;;0,9122;0,8926;0,9188;0,9053;0,8763;0,8147;0,9796;0,9093
mean;psi_10;16;16;HC;1-50;HC;51-100;2000;TRUE;0,9378;0,8997;;;;;;0,9122;0,8926;0,9188;0,9053;0,8763;0,8147;0,9796;0,9093
mean;psi_11;2;2;HC;1-50;HC;51-100;2000;TRUE;0,6773;0,4369;;;;;;0,4148;0,4049;0,5073;0,3965;0,4531;0,0567;0,3069;0,4979
mean;psi_11;7;7;HC;1-50;HC;51-100;2000;TRUE;0,6882;0,4617;;;;;;0,4182;0,4064;0,506;0,3977;0,5501;0,0587;0,2818;0,5193
mean;psi_11;3;3;HC;1-50;HC;51-100;2000;TRUE;0,6773;0,4369;;;;;;0,4148;0,4049;0,5073;0,3965;0,4531;0,0567;0,3069;0,4979
mean;psi_11;10;10;HC;1-50;HC;51-100;2000;TRUE;0,6773;0,4369;;;;;;0,4148;0,4049;0,5073;0,3965;0,4531;0,0567;0,3069;0,4979
mean;psi_11;4;4;HC;1-50;HC;51-100;2000;TRUE;0,6773;0,4369;;;;;;0,4148;0,4049;0,5073;0,3965;0,4531;0,0567;0,3069;0,4979
mean;psi_11;13;13;HC;1-50;HC;51-100;2000;TRUE;0,6773;0,4369;;;;;;0,4148;0,4049;0,5073;0,3965;0,4531;0,0567;0,3069;0,4979
mean;psi_11;5;5;HC;1-50;HC;51-100;2000;TRUE;0,8297;0,7919;;;;;;0,7935;0,7224;0,8495;0,7333;0,8465;0,9293;0,2484;0,8015
mean;psi_11;16;16;HC;1-50;HC;51-100;2000;TRUE;0,6773;0,4369;;;;;;0,4148;0,4049;0,5073;0,3965;0,4531;0,0567;0,3069;0,4979
mean;psi_11;6;6;HC;1-50;HC;51-100;2000;TRUE;0,7364;0,618;;;;;;0,5697;0,6672;0,6218;0,648;0,5832;0,526;0,298;0,648
mean;psi_11;19;19;HC;1-50;HC;51-100;2000;TRUE;0,8157;0,7572;;;;;;0,852;0,7485;0,8469;0,7053;0,6802;0,959;0,3098;0,7721
mean;psi_12;2;2;HC;1-50;HC;51-100;2000;TRUE;0,5443;0,5353;;;;;;0,5663;0,4923;0,494;0,5556;0,5608;0,7059;0,6236;0,5376
mean;psi_12;7;7;HC;1-50;HC;51-100;2000;TRUE;0,7768;0,7008;;;;;;0,6231;0,6534;0,6937;0,7251;0,7655;0,8831;0,6321;0,7201
mean;psi_12;3;3;HC;1-50;HC;51-100;2000;TRUE;0,5894;0,489;;;;;;0,4871;0,5153;0,5859;0,4339;0,4446;0,0939;0,7062;0,5145
mean;psi_12;10;10;HC;1-50;HC;51-100;2000;TRUE;0,7963;0,7239;;;;;;0,7298;0,7009;0,771;0,7111;0,71;0,9078;0,606;0,7422
mean;psi_12;4;4;HC;1-50;HC;51-100;2000;TRUE;0,5894;0,489;;;;;;0,4871;0,5153;0,5859;0,4339;0,4446;0,0939;0,7062;0,5145
mean;psi_12;13;13;HC;1-50;HC;51-100;2000;TRUE;0,8663;0,7953;;;;;;0,7298;0,8374;0,723;0,8737;0,7932;0,9146;0,7161;0,8134
mean;psi_12;5;5;HC;1-50;HC;51-100;2000;TRUE;0,5894;0,489;;;;;;0,4871;0,5153;0,5859;0,4339;0,4446;0,0939;0,7062;0,5145
mean;psi_12;16;16;HC;1-50;HC;51-100;2000;TRUE;0,5894;0,489;;;;;;0,4871;0,5153;0,5859;0,4339;0,4446;0,0939;0,7062;0,5145
mean;psi_13;2;2;HC;1-50;HC;51-100;1313;TRUE;1;1;;;;;;1;1;1;1;1;1;1;1
mean;psi_13;7;7;HC;1-50;HC;51-100;2000;TRUE;0,9876;0,96;;;;;;0,9535;0,9831;0,9747;0,9556;0,9403;0,9421;1;0,967
mean;psi_13;3;3;HC;1-50;HC;51-100;2000;TRUE;0,993;0,978;;;;;;0,969;0,9893;0,98;0,9696;0,9819;0,9273;1;0,9818
mean;psi_13;10;10;HC;1-50;HC;51-100;2000;TRUE;0,9992;0,9759;;;;;;0,9656;0,9893;0,9787;0,9696;0,9765;0,9312;0,9994;0,9818
mean;psi_13;4;4;HC;1-50;HC;51-100;2000;TRUE;0,9922;0,9621;;;;;;0,9604;0,9724;0,9694;0,9485;0,9627;0,8751;0,9982;0,9698
mean;psi_13;13;13;HC;1-50;HC;51-100;1105;TRUE;0,9984;0,9963;;;;;;0,9983;0,9985;0,996;0,9942;0,9957;0,9727;1;0,9968
mean;psi_13;5;5;HC;1-50;HC;51-100;2000;TRUE;0,9961;0,9899;;;;;;0,9914;0,9954;0,992;0,9836;0,9893;0,9269;1;0,9915
mean;psi_13;16;16;HC;1-50;HC;51-100;1117;TRUE;0,9984;0,9947;;;;;;0,9897;0,9985;0,9947;0,993;0,9968;0,9562;1;0,9957
mean;psi_14;2;2;HC;1-50;HC;51-100;2000;TRUE;0,8561;0,9161;;;;;;0,8795;0,9448;0,9481;0,9392;0,8721;0,9834;0,8156;0,9008
mean;psi_14;7;7;HC;1-50;HC;51-100;2000;TRUE;0,9984;0,9987;;;;;;0,9983;1;1;0,9965;0,9989;0,9992;1;0,9986
mean;psi_14;3;3;HC;1-50;HC;51-100;2000;TRUE;0,8981;0,9473;;;;;;0,9294;0,954;0,9627;0,9509;0,9382;0,9853;0,9255;0,9348
mean;psi_14;10;10;HC;1-50;HC;51-100;2000;TRUE;0,867;0,9404;;;;;;0,8795;0,9448;0,9481;0,9392;0,9701;0,9834;0,868;0,9218
mean;psi_14;4;4;HC;1-50;HC;51-100;1150;TRUE;0,9984;0,9987;;;;;;1;0,9985;1;0,9988;0,9968;0,9978;1;0,9986
mean;psi_14;13;13;HC;1-50;HC;51-100;1675;TRUE;0,9992;0,9971;;;;;;1;1;0,9987;0,9942;0,9947;0,997;0,9496;0,9976
mean;psi_14;5;5;HC;1-50;HC;51-100;2000;TRUE;0,9992;0,9968;;;;;;0,9966;0,9969;0,9987;0,993;0,9989;0,998;1;0,9974
mean;psi_14;16;16;HC;1-50;HC;51-100;2000;TRUE;0,8686;0,9402;;;;;;0,8795;0,9448;0,9467;0,9392;0,9701;0,9834;0,868;0,922
mean;psi_15;3;3;HC;1-50;HC;51-100;2000;TRUE;0,6221;0,5195;;;;;;0,5232;0,5429;0,6192;0,4444;0,4893;0,1508;0,7959;0,5455
mean;psi_15;10;10;HC;1-50;HC;51-100;2000;TRUE;0,6221;0,5195;;;;;;0,5232;0,5429;0,6192;0,4444;0,4893;0,1508;0,7959;0,5455
mean;psi_15;4;4;HC;1-50;HC;51-100;2000;TRUE;0,6221;0,5195;;;;;;0,5232;0,5429;0,6192;0,4444;0,4893;0,1508;0,7959;0,5455
mean;psi_15;13;13;HC;1-50;HC;51-100;2000;TRUE;0,6454;0,5875;;;;;;0,5284;0,6258;0,6565;0,5415;0,5842;0,3208;0,8407;0,6022
mean;psi_15;5;5;HC;1-50;HC;51-100;2000;TRUE;0,6882;0,637;;;;;;0,5835;0,658;0,7257;0,5953;0,6226;0,4816;0,7977;0,65
mean;psi_15;16;16;HC;1-50;HC;51-100;2000;TRUE;0,6866;0,7583;;;;;;0,6971;0,7868;0,7843;0,7251;0,7857;0,8797;0,786;0,7401
mean;psi_15;6;6;HC;1-50;HC;51-100;2000;TRUE;0,6547;0,5475;;;;;;0,525;0,5629;0,6352;0,4947;0,5288;0,241;0,7676;0,5748
mean;psi_15;19;19;HC;1-50;HC;51-100;2000;TRUE;0,7255;0,6497;;;;;;0,6523;0,6426;0,751;0,593;0,6237;0,3516;0,791;0,669
mean;psi_15;7;7;HC;1-50;HC;51-100;2000;TRUE;0,6221;0,5195;;;;;;0,5232;0,5429;0,6192;0,4444;0,4893;0,1508;0,7959;0,5455
mean;psi_15;22;22;HC;1-50;HC;51-100;2000;TRUE;0,6221;0,5195;;;;;;0,5232;0,5429;0,6192;0,4444;0,4893;0,1508;0,7959;0,5455
mean;psi_16;2;2;HC;1-50;HC;51-100;2000;TRUE;0,9829;0,9889;;;;;;0,9776;0,9847;0,996;0,9953;0,9872;0,9946;0,9634;0,9874
mean;psi_16;7;7;HC;1-50;HC;51-100;2000;TRUE;0,9984;0,9886;;;;;;0,9966;0,9831;0,9947;0,9871;0,984;0,995;0,9725;0,9911
mean;psi_16;3;3;HC;1-50;HC;51-100;2000;TRUE;0,9277;0,9539;;;;;;0,9621;0,9448;0,9667;0,9322;0,9648;0,9897;0,9704;0,9473
mean;psi_16;10;10;HC;1-50;HC;51-100;1749;TRUE;0,9953;0,9913;;;;;;0,988;0,9877;0,996;0,9965;0,9872;0,9962;0,9743;0,9923
mean;psi_16;4;4;HC;1-50;HC;51-100;2000;TRUE;0,972;0,9812;;;;;;0,9759;0,9801;0,9933;0,9754;0,9808;0,9935;0,9625;0,9789
mean;psi_16;13;13;HC;1-50;HC;51-100;1484;TRUE;0,9961;0,9894;;;;;;0,9811;0,9939;0,996;0,9918;0,984;0,9937;0,9877;0,9911
mean;psi_16;5;5;HC;1-50;HC;51-100;2000;TRUE;0,7068;0,7501;;;;;;0,7608;0,7515;0,6924;0,7977;0,7452;0,9631;0,5957;0,7391
mean;psi_16;16;16;HC;1-50;HC;51-100;2000;TRUE;0,9883;0,9815;;;;;;0,969;0,9709;0,9947;0,9918;0,9765;0,9941;0,9822;0,9832
mean;psi_16;6;6;HC;1-50;HC;51-100;2000;TRUE;0,9891;0,9876;;;;;;0,9811;0,9801;0,996;0,9953;0,9829;0,9935;0,9775;0,988
mean;psi_16;19;19;HC;1-50;HC;51-100;2000;TRUE;0,8414;0,8801;;;;;;0,8279;0,8666;0,9321;0,862;0,8966;0,9818;0,5957;0,8702
max;psi_1;2;2;all;1-50;all;51-100;257;TRUE;1;0,9999;;;;;;1;1;1;0,9996;1;1;1;0,9998
max;psi_1;3;3;all;1-50;all;51-100;87;TRUE;1;1;;;;;;1;1;1;1;1;1;1;1
max;psi_1;4;4;all;1-50;all;51-100;133;TRUE;1;1;;;;;;1;1;1;1;1;1;1;1
max;psi_2;2;2;all;1-50;all;51-100;245;TRUE;1;1;;;;;;1;1;1;1;1;1;1;1
max;psi_2;3;3;all;1-50;all;51-100;451;TRUE;1;1;;;;;;1;1;1;1;1;1;1;1
max;psi_2;4;4;all;1-50;all;51-100;430;TRUE;0,9995;1;;;;;;1;1;1;1;1;0,9996;1;1
max;psi_2;5;5;all;1-50;all;51-100;585;TRUE;0,9997;1;;;;;;1;1;1;1;1;1;1;0,9998
max;psi_3;2;2;all;1-50;all;51-100;2000;TRUE;0,9626;0,9824;;;;;;0,987;0,98;0,9791;0,9883;0,9785;0,9836;1;0,9484
max;psi_3;3;3;all;1-50;all;51-100;1862;TRUE;1;1;;;;;;1;1;1;1;1;1;1;1
max;psi_3;4;4;all;1-50;all;51-100;2000;TRUE;0,9626;0,9824;;;;;;0,987;0,98;0,9791;0,9883;0,9785;0,9836;1;0,9484
max;psi_3;5;5;all;1-50;all;51-100;2000;TRUE;0,9626;0,9824;;;;;;0,987;0,98;0,9791;0,9883;0,9785;0,9836;1;0,9484
max;psi_3;6;6;all;1-50;all;51-100;449;TRUE;1;0,9998;;;;;;1;0,9995;0,9996;1;1;1;1;0,9996
max;psi_4;2;2;all;1-50;all;51-100;2000;TRUE;0,889;0,9153;;;;;;0,9138;0,9057;0,9263;0,9105;0,9183;0,9217;0,886;0,918
max;psi_4;3;3;all;1-50;all;51-100;2000;TRUE;0,8723;0,8992;;;;;;0,8984;0,8883;0,9103;0,8945;0,9025;0,9223;0,8356;0,919
max;psi_4;4;4;all;1-50;all;51-100;2000;TRUE;0,9128;0,9413;;;;;;0,9303;0,9216;0,9467;0,9386;0,9595;0,9219;0,9672;0,9129
max;psi_4;5;5;all;1-50;all;51-100;2000;TRUE;0,8723;0,8992;;;;;;0,8984;0,8883;0,9103;0,8945;0,9025;0,9223;0,8356;0,919
max;psi_4;6;6;all;1-50;all;51-100;2000;TRUE;0,9959;0,9965;;;;;;0,9994;0,9995;0,9924;0,9957;0,9968;0,9958;1;0,9933
max;psi_5;2;2;all;1-50;all;51-100;2000;TRUE;0,9729;0,9859;;;;;;0,9817;0,9882;0,984;0,9898;0,9849;0,9946;1;0,9532
max;psi_5;3;3;all;1-50;all;51-100;2000;TRUE;0,9729;0,9859;;;;;;0,9817;0,9882;0,984;0,9898;0,9849;0,9946;1;0,9532
max;psi_5;4;4;all;1-50;all;51-100;988;TRUE;0,999;1;;;;;;1;1;1;1;1;0,9994;1;0,9998
max;psi_5;5;5;all;1-50;all;51-100;2000;TRUE;0,9729;0,9859;;;;;;0,9817;0,9882;0,984;0,9898;0,9849;0,9946;1;0,9532
max;psi_5;6;6;all;1-50;all;51-100;2000;TRUE;0,9729;0,9859;;;;;;0,9817;0,9882;0,984;0,9898;0,9849;0,9946;1;0,9532
max;psi_6;2;2;all;1-50;all;51-100;2000;TRUE;0,8926;0,93;;;;;;0,8913;0,9232;0,9334;0,9441;0,9423;0,9386;0,9087;0,9141
max;psi_6;3;3;all;1-50;all;51-100;2000;TRUE;0,8926;0,93;;;;;;0,8913;0,9232;0,9334;0,9441;0,9423;0,9386;0,9087;0,9141
max;psi_6;4;4;all;1-50;all;51-100;2000;TRUE;0,9917;0,9954;;;;;;0,9858;0,999;0,9938;0,998;0,9975;0,9939;1;0,9895
max;psi_6;5;5;all;1-50;all;51-100;2000;TRUE;0,8926;0,93;;;;;;0,8913;0,9232;0,9334;0,9441;0,9423;0,9386;0,9087;0,9141
max;psi_6;6;6;all;1-50;all;51-100;1944;TRUE;0,9995;0,9981;;;;;;0,9982;0,998;0,9987;0,9992;0,9968;0,998;1;0,9974
max;psi_7;6;6;all;1-50;all;51-100;2000;TRUE;0,921;0,7835;;;;;;0,8996;0,8043;0,8392;0,6155;0,8074;0,6954;0,9672;0,793
max;psi_7;7;7;all;1-50;all;51-100;2000;TRUE;0,9925;0,822;;;;;;0,9451;0,8581;0,8707;0,6585;0,8324;0,7071;0,9976;0,8914
max;psi_7;8;8;all;1-50;all;51-100;2000;TRUE;0,9961;0,8347;;;;;;0,9557;0,8678;0,8832;0,6745;0,8458;0,7079;1;0,9194
max;psi_7;9;9;all;1-50;all;51-100;2000;TRUE;0,9961;0,8186;;;;;;0,9486;0,8617;0,8765;0,6616;0,807;0,7083;1;0,8831
max;psi_7;10;10;all;1-50;all;51-100;2000;TRUE;0,3961;0,5364;;;;;;0,4046;0,498;0,4904;0,6757;0,5525;0,3264;0,686;0,4888
max;psi_8;6;6;all;1-50;all;51-100;2000;TRUE;0,9917;0,996;;;;;;0,9965;0,9954;0,9956;0,9961;0,9965;0,9954;1;0,9893
max;psi_8;7;7;all;1-50;all;51-100;2000;TRUE;0,9128;0,9611;;;;;;0,9468;0,9636;0,9676;0,9758;0,9496;0,9608;1;0,8856
max;psi_8;8;8;all;1-50;all;51-100;832;TRUE;0,9966;1;;;;;;1;1;1;1;1;0,9978;1;0,9996
max;psi_8;9;9;all;1-50;all;51-100;2000;TRUE;0,9995;1;;;;;;1;1;1;1;1;0,9996;1;1
max;psi_8;10;10;all;1-50;all;51-100;573;TRUE;1;0,9994;;;;;;0,9976;1;0,9987;1;1;1;1;0,9986
max;psi_9;2;2;all;1-50;all;51-100;2000;TRUE;0,8692;0,6632;;;;;;0,7307;0,7039;0,6526;0,6522;0,6134;0,3971;0,9642;0,7851
max;psi_9;3;3;all;1-50;all;51-100;2000;TRUE;0,8692;0,6632;;;;;;0,7307;0,7039;0,6526;0,6522;0,6134;0,3971;0,9642;0,7851
max;psi_9;4;4;all;1-50;all;51-100;2000;TRUE;0,9303;0,8889;;;;;;0,8795;0,8899;0,8956;0,8851;0,8919;0,8248;0,9822;0,8912
max;psi_9;5;5;all;1-50;all;51-100;2000;TRUE;0,8692;0,6632;;;;;;0,7307;0,7039;0,6526;0,6522;0,6134;0,3971;0,9642;0,7851
max;psi_10;2;2;all;1-50;all;51-100;2000;TRUE;0,9221;0,8942;;;;;;0,8807;0,8899;0,9;0,8914;0,9032;0,8147;0,9796;0,9093
max;psi_10;3;3;all;1-50;all;51-100;2000;TRUE;0,9221;0,8942;;;;;;0,8807;0,8899;0,9;0,8914;0,9032;0,8147;0,9796;0,9093
max;psi_10;4;4;all;1-50;all;51-100;2000;TRUE;0,9221;0,8942;;;;;;0,8807;0,8899;0,9;0,8914;0,9032;0,8147;0,9796;0,9093
max;psi_10;5;5;all;1-50;all;51-100;2000;TRUE;0,9221;0,8942;;;;;;0,8807;0,8899;0,9;0,8914;0,9032;0,8147;0,9796;0,9093
max;psi_11;2;2;all;1-50;all;51-100;2000;TRUE;0,4963;0,359;;;;;;0,3491;0,3468;0,3861;0,3435;0,3658;0,0573;0,6354;0,4884
max;psi_11;3;3;all;1-50;all;51-100;2000;TRUE;0,8292;0,866;;;;;;0,8712;0,8699;0,8703;0,8531;0,8687;0,9794;0,734;0,8568
max;psi_11;4;4;all;1-50;all;51-100;2000;TRUE;0,8883;0,9097;;;;;;0,9096;0,9093;0,9138;0,9105;0,906;0,9871;0,7913;0,9344
max;psi_11;5;5;all;1-50;all;51-100;2000;TRUE;0,833;0,885;;;;;;0,8884;0,8991;0,8872;0,8859;0,8708;0,976;0,7732;0,8663
max;psi_11;6;6;all;1-50;all;51-100;2000;TRUE;0,9301;0,9227;;;;;;0,9238;0,9303;0,9254;0,9152;0,9215;0,9913;0,8423;0,9404
max;psi_12;2;2;all;1-50;all;51-100;2000;TRUE;0,5301;0,4072;;;;;;0,4182;0,4206;0,4389;0,3841;0,387;0,0939;0,7062;0,5145
max;psi_12;3;3;all;1-50;all;51-100;2000;TRUE;0,8364;0,8781;;;;;;0,8488;0,8694;0,892;0,8687;0,8989;0,9104;0,8441;0,8479
max;psi_12;4;4;all;1-50;all;51-100;2000;TRUE;0,8895;0,9362;;;;;;0,9203;0,939;0,9409;0,9371;0,9391;0,9572;0,9344;0,8813
max;psi_12;5;5;all;1-50;all;51-100;2000;TRUE;0,8942;0,9301;;;;;;0,9155;0,9247;0,9422;0,9234;0,9391;0,9558;0,9346;0,8726
max;psi_13;2;2;all;1-50;all;51-100;2000;TRUE;0,8986;0,8127;;;;;;0,8376;0,8304;0,8547;0,7585;0,8011;0,6377;0,9949;0,8706
max;psi_13;3;3;all;1-50;all;51-100;2000;TRUE;0,9017;0,8265;;;;;;0,8476;0,8417;0,8663;0,7812;0,8127;0,6649;0,9929;0,8787
max;psi_13;4;4;all;1-50;all;51-100;2000;TRUE;0,9208;0,866;;;;;;0,8612;0,8683;0,8983;0,8519;0,8546;0,742;0,9959;0,9018
max;psi_13;5;5;all;1-50;all;51-100;2000;TRUE;0,9579;0,9047;;;;;;0,9256;0,9032;0,9107;0,9078;0,8859;0,8264;0,9972;0,9311
max;psi_14;2;2;all;1-50;all;51-100;2000;TRUE;0,9907;0,9988;;;;;;0,9976;0,999;0,9991;0,9988;0,9989;0,9992;1;0,9909
max;psi_14;3;3;all;1-50;all;51-100;2000;TRUE;0,9463;0,9726;;;;;;0,9716;0,9754;0,9756;0,9723;0,9694;0,9941;0,9476;0,9562
max;psi_14;4;4;all;1-50;all;51-100;1079;TRUE;0,9997;1;;;;;;1;1;1;1;1;1;1;0,9998
max;psi_14;5;5;all;1-50;all;51-100;1817;TRUE;0,9997;1;;;;;;1;1;1;1;1;1;1;0,9998
max;psi_15;3;3;all;1-50;all;51-100;2000;TRUE;0,8885;0,9131;;;;;;0,9002;0,9027;0,9151;0,9183;0,9218;0,8833;0,9644;0,8728
max;psi_15;4;4;all;1-50;all;51-100;2000;TRUE;0,9505;0,954;;;;;;0,9533;0,9508;0,9534;0,9539;0,957;0,932;0,9982;0,9289
max;psi_15;5;5;all;1-50;all;51-100;2000;TRUE;0,9997;0,9994;;;;;;0,9994;1;0,9991;0,9992;0,9993;0,9986;1;0,9998
max;psi_15;6;6;all;1-50;all;51-100;661;TRUE;0,9997;0,9986;;;;;;0,9988;0,9995;0,9982;0,9988;0,9979;0,9984;1;0,9982
max;psi_15;7;7;all;1-50;all;51-100;2000;TRUE;0,9997;0,998;;;;;;0,9982;0,9974;0,9982;0,9977;0,9982;0,9982;1;0,997
max;psi_16;2;2;all;1-50;all;51-100;2000;TRUE;0,7303;0,778;;;;;;0,7696;0,7838;0,765;0,787;0,781;0,9631;0,5957;0,7391
max;psi_16;3;3;all;1-50;all;51-100;2000;TRUE;0,9497;0,969;;;;;;0,9392;0,9739;0,988;0,9648;0,9722;0,9859;0,9854;0,921
max;psi_16;4;4;all;1-50;all;51-100;2000;TRUE;0,9825;0,9888;;;;;;0,9746;0,9928;0,9978;0,9812;0,9944;0,9933;0,9874;0,981
max;psi_16;5;5;all;1-50;all;51-100;2000;TRUE;0,9843;0,9891;;;;;;0,9752;0,9928;0,9978;0,9812;0,9951;0,9931;0,9874;0,9832
max;psi_16;6;6;all;1-50;all;51-100;2000;TRUE;0,9804;0,988;;;;;;0,974;0,9908;0,9973;0,9797;0,9944;0,9917;0,9874;0,9791
sum;psi_1;2;2;all;1-50;all;51-100;342;TRUE;1;0,986;;;;;;0,9953;0,9954;0,9898;0,982;0,9746;0,9721;1;0,9966
sum;psi_1;3;3;all;1-50;all;51-100;535;TRUE;1;0,9871;;;;;;0,9988;0,9985;0,9938;0,9859;0,968;0,9728;1;0,9982
sum;psi_1;4;4;all;1-50;all;51-100;194;TRUE;1;0,9957;;;;;;0,9976;0,999;0,9973;0,9941;0,9923;0,9945;1;0,9959
sum;psi_2;2;2;all;1-50;all;51-100;603;TRUE;0,9997;0,9999;;;;;;1;1;0,9996;1;1;1;1;0,9996
sum;psi_2;3;3;all;1-50;all;51-100;851;TRUE;0,9997;0,9908;;;;;;0,9959;1;0,9578;0,9996;0,9996;0,9994;1;0,9799
sum;psi_2;4;4;all;1-50;all;51-100;2000;TRUE;0,9979;0,974;;;;;;0,9947;0,9611;0,9911;0,9668;0,9634;0,9923;1;0,9481
sum;psi_2;5;5;all;1-50;all;51-100;680;TRUE;0,9997;0,9938;;;;;;0,9929;0,9964;0,988;0,9996;0,9919;0,9935;1;0,9925
sum;psi_3;2;2;all;1-50;all;51-100;2000;TRUE;0,9626;0,9824;;;;;;0,987;0,98;0,9791;0,9883;0,9785;0,9836;1;0,9484
sum;psi_3;3;3;all;1-50;all;51-100;2000;TRUE;0,967;0,9878;;;;;;0,9876;0,9831;0,9889;0,9926;0,9859;0,9836;0,9982;0,9656
sum;psi_3;4;4;all;1-50;all;51-100;2000;TRUE;0,9703;0,987;;;;;;0,99;0,9836;0,992;0,9953;0,9761;0,9839;0,9976;0,9666
sum;psi_3;5;5;all;1-50;all;51-100;2000;TRUE;0,9966;0,9951;;;;;;0,9941;0,9954;0,9964;0,9992;0,9908;0,9968;1;0,9897
sum;psi_3;6;6;all;1-50;all;51-100;2000;TRUE;0,967;0,9877;;;;;;0,9823;0,9851;0,9916;0,9918;0,9859;0,9836;1;0,9637
sum;psi_4;2;2;all;1-50;all;51-100;2000;TRUE;0,9863;0,9604;;;;;;0,9652;0,9636;0,9667;0,9308;0,9771;0,934;0,9727;0,9943
sum;psi_4;3;3;all;1-50;all;51-100;2000;TRUE;0,9987;0,9863;;;;;;0,9941;0,9939;0,9853;0,9652;0,9961;0,9744;0,9955;0,9984
sum;psi_4;4;4;all;1-50;all;51-100;2000;TRUE;0,9799;0,9553;;;;;;0,9492;0,9395;0,9578;0,95;0,9725;0,9522;0,9712;0,9613
sum;psi_4;5;5;all;1-50;all;51-100;1879;TRUE;0,9987;0,9888;;;;;;0,9882;0,981;0,9956;0,9926;0,9859;0,9832;1;0,9909
sum;psi_4;6;6;all;1-50;all;51-100;2000;TRUE;0,9254;0,9506;;;;;;0,9474;0,9385;0,9596;0,9461;0,9577;0,9221;0,9903;0,92
sum;psi_5;2;2;all;1-50;all;51-100;2000;TRUE;0,9817;0,9934;;;;;;0,9852;0,9969;0,996;0,9945;0,993;0,9954;0,996;0,9799
sum;psi_5;3;3;all;1-50;all;51-100;2000;TRUE;0,9729;0,9859;;;;;;0,9817;0,9882;0,984;0,9898;0,9849;0,9946;1;0,9532
sum;psi_5;4;4;all;1-50;all;51-100;798;TRUE;0,9969;0,9988;;;;;;1;1;0,9973;1;0,9975;0,9986;1;0,9964
sum;psi_5;5;5;all;1-50;all;51-100;2000;TRUE;0,9853;0,9965;;;;;;0,99;1;0,9982;1;0,9933;0,995;1;0,9858
sum;psi_5;6;6;all;1-50;all;51-100;2000;TRUE;0,9995;0,9975;;;;;;1;1;0,9951;0,9969;0,9968;0,9998;1;0,9943
sum;psi_6;2;2;all;1-50;all;51-100;2000;TRUE;0,9068;0,9389;;;;;;0,899;0,9308;0,9427;0,9496;0,9556;0,9423;0,9249;0,9249
sum;psi_6;3;3;all;1-50;all;51-100;2000;TRUE;0,8926;0,93;;;;;;0,8913;0,9232;0,9334;0,9441;0,9423;0,9386;0,9087;0,9141
sum;psi_6;4;4;all;1-50;all;51-100;2000;TRUE;0,9871;0,9878;;;;;;0,9776;0,9887;0,9884;0,9898;0,9908;0,9808;0,9959;0,9862
sum;psi_6;5;5;all;1-50;all;51-100;2000;TRUE;0,961;0,971;;;;;;0,938;0,9728;0,9809;0,9699;0,9827;0,9435;0,9992;0,9627
sum;psi_6;6;6;all;1-50;all;51-100;2000;TRUE;0,9234;0,9499;;;;;;0,9067;0,9431;0,9511;0,9609;0,9694;0,9405;0,9725;0,9163
sum;psi_7;6;6;all;1-50;all;51-100;2000;TRUE;0,9512;0,7993;;;;;;0,9214;0,8356;0,8467;0,6354;0,8116;0,7013;0,9785;0,8341
sum;psi_7;7;7;all;1-50;all;51-100;2000;TRUE;0,9099;0,8182;;;;;;0,8517;0,8161;0,8392;0,7452;0,8489;0,803;0,9712;0,7507
sum;psi_7;8;8;all;1-50;all;51-100;2000;TRUE;0,9125;0,8144;;;;;;0,8754;0,8407;0,8294;0,687;0,863;0,804;0,9897;0,7247
sum;psi_7;9;9;all;1-50;all;51-100;2000;TRUE;0,9301;0,8029;;;;;;0,8825;0,7587;0,8938;0,7085;0,7989;0,7344;0,9925;0,779
sum;psi_7;10;10;all;1-50;all;51-100;2000;TRUE;0,9179;0,7958;;;;;;0,899;0,8069;0,8427;0,66;0,812;0,7132;0,9842;0,7833
sum;psi_8;6;6;all;1-50;all;51-100;2000;TRUE;0,9572;0,9875;;;;;;0,9793;0,9933;0,984;0,9894;0,9894;0,9736;1;0,9656
sum;psi_8;7;7;all;1-50;all;51-100;2000;TRUE;0,9912;0,9976;;;;;;0,9959;1;0,9991;0,9965;0,9968;0,9929;1;0,9951
sum;psi_8;8;8;all;1-50;all;51-100;2000;TRUE;0,9915;0,9986;;;;;;1;1;1;0,9969;0,9972;0,9941;1;0,9962
sum;psi_8;9;9;all;1-50;all;51-100;758;TRUE;0,9912;0,9982;;;;;;0,9947;0,9995;0,9978;0,9988;0,9993;0,9923;1;0,997
sum;psi_8;10;10;all;1-50;all;51-100;2000;TRUE;0,9665;0,9928;;;;;;0,99;0,9872;0,9956;0,9957;0,9937;0,9756;1;0,9826
sum;psi_9;2;2;all;1-50;all;51-100;2000;TRUE;0,9881;0,927;;;;;;0,9699;0,9575;0,9036;0,9312;0,8951;0,9005;0,9984;0,9287
sum;psi_9;3;3;all;1-50;all;51-100;2000;TRUE;0,9997;0,997;;;;;;1;1;0,9991;0,9953;0,993;0,9943;1;0,9988
sum;psi_9;4;4;all;1-50;all;51-100;1125;TRUE;0,9997;0,9814;;;;;;0,9953;0,9877;0,9836;0,9707;0,9768;0,9677;0,9953;0,9953
sum;psi_9;5;5;all;1-50;all;51-100;2000;TRUE;0,9277;0,8994;;;;;;0,8766;0,8899;0,9129;0,8859;0,9211;0,8181;0,9818;0,9198
sum;psi_10;2;2;all;1-50;all;51-100;2000;TRUE;0,9221;0,8942;;;;;;0,8807;0,8899;0,9;0,8914;0,9032;0,8147;0,9796;0,9093
sum;psi_10;3;3;all;1-50;all;51-100;2000;TRUE;0,9221;0,8942;;;;;;0,8807;0,8899;0,9;0,8914;0,9032;0,8147;0,9796;0,9093
sum;psi_10;4;4;all;1-50;all;51-100;2000;TRUE;0,9213;0,8942;;;;;;0,8807;0,8899;0,9;0,8914;0,9032;0,8147;0,9791;0,9093
sum;psi_10;5;5;all;1-50;all;51-100;2000;TRUE;0,9215;0,8942;;;;;;0,8807;0,8899;0,9;0,8914;0,9032;0,8147;0,9796;0,9089
sum;psi_11;2;2;all;1-50;all;51-100;2000;TRUE;0,927;0,9778;;;;;;0,9776;0,979;0,9849;0,9738;0,975;0,98;0,9652;0,9492
sum;psi_11;3;3;all;1-50;all;51-100;303;TRUE;1;0,9996;;;;;;1;0,9995;0,9996;0,9996;0,9993;1;1;0,999
sum;psi_11;4;4;all;1-50;all;51-100;2000;TRUE;0,9995;0,999;;;;;;1;0,9995;0,9982;0,9996;0,9982;1;0,9992;0,9982
sum;psi_11;5;5;all;1-50;all;51-100;1376;TRUE;0,9997;0,9981;;;;;;0,9994;0,9985;0,9973;0,9996;0,9965;0,9998;0,9988;0,997
sum;psi_11;6;6;all;1-50;all;51-100;2000;TRUE;0,9992;0,9964;;;;;;0,9994;0,9985;0,9956;0,993;0,9968;0,9996;1;0,9917
sum;psi_12;2;2;all;1-50;all;51-100;2000;TRUE;0,5301;0,4072;;;;;;0,4182;0,4206;0,4389;0,3841;0,387;0,0939;0,7062;0,5145
sum;psi_12;3;3;all;1-50;all;51-100;2000;TRUE;0,8846;0,9395;;;;;;0,9185;0,9477;0,9467;0,9601;0,9222;0,957;0,9702;0,8495
sum;psi_12;4;4;all;1-50;all;51-100;2000;TRUE;0,9778;0,9885;;;;;;0,99;0,9831;0,9929;0,984;0,9919;0,9855;0,9994;0,9723
sum;psi_12;5;5;all;1-50;all;51-100;2000;TRUE;0,9711;0,985;;;;;;0,9817;0,9785;0,9907;0,9832;0,9887;0,9802;0,9992;0,965
sum;psi_13;2;2;all;1-50;all;51-100;2000;TRUE;0,9561;0,8916;;;;;;0,9149;0,9016;0,908;0,8777;0,8704;0,8042;0,982;0,9378
sum;psi_13;3;3;all;1-50;all;51-100;2000;TRUE;0,9079;0,8259;;;;;;0,8606;0,8489;0,8565;0,778;0,8085;0,6659;0,9966;0,8775
sum;psi_13;4;4;all;1-50;all;51-100;2000;TRUE;0,993;0,9261;;;;;;0,9675;0,957;0,8974;0,923;0,9056;0,8736;0,998;0,9577
sum;psi_13;5;5;all;1-50;all;51-100;1988;TRUE;0,9992;0,9851;;;;;;0,9923;0,9923;0,9898;0,9719;0,9842;0,9728;1;0,9933
sum;psi_14;2;2;all;1-50;all;51-100;2000;TRUE;0,976;0,9924;;;;;;0,9858;0,9939;0,9964;0,9902;0,994;0,9941;0,9974;0,9731
sum;psi_14;3;3;all;1-50;all;51-100;2000;TRUE;0,9277;0,9544;;;;;;0,9268;0,96;0,9569;0,9574;0,9623;0,9845;0,9277;0,9307
sum;psi_14;4;4;all;1-50;all;51-100;2000;TRUE;0,9969;0,9922;;;;;;0,9764;0,9949;0,9893;0,9992;0,9958;0,9964;1;0,9838
sum;psi_14;5;5;all;1-50;all;51-100;2000;TRUE;0,9855;0,9852;;;;;;0,9646;0,9867;0,9867;0,9941;0,9873;0,9925;0,9974;0,966
sum;psi_15;3;3;all;1-50;all;51-100;2000;TRUE;0,8023;0,8729;;;;;;0,8411;0,8632;0,8898;0,8777;0,8806;0,8997;0,8301;0,8349
sum;psi_15;4;4;all;1-50;all;51-100;2000;TRUE;0,9001;0,9358;;;;;;0,9179;0,9406;0,9263;0,9508;0,9373;0,9241;0,9846;0,8714
sum;psi_15;5;5;all;1-50;all;51-100;2000;TRUE;0,864;0,9019;;;;;;0,883;0,8955;0,8992;0,9023;0,9194;0,9128;0,9429;0,8211
sum;psi_15;6;6;all;1-50;all;51-100;2000;TRUE;0,8916;0,9284;;;;;;0,9031;0,9319;0,9338;0,9297;0,9356;0,9193;0,97;0,8677
sum;psi_15;7;7;all;1-50;all;51-100;2000;TRUE;0,8338;0,8943;;;;;;0,8571;0,9068;0,8792;0,9043;0,9109;0,9049;0,9437;0,7881
sum;psi_16;2;2;all;1-50;all;51-100;2000;TRUE;0,919;0,9281;;;;;;0,9161;0,9411;0,9169;0,9199;0,9426;0,9847;0,8915;0,9012
sum;psi_16;3;3;all;1-50;all;51-100;2000;TRUE;0,9886;0,9875;;;;;;0,9716;0,9933;0,9978;0,9789;0,9926;0,9939;0,9874;0,9822
sum;psi_16;4;4;all;1-50;all;51-100;2000;TRUE;0,9961;0,9913;;;;;;0,9882;0,9949;0,9924;0,9852;0,9954;0,997;0,9957;0,985
sum;psi_16;5;5;all;1-50;all;51-100;2000;TRUE;0,8305;0,8737;;;;;;0,8606;0,8796;0,8601;0,8867;0,8768;0,9631;0,8931;0,7322
sum;psi_16;6;6;all;1-50;all;51-100;2000;TRUE;0,9654;0,9757;;;;;;0,9569;0,9764;0,9898;0,9613;0,988;0,9903;0,9862;0,9427
mean;psi_1;2;2;all;1-50;all;51-100;143;TRUE;1;1;;;;;;1;1;1;1;1;1;1;1
mean;psi_1;7;7;all;1-50;all;51-100;217;TRUE;1;0,9997;;;;;;0,9994;0,9995;1;1;0,9996;1;1;0,9994
mean;psi_1;3;3;all;1-50;all;51-100;65;TRUE;1;1;;;;;;1;1;1;1;1;1;1;1
mean;psi_1;10;10;all;1-50;all;51-100;2000;TRUE;0,6098;0,5936;;;;;;0,5735;0,6009;0,6006;0,5885;0,5996;0,4998;0,7908;0,5025
mean;psi_1;4;4;all;1-50;all;51-100;116;TRUE;1;1;;;;;;1;1;1;1;1;1;1;1
mean;psi_1;13;13;all;1-50;all;51-100;1099;TRUE;0,9997;1;;;;;;1;1;1;1;1;1;1;0,9998
mean;psi_2;2;2;all;1-50;all;51-100;2000;TRUE;0,9961;0,987;;;;;;0,9864;0,9836;0,9884;0,9883;0,9873;0,9802;1;0,9878
mean;psi_2;7;7;all;1-50;all;51-100;2000;TRUE;0,9997;0,9974;;;;;;0,9982;0,998;0,996;0,9984;0,9968;0,996;1;0,998
mean;psi_2;3;3;all;1-50;all;51-100;2000;TRUE;0,7466;0,8168;;;;;;0,7998;0,8253;0,7743;0,8441;0,8303;0,8938;0,8085;0,6946
mean;psi_2;10;10;all;1-50;all;51-100;745;TRUE;0,9997;0,9996;;;;;;1;1;0,9991;0,9996;0,9996;0,9992;1;0,9998
mean;psi_2;4;4;all;1-50;all;51-100;2000;TRUE;0,9997;0,9989;;;;;;0,9988;0,999;0,9987;0,9988;0,9993;0,9982;1;0,9992
mean;psi_2;13;13;all;1-50;all;51-100;2000;TRUE;0,7474;0,8081;;;;;;0,7844;0,8038;0,773;0,8277;0,8352;0,9457;0,6137;0,8187
mean;psi_2;5;5;all;1-50;all;51-100;2000;TRUE;0,9997;0,9989;;;;;;0,9994;0,9985;0,9987;0,9992;0,9989;0,998;1;0,9994
mean;psi_2;16;16;all;1-50;all;51-100;2000;TRUE;0,7474;0,8081;;;;;;0,7844;0,8038;0,773;0,8277;0,8352;0,9457;0,6137;0,8187
mean;psi_3;2;2;all;1-50;all;51-100;2000;TRUE;0,9626;0,9824;;;;;;0,987;0,98;0,9791;0,9883;0,9785;0,9836;1;0,9484
mean;psi_3;7;7;all;1-50;all;51-100;2000;TRUE;0,9626;0,9824;;;;;;0,987;0,98;0,9791;0,9883;0,9785;0,9836;1;0,9484
mean;psi_3;3;3;all;1-50;all;51-100;2000;TRUE;0,9626;0,9824;;;;;;0,987;0,98;0,9791;0,9883;0,9785;0,9836;1;0,9484
mean;psi_3;10;10;all;1-50;all;51-100;2000;TRUE;0,9626;0,9824;;;;;;0,987;0,98;0,9791;0,9883;0,9785;0,9836;1;0,9484
mean;psi_3;4;4;all;1-50;all;51-100;2000;TRUE;0,9889;0,9972;;;;;;0,9965;0,998;0,9978;1;0,994;0,9923;1;0,9929
mean;psi_3;13;13;all;1-50;all;51-100;2000;TRUE;0,999;0,9987;;;;;;0,9976;1;0,9982;1;0,9975;0,9984;1;0,9978
mean;psi_3;5;5;all;1-50;all;51-100;2000;TRUE;0,9889;0,996;;;;;;0,9953;0,9944;0,9978;0,9992;0,9933;0,9929;1;0,9897
mean;psi_3;16;16;all;1-50;all;51-100;2000;TRUE;0,9659;0,9838;;;;;;0,9894;0,9816;0,9809;0,9879;0,9806;0,9859;1;0,9518
mean;psi_3;6;6;all;1-50;all;51-100;2000;TRUE;0,9843;0,9948;;;;;;0,9935;0,9913;0,9973;0,9996;0,9915;0,9905;1;0,9858
mean;psi_3;19;19;all;1-50;all;51-100;714;TRUE;0,9997;0,999;;;;;;0,9994;1;0,9987;1;0,9975;0,9996;1;0,998
mean;psi_4;2;2;all;1-50;all;51-100;2000;TRUE;0,9246;0,9487;;;;;;0,9398;0,9344;0,9538;0,9469;0,9616;0,9235;0,97;0,9342
mean;psi_4;7;7;all;1-50;all;51-100;2000;TRUE;0,9254;0,9496;;;;;;0,9427;0,9293;0,952;0,948;0,9673;0,9231;0,9684;0,9388
mean;psi_4;3;3;all;1-50;all;51-100;2000;TRUE;0,9133;0,93;;;;;;0,9333;0,916;0,9405;0,9207;0,9377;0,911;0,9468;0,9192
mean;psi_4;10;10;all;1-50;all;51-100;2000;TRUE;0,8723;0,8992;;;;;;0,8984;0,8883;0,9103;0,8945;0,9025;0,9223;0,8356;0,919
mean;psi_4;4;4;all;1-50;all;51-100;2000;TRUE;0,993;0,9788;;;;;;0,9776;0,9713;0,9791;0,9726;0,9901;0,952;1;0,9953
mean;psi_4;13;13;all;1-50;all;51-100;2000;TRUE;0,9961;0,9872;;;;;;0,9953;0,9913;0,9791;0,9785;0,9937;0,9768;1;0,9915
mean;psi_4;5;5;all;1-50;all;51-100;2000;TRUE;0,8862;0,9147;;;;;;0,912;0,9032;0,9271;0,9101;0,9183;0,9209;0,886;0,9153
mean;psi_4;16;16;all;1-50;all;51-100;2000;TRUE;0,9347;0,9538;;;;;;0,9468;0,9436;0,9578;0,9512;0,9641;0,9235;0,9949;0,9283
mean;psi_4;6;6;all;1-50;all;51-100;2000;TRUE;0,9964;0,978;;;;;;0,9805;0,9708;0,9822;0,9664;0,9887;0,9612;1;0,987
mean;psi_4;19;19;all;1-50;all;51-100;2000;TRUE;0,8723;0,8992;;;;;;0,8984;0,8883;0,9103;0,8945;0,9025;0,9223;0,8356;0,919
mean;psi_5;2;2;all;1-50;all;51-100;2000;TRUE;0,9729;0,9859;;;;;;0,9817;0,9882;0,984;0,9898;0,9849;0,9946;1;0,9532
mean;psi_5;7;7;all;1-50;all;51-100;1586;TRUE;0,9997;0,9999;;;;;;1;1;1;1;0,9996;1;1;0,9996
mean;psi_5;3;3;all;1-50;all;51-100;2000;TRUE;0,9729;0,9859;;;;;;0,9817;0,9882;0,984;0,9898;0,9849;0,9946;1;0,9532
mean;psi_5;10;10;all;1-50;all;51-100;458;TRUE;0,9995;1;;;;;;1;1;1;1;1;0,9998;1;0,9998
mean;psi_5;4;4;all;1-50;all;51-100;1354;TRUE;1;1;;;;;;1;1;1;1;1;1;1;1
mean;psi_5;13;13;all;1-50;all;51-100;387;TRUE;1;1;;;;;;1;1;1;1;1;1;1;1
mean;psi_5;5;5;all;1-50;all;51-100;1300;TRUE;0,9997;1;;;;;;1;1;1;1;1;0,9998;1;1
mean;psi_5;16;16;all;1-50;all;51-100;873;TRUE;0,9997;1;;;;;;1;1;1;1;1;0,9998;1;1
mean;psi_5;6;6;all;1-50;all;51-100;465;TRUE;1;0,9993;;;;;;0,9988;1;0,9996;0,9992;0,9989;1;1;0,9984
mean;psi_5;19;19;all;1-50;all;51-100;230;TRUE;1;1;;;;;;1;1;1;1;1;1;1;1
mean;psi_6;2;2;all;1-50;all;51-100;2000;TRUE;0,8975;0,9412;;;;;;0,9096;0,9365;0,9462;0,9527;0,9489;0,9386;0,9336;0,918
mean;psi_6;7;7;all;1-50;all;51-100;2000;TRUE;0,9215;0,9541;;;;;;0,9232;0,9483;0,9578;0,964;0,9644;0,9469;0,947;0,9433
mean;psi_6;3;3;all;1-50;all;51-100;2000;TRUE;0,8926;0,93;;;;;;0,8913;0,9232;0,9334;0,9441;0,9423;0,9386;0,9087;0,9141
mean;psi_6;10;10;all;1-50;all;51-100;2000;TRUE;0,8926;0,9303;;;;;;0,8925;0,9237;0,9334;0,9445;0,9423;0,9386;0,9087;0,9149
mean;psi_6;4;4;all;1-50;all;51-100;2000;TRUE;0,8926;0,93;;;;;;0,8913;0,9232;0,9334;0,9441;0,9423;0,9386;0,9087;0,9141
mean;psi_6;13;13;all;1-50;all;51-100;2000;TRUE;0,9902;0,9866;;;;;;0,9841;0,9887;0,9818;0,9902;0,9873;0,9887;1;0,9739
mean;psi_6;5;5;all;1-50;all;51-100;2000;TRUE;0,9959;0,9904;;;;;;0,9811;0,9882;0,9911;0,9945;0,9933;0,9826;1;0,9929
mean;psi_6;16;16;all;1-50;all;51-100;2000;TRUE;0,8926;0,93;;;;;;0,8913;0,9232;0,9334;0,9441;0,9423;0,9386;0,9087;0,9141
mean;psi_6;6;6;all;1-50;all;51-100;2000;TRUE;0,9507;0,9715;;;;;;0,9386;0,9677;0,9747;0,9809;0,9827;0,9501;0,9994;0,949
mean;psi_6;19;19;all;1-50;all;51-100;2000;TRUE;0,9608;0,9739;;;;;;0,9533;0,9744;0,976;0,9824;0,9764;0,9594;1;0,9522
mean;psi_7;6;6;all;1-50;all;51-100;2000;TRUE;0,9649;0,7943;;;;;;0,9179;0,8069;0,8583;0,6186;0,8197;0,7033;0,9933;0,8167
mean;psi_7;19;19;all;1-50;all;51-100;2000;TRUE;0,5745;0,5547;;;;;;0,482;0,5143;0,4953;0,6823;0,5577;0,4499;0,686;0,543
mean;psi_7;7;7;all;1-50;all;51-100;2000;TRUE;0,945;0,8002;;;;;;0,9179;0,8279;0,8485;0,6424;0,8148;0,6992;0,9901;0,8218
mean;psi_7;22;22;all;1-50;all;51-100;2000;TRUE;0,4075;0,5413;;;;;;0,4105;0,5072;0,4936;0,6788;0,5567;0,3308;0,686;0,504
mean;psi_7;8;8;all;1-50;all;51-100;2000;TRUE;0,3961;0,5364;;;;;;0,4046;0,498;0,4904;0,6757;0,5525;0,3264;0,686;0,4888
mean;psi_7;25;25;all;1-50;all;51-100;2000;TRUE;0,7977;0,7612;;;;;;0,7419;0,8284;0,7757;0,6964;0,7736;0,7622;0,7947;0,7547
mean;psi_7;9;9;all;1-50;all;51-100;2000;TRUE;0,3961;0,5364;;;;;;0,4046;0,498;0,4904;0,6757;0,5525;0,3264;0,686;0,4888
mean;psi_7;28;28;all;1-50;all;51-100;2000;TRUE;0,8898;0,7397;;;;;;0,8458;0,7777;0,7845;0,5815;0,7574;0,6984;0,8216;0,8139
mean;psi_7;10;10;all;1-50;all;51-100;2000;TRUE;0,855;0,8245;;;;;;0,8541;0,8279;0,8125;0,7597;0,8725;0,7554;0,9759;0,7654
mean;psi_7;31;31;all;1-50;all;51-100;2000;TRUE;0,8919;0,736;;;;;;0,8529;0,7756;0,7854;0,5741;0,7458;0,7002;0,8143;0,8128
mean;psi_8;6;6;all;1-50;all;51-100;2000;TRUE;0,9128;0,9611;;;;;;0,9468;0,9636;0,9676;0,9758;0,9496;0,9608;1;0,8856
mean;psi_8;19;19;all;1-50;all;51-100;1407;TRUE;0,9972;0,999;;;;;;0,9994;0,9985;0,9987;1;0,9986;0,9978;1;0,9978
mean;psi_8;7;7;all;1-50;all;51-100;2000;TRUE;0,9752;0,9948;;;;;;0,9911;0,9954;0,9947;0,9953;0,9961;0,9826;1;0,9868
mean;psi_8;22;22;all;1-50;all;51-100;847;TRUE;0,9995;0,9972;;;;;;0,9982;0,999;0,996;0,9969;0,9965;0,9994;1;0,9939
mean;psi_8;8;8;all;1-50;all;51-100;2000;TRUE;0,9128;0,9611;;;;;;0,9468;0,9636;0,9676;0,9758;0,9496;0,9608;1;0,8856
mean;psi_8;25;25;all;1-50;all;51-100;820;TRUE;0,9987;0,9993;;;;;;0,9994;0,9985;1;0,9984;1;0,9988;1;0,9986
mean;psi_8;9;9;all;1-50;all;51-100;2000;TRUE;0,9128;0,9611;;;;;;0,9468;0,9636;0,9676;0,9758;0,9496;0,9608;1;0,8856
mean;psi_8;28;28;all;1-50;all;51-100;716;TRUE;0,9714;0,9987;;;;;;0,9929;1;0,9996;0,9996;0,9996;0,9792;1;0,9959
mean;psi_8;10;10;all;1-50;all;51-100;2000;TRUE;0,985;0,9982;;;;;;0,9947;1;0,9996;0,9996;0,9968;0,9873;1;0,9972
mean;psi_8;31;31;all;1-50;all;51-100;811;TRUE;0,9969;1;;;;;;1;1;1;1;1;0,9976;1;1
mean;psi_9;2;2;all;1-50;all;51-100;2000;TRUE;0,8692;0,6632;;;;;;0,7307;0,7039;0,6526;0,6522;0,6134;0,3971;0,9642;0,7851
mean;psi_9;7;7;all;1-50;all;51-100;2000;TRUE;0,8692;0,6632;;;;;;0,7307;0,7039;0,6526;0,6522;0,6134;0,3971;0,9642;0,7851
mean;psi_9;3;3;all;1-50;all;51-100;2000;TRUE;0,8692;0,6632;;;;;;0,7307;0,7039;0,6526;0,6522;0,6134;0,3971;0,9642;0,7851
mean;psi_9;10;10;all;1-50;all;51-100;2000;TRUE;0,8692;0,6632;;;;;;0,7307;0,7039;0,6526;0,6522;0,6134;0,3971;0,9642;0,7851
mean;psi_9;4;4;all;1-50;all;51-100;2000;TRUE;0,8692;0,6632;;;;;;0,7307;0,7039;0,6526;0,6522;0,6134;0,3971;0,9642;0,7851
mean;psi_9;13;13;all;1-50;all;51-100;2000;TRUE;0,8692;0,6632;;;;;;0,7307;0,7039;0,6526;0,6522;0,6134;0,3971;0,9642;0,7851
mean;psi_9;5;5;all;1-50;all;51-100;2000;TRUE;0,8692;0,6632;;;;;;0,7307;0,7039;0,6526;0,6522;0,6134;0,3971;0,9642;0,7851
mean;psi_9;16;16;all;1-50;all;51-100;2000;TRUE;0,8975;0,812;;;;;;0,8263;0,8407;0,8068;0,8007;0,7982;0,7083;0,9636;0,8294
mean;psi_10;2;2;all;1-50;all;51-100;2000;TRUE;0,9221;0,8942;;;;;;0,8807;0,8899;0,9;0,8914;0,9032;0,8147;0,9796;0,9093
mean;psi_10;7;7;all;1-50;all;51-100;2000;TRUE;0,9221;0,8942;;;;;;0,8807;0,8899;0,9;0,8914;0,9032;0,8147;0,9796;0,9093
mean;psi_10;3;3;all;1-50;all;51-100;2000;TRUE;0,9221;0,8942;;;;;;0,8807;0,8899;0,9;0,8914;0,9032;0,8147;0,9796;0,9093
mean;psi_10;10;10;all;1-50;all;51-100;2000;TRUE;0,9221;0,8942;;;;;;0,8807;0,8899;0,9;0,8914;0,9032;0,8147;0,9796;0,9093
mean;psi_10;4;4;all;1-50;all;51-100;2000;TRUE;0,9221;0,8942;;;;;;0,8807;0,8899;0,9;0,8914;0,9032;0,8147;0,9796;0,9093
mean;psi_10;13;13;all;1-50;all;51-100;2000;TRUE;0,9221;0,8942;;;;;;0,8807;0,8899;0,9;0,8914;0,9032;0,8147;0,9796;0,9093
mean;psi_10;5;5;all;1-50;all;51-100;2000;TRUE;0,9221;0,8942;;;;;;0,8807;0,8899;0,9;0,8914;0,9032;0,8147;0,9796;0,9093
mean;psi_10;16;16;all;1-50;all;51-100;2000;TRUE;0,9221;0,8942;;;;;;0,8807;0,8899;0,9;0,8914;0,9032;0,8147;0,9796;0,9093
mean;psi_11;2;2;all;1-50;all;51-100;2000;TRUE;0,6526;0,6858;;;;;;0,6308;0,6434;0,6864;0,669;0,7623;0,6268;0,7246;0,6804
mean;psi_11;7;7;all;1-50;all;51-100;2000;TRUE;0,855;0,8934;;;;;;0,9161;0,8822;0,936;0,8816;0,8644;0,9614;0,9075;0,7821
mean;psi_11;3;3;all;1-50;all;51-100;2000;TRUE;0,7419;0,8178;;;;;;0,8328;0,8207;0,8503;0,8077;0,7901;0,9501;0,7115;0,7341
mean;psi_11;10;10;all;1-50;all;51-100;2000;TRUE;0,9053;0,9046;;;;;;0,9203;0,8811;0,9218;0,9101;0,893;0,9748;0,9121;0,8278
mean;psi_11;4;4;all;1-50;all;51-100;2000;TRUE;0,801;0,8556;;;;;;0,8724;0,8489;0,8832;0,8394;0,843;0,9509;0,8089;0,7656
mean;psi_11;13;13;all;1-50;all;51-100;2000;TRUE;0,8911;0,8744;;;;;;0,8949;0,8724;0,8743;0,8699;0,8676;0,976;0,8656;0,7946
mean;psi_11;5;5;all;1-50;all;51-100;2000;TRUE;0,8581;0,8685;;;;;;0,9008;0,8832;0,8636;0,8613;0,8496;0,974;0,8354;0,7885
mean;psi_11;16;16;all;1-50;all;51-100;2000;TRUE;0,8188;0,8976;;;;;;0,8801;0,9083;0,9085;0,8964;0,893;0,9677;0,8698;0,7952
mean;psi_11;6;6;all;1-50;all;51-100;2000;TRUE;0,8317;0,8573;;;;;;0,8742;0,8571;0,8605;0,8601;0,8423;0,9639;0,8135;0,7752
mean;psi_11;19;19;all;1-50;all;51-100;2000;TRUE;0,6617;0,8218;;;;;;0,7767;0,8648;0,8303;0,8316;0,8035;0,8635;0,8613;0,6182
mean;psi_12;2;2;all;1-50;all;51-100;2000;TRUE;0,6617;0,6819;;;;;;0,6308;0,6429;0,6881;0,6655;0,7489;0,6902;0,6803;0,6597
mean;psi_12;7;7;all;1-50;all;51-100;2000;TRUE;0,8457;0,8629;;;;;;0,8482;0,8596;0,8507;0,8601;0,8859;0,9384;0,8969;0,7405
mean;psi_12;3;3;all;1-50;all;51-100;2000;TRUE;0,5301;0,4072;;;;;;0,4182;0,4206;0,4389;0,3841;0,387;0,0939;0,7062;0,5145
mean;psi_12;10;10;all;1-50;all;51-100;2000;TRUE;0,8952;0,9201;;;;;;0,9019;0,9216;0,9178;0,923;0,9289;0,9512;0,9267;0,8633
mean;psi_12;4;4;all;1-50;all;51-100;2000;TRUE;0,8206;0,826;;;;;;0,824;0,7987;0,8232;0,8046;0,8676;0,8276;0,8757;0,7707
mean;psi_12;13;13;all;1-50;all;51-100;2000;TRUE;0,8823;0,8987;;;;;;0,8677;0,9006;0,8769;0,9215;0,9127;0,9548;0,9245;0,8045
mean;psi_12;5;5;all;1-50;all;51-100;2000;TRUE;0,5886;0,4568;;;;;;0,4767;0,4764;0,4687;0,4322;0,4444;0,0999;0,8834;0,4871
mean;psi_12;16;16;all;1-50;all;51-100;2000;TRUE;0,8023;0,8574;;;;;;0,8175;0,876;0,861;0,8554;0,8673;0,9384;0,8567;0,7351
mean;psi_13;2;2;all;1-50;all;51-100;2000;TRUE;0,9995;0,9933;;;;;;1;0,9969;0,9947;0,9902;0,9884;0,9859;1;0,9986
mean;psi_13;7;7;all;1-50;all;51-100;2000;TRUE;0,9995;0,9986;;;;;;1;1;0,9987;0,9984;0,9968;0,9972;1;0,9992
mean;psi_13;3;3;all;1-50;all;51-100;2000;TRUE;0,4983;0,5072;;;;;;0,469;0,4969;0,4691;0,5557;0,5236;0,4364;0,5866;0,4916
mean;psi_13;10;10;all;1-50;all;51-100;792;TRUE;0,9995;0,9914;;;;;;0,9947;0,9959;0,9924;0,9898;0,987;0,9832;1;0,9972
mean;psi_13;4;4;all;1-50;all;51-100;2000;TRUE;0,9997;0,9993;;;;;;1;1;0,9991;0,9992;0,9986;0,999;1;0,9992
mean;psi_13;13;13;all;1-50;all;51-100;2000;TRUE;0,4983;0,5072;;;;;;0,469;0,4969;0,4691;0,5557;0,5236;0,4364;0,5866;0,4916
mean;psi_13;5;5;all;1-50;all;51-100;921;TRUE;1;0,995;;;;;;1;0,9974;0,9951;0,993;0,9923;0,9897;1;0,9992
mean;psi_13;16;16;all;1-50;all;51-100;2000;TRUE;0,9858;0,9608;;;;;;0,9787;0,9744;0,9618;0,9496;0,95;0,9239;1;0,9775
mean;psi_14;2;2;all;1-50;all;51-100;491;TRUE;1;1;;;;;;1;1;1;1;1;1;1;1
mean;psi_14;7;7;all;1-50;all;51-100;635;TRUE;1;0,9986;;;;;;0,9994;0,999;0,9996;0,9965;0,9989;0,9996;1;0,9972
mean;psi_14;3;3;all;1-50;all;51-100;2000;TRUE;0,9373;0,9628;;;;;;0,9516;0,9647;0,9671;0,9594;0,968;0,9905;0,9255;0,953
mean;psi_14;10;10;all;1-50;all;51-100;1642;TRUE;1;0,9996;;;;;;1;0,9995;1;0,9992;0,9996;0,9998;1;0,9994
mean;psi_14;4;4;all;1-50;all;51-100;1703;TRUE;0,9995;1;;;;;;1;1;1;1;1;1;1;0,9996
mean;psi_14;13;13;all;1-50;all;51-100;785;TRUE;0,9997;0,9995;;;;;;1;1;1;0,9992;0,9986;0,9996;1;0,999
mean;psi_14;5;5;all;1-50;all;51-100;999;TRUE;0,9997;0,9996;;;;;;0,9994;0,9995;1;0,9996;0,9996;1;1;0,999
mean;psi_14;16;16;all;1-50;all;51-100;2000;TRUE;0,961;0,9766;;;;;;0,9764;0,9769;0,9778;0,9726;0,9792;0,9933;0,9496;0,9751
mean;psi_15;3;3;all;1-50;all;51-100;2000;TRUE;0,6841;0,6534;;;;;;0,6308;0,6706;0,6917;0,6534;0,6246;0,4524;0,9119;0,6188
mean;psi_15;10;10;all;1-50;all;51-100;2000;TRUE;0,5959;0,4641;;;;;;0,495;0,4718;0,4993;0,4279;0,4451;0,1508;0,7959;0,5455
mean;psi_15;4;4;all;1-50;all;51-100;2000;TRUE;0,4751;0,5793;;;;;;0,5375;0,5651;0,5753;0,594;0,6039;0,8702;0,2041;0,5846
mean;psi_15;13;13;all;1-50;all;51-100;2000;TRUE;0,8557;0,8981;;;;;;0,8695;0,9068;0,9094;0,9019;0,8968;0,9086;0,9376;0,8157
mean;psi_15;5;5;all;1-50;all;51-100;2000;TRUE;0,5959;0,4641;;;;;;0,495;0,4718;0,4993;0,4279;0,4451;0,1508;0,7959;0,5455
mean;psi_15;16;16;all;1-50;all;51-100;2000;TRUE;0,8619;0,8711;;;;;;0,8594;0,8786;0,8796;0,8765;0,8613;0,8212;0,9802;0,8047
mean;psi_15;6;6;all;1-50;all;51-100;1176;TRUE;0,9997;0,9967;;;;;;0,9965;0,998;0,9956;0,9977;0,9961;0,9948;1;0,9976
mean;psi_15;19;19;all;1-50;all;51-100;2000;TRUE;0,8503;0,8983;;;;;;0,8653;0,8873;0,9138;0,8957;0,9155;0,9075;0,9585;0,7922
mean;psi_15;7;7;all;1-50;all;51-100;2000;TRUE;0,9995;0,9954;;;;;;0,9965;0,9949;0,9942;0,9965;0,9951;0,9927;1;0,9966
mean;psi_15;22;22;all;1-50;all;51-100;2000;TRUE;0,7752;0,8753;;;;;;0,8039;0,894;0,8947;0,8859;0,8803;0,8543;0,983;0,712
mean;psi_16;2;2;all;1-50;all;51-100;2000;TRUE;0,7303;0,778;;;;;;0,7696;0,7838;0,765;0,787;0,781;0,9631;0,5957;0,7391
mean;psi_16;7;7;all;1-50;all;51-100;2000;TRUE;0,991;0,9903;;;;;;0,9787;0,9949;0,9973;0,9844;0,994;0,9962;0,9879;0,9874
mean;psi_16;3;3;all;1-50;all;51-100;2000;TRUE;0,9848;0,9865;;;;;;0,9776;0,9928;0,9924;0,9801;0,9884;0,9943;0,9804;0,9834
mean;psi_16;10;10;all;1-50;all;51-100;2000;TRUE;0,9938;0,9922;;;;;;0,987;0,9959;0,9973;0,9879;0,9926;0,9966;0,9933;0,988
mean;psi_16;4;4;all;1-50;all;51-100;2000;TRUE;0,9917;0,991;;;;;;0,9799;0,9944;0,9982;0,984;0,9958;0,9974;0,9864;0,9897
mean;psi_16;13;13;all;1-50;all;51-100;2000;TRUE;0,9933;0,9938;;;;;;0,9917;0,9928;0,996;0,993;0,9947;0,9958;0,9988;0,9864
mean;psi_16;5;5;all;1-50;all;51-100;2000;TRUE;0,9925;0,9904;;;;;;0,9811;0,9944;0,9987;0,9816;0,9947;0,995;0,9874;0,9905
mean;psi_16;16;16;all;1-50;all;51-100;2000;TRUE;0,9298;0,9589;;;;;;0,935;0,9559;0,9747;0,9562;0,9651;0,9818;0,9943;0,8785
mean;psi_16;6;6;all;1-50;all;51-100;2000;TRUE;0,7303;0,778;;;;;;0,7696;0,7838;0,765;0,787;0,781;0,9631;0,5957;0,7391
mean;psi_16;19;19;all;1-50;all;51-100;2000;TRUE;0,9246;0,957;;;;;;0,9309;0,9529;0,9773;0,9394;0,975;0,9824;0,9854;0,8785
